-- MySQL dump 10.13  Distrib 5.6.17, for Win64 (x86_64)
--
-- Host: 127.0.0.1    Database: ucesudsm_qab
-- ------------------------------------------------------
-- Server version	5.6.17

/*!40101 SET @OLD_CHARACTER_SET_CLIENT=@@CHARACTER_SET_CLIENT */;
/*!40101 SET @OLD_CHARACTER_SET_RESULTS=@@CHARACTER_SET_RESULTS */;
/*!40101 SET @OLD_COLLATION_CONNECTION=@@COLLATION_CONNECTION */;
/*!40101 SET NAMES utf8 */;
/*!40103 SET @OLD_TIME_ZONE=@@TIME_ZONE */;
/*!40103 SET TIME_ZONE='+00:00' */;
/*!40014 SET @OLD_UNIQUE_CHECKS=@@UNIQUE_CHECKS, UNIQUE_CHECKS=0 */;
/*!40014 SET @OLD_FOREIGN_KEY_CHECKS=@@FOREIGN_KEY_CHECKS, FOREIGN_KEY_CHECKS=0 */;
/*!40101 SET @OLD_SQL_MODE=@@SQL_MODE, SQL_MODE='NO_AUTO_VALUE_ON_ZERO' */;
/*!40111 SET @OLD_SQL_NOTES=@@SQL_NOTES, SQL_NOTES=0 */;

--
-- Table structure for table `assessment_details`
--

DROP TABLE IF EXISTS `assessment_details`;
/*!40101 SET @saved_cs_client     = @@character_set_client */;
/*!40101 SET character_set_client = utf8 */;
CREATE TABLE `assessment_details` (
  `id` int(10) unsigned NOT NULL AUTO_INCREMENT,
  `academic_year` varchar(255) COLLATE utf8_unicode_ci NOT NULL,
  `semester` int(11) NOT NULL,
  `semester_date` date NOT NULL,
  `current_week` varchar(255) COLLATE utf8_unicode_ci NOT NULL,
  `created_at` timestamp NOT NULL DEFAULT '0000-00-00 00:00:00',
  `updated_at` timestamp NOT NULL DEFAULT '0000-00-00 00:00:00',
  PRIMARY KEY (`id`)
) ENGINE=InnoDB AUTO_INCREMENT=2 DEFAULT CHARSET=utf8 COLLATE=utf8_unicode_ci;
/*!40101 SET character_set_client = @saved_cs_client */;

--
-- Dumping data for table `assessment_details`
--

LOCK TABLES `assessment_details` WRITE;
/*!40000 ALTER TABLE `assessment_details` DISABLE KEYS */;
INSERT INTO `assessment_details` VALUES (1,'2014/15',2,'2014-03-10','16','2015-10-15 12:06:56','2015-11-08 07:46:12');
/*!40000 ALTER TABLE `assessment_details` ENABLE KEYS */;
UNLOCK TABLES;

--
-- Table structure for table `assessment_questions`
--

DROP TABLE IF EXISTS `assessment_questions`;
/*!40101 SET @saved_cs_client     = @@character_set_client */;
/*!40101 SET character_set_client = utf8 */;
CREATE TABLE `assessment_questions` (
  `id` int(10) unsigned NOT NULL AUTO_INCREMENT,
  `question` varchar(255) COLLATE utf8_unicode_ci NOT NULL,
  `academic_year` varchar(255) COLLATE utf8_unicode_ci NOT NULL,
  `section` varchar(1) COLLATE utf8_unicode_ci NOT NULL,
  `week` int(11) NOT NULL,
  `semister` varchar(255) COLLATE utf8_unicode_ci NOT NULL,
  `data_type` varchar(255) COLLATE utf8_unicode_ci NOT NULL,
  `created_at` timestamp NOT NULL DEFAULT '0000-00-00 00:00:00',
  `updated_at` timestamp NOT NULL DEFAULT '0000-00-00 00:00:00',
  PRIMARY KEY (`id`),
  UNIQUE KEY `assessment_questions_question_academic_year_week_semister_unique` (`question`,`academic_year`,`week`,`semister`)
) ENGINE=InnoDB AUTO_INCREMENT=121 DEFAULT CHARSET=utf8 COLLATE=utf8_unicode_ci;
/*!40101 SET character_set_client = @saved_cs_client */;

--
-- Dumping data for table `assessment_questions`
--

LOCK TABLES `assessment_questions` WRITE;
/*!40000 ALTER TABLE `assessment_questions` DISABLE KEYS */;
INSERT INTO `assessment_questions` VALUES (1,'Instructor’s preparedness on the subject matter','2014/15','A',6,'2','integer','2015-10-15 13:50:24','2015-10-15 13:50:24'),(2,'Instructor’s preparedness on the subject matter','2014/15','A',10,'2','integer','2015-10-15 13:50:25','2015-10-15 13:50:25'),(3,'Instructor’s preparedness on the subject matter','2014/15','A',14,'2','integer','2015-10-15 13:50:25','2015-10-15 13:50:25'),(4,'Instructor’s possession of up-to-date skills and knowledge in the subject matter','2014/15','A',6,'2','integer','2015-10-15 13:50:25','2015-10-15 13:50:25'),(5,'Instructor’s possession of up-to-date skills and knowledge in the subject matter','2014/15','A',10,'2','integer','2015-10-15 13:50:25','2015-10-15 13:50:25'),(6,'Instructor’s possession of up-to-date skills and knowledge in the subject matter','2014/15','A',14,'2','integer','2015-10-15 13:50:25','2015-10-15 13:50:25'),(7,'Instructor’s mode of delivery of the subject matter (techniques and styles)','2014/15','A',6,'2','integer','2015-10-15 13:50:25','2015-10-15 13:50:25'),(8,'Instructor’s mode of delivery of the subject matter (techniques and styles)','2014/15','A',10,'2','integer','2015-10-15 13:50:25','2015-10-15 13:50:25'),(9,'Instructor’s mode of delivery of the subject matter (techniques and styles)','2014/15','A',14,'2','integer','2015-10-15 13:50:25','2015-10-15 13:50:25'),(10,'Instructor’s fairness in grading of assignments and tests against marking scheme','2014/15','A',6,'2','integer','2015-10-15 13:50:25','2015-10-15 13:50:25'),(11,'Instructor’s fairness in grading of assignments and tests against marking scheme','2014/15','A',10,'2','integer','2015-10-15 13:50:25','2015-10-15 13:50:25'),(12,'Instructor’s fairness in grading of assignments and tests against marking scheme','2014/15','A',14,'2','integer','2015-10-15 13:50:25','2015-10-15 13:50:25'),(13,'Instructor’s capacity to provide timely feedback on assignments and tests','2014/15','A',6,'2','integer','2015-10-15 13:50:25','2015-10-15 13:50:25'),(14,'Instructor’s capacity to provide timely feedback on assignments and tests','2014/15','A',10,'2','integer','2015-10-15 13:50:25','2015-10-15 13:50:25'),(15,'Instructor’s capacity to provide timely feedback on assignments and tests','2014/15','A',14,'2','integer','2015-10-15 13:50:25','2015-10-15 13:50:25'),(16,'Instructor’s attendance in the class','2014/15','A',6,'2','integer','2015-10-15 13:50:25','2015-10-15 13:50:25'),(17,'Instructor’s attendance in the class','2014/15','A',10,'2','integer','2015-10-15 13:50:25','2015-10-15 13:50:25'),(18,'Instructor’s attendance in the class','2014/15','A',14,'2','integer','2015-10-15 13:50:25','2015-10-15 13:50:25'),(19,'Instructor’s availability for consultations','2014/15','A',6,'2','integer','2015-10-15 13:50:26','2015-10-15 13:50:26'),(20,'Instructor’s availability for consultations','2014/15','A',10,'2','integer','2015-10-15 13:50:26','2015-10-15 13:50:26'),(21,'Instructor’s availability for consultations','2014/15','A',14,'2','integer','2015-10-15 13:50:26','2015-10-15 13:50:26'),(22,'Manner in which the Instructor interacts with students','2014/15','A',6,'2','integer','2015-10-15 13:50:26','2015-10-15 13:50:26'),(23,'Manner in which the Instructor interacts with students','2014/15','A',10,'2','integer','2015-10-15 13:50:26','2015-10-15 13:50:26'),(24,'Manner in which the Instructor interacts with students','2014/15','A',14,'2','integer','2015-10-15 13:50:26','2015-10-15 13:50:26'),(25,'Adequacy of Instructor’s guidance on learning materials','2014/15','A',6,'2','integer','2015-10-15 13:50:26','2015-10-15 13:50:26'),(26,'Adequacy of Instructor’s guidance on learning materials','2014/15','A',10,'2','integer','2015-10-15 13:50:26','2015-10-15 13:50:26'),(27,'Adequacy of Instructor’s guidance on learning materials','2014/15','A',14,'2','integer','2015-10-15 13:50:26','2015-10-15 13:50:26'),(28,'Extent to which the Instructor relates the course to your area of study','2014/15','A',6,'2','integer','2015-10-15 13:50:26','2015-10-15 13:50:26'),(29,'Extent to which the Instructor relates the course to your area of study','2014/15','A',10,'2','integer','2015-10-15 13:50:26','2015-10-15 13:50:26'),(30,'Extent to which the Instructor relates the course to your area of study','2014/15','A',14,'2','integer','2015-10-15 13:50:26','2015-10-15 13:50:26'),(31,'Please give additional comments, if any, on the Instructor','2014/15','A',6,'2','string','2015-10-15 13:50:26','2015-10-15 13:50:26'),(32,'Please give additional comments, if any, on the Instructor','2014/15','A',10,'2','string','2015-10-15 13:50:26','2015-10-15 13:50:26'),(33,'Please give additional comments, if any, on the Instructor','2014/15','A',14,'2','string','2015-10-15 13:50:26','2015-10-15 13:50:26'),(34,'How clear was the objective of the course?','2014/15','B',6,'2','integer','2015-10-15 13:50:26','2015-10-15 13:50:26'),(35,'How clear was the objective of the course?','2014/15','B',10,'2','integer','2015-10-15 13:50:26','2015-10-15 13:50:26'),(36,'How clear was the objective of the course?','2014/15','B',14,'2','integer','2015-10-15 13:50:26','2015-10-15 13:50:26'),(37,'How well was the course content coverage?','2014/15','B',6,'2','integer','2015-10-15 13:50:26','2015-10-15 13:50:26'),(38,'How well was the course content coverage?','2014/15','B',10,'2','integer','2015-10-15 13:50:26','2015-10-15 13:50:26'),(39,'How well was the course content coverage?','2014/15','B',14,'2','integer','2015-10-15 13:50:26','2015-10-15 13:50:26'),(40,'How good was the mode of assessment?','2014/15','B',6,'2','integer','2015-10-15 13:50:26','2015-10-15 13:50:26'),(41,'How good was the mode of assessment?','2014/15','B',10,'2','integer','2015-10-15 13:50:26','2015-10-15 13:50:26'),(42,'How good was the mode of assessment?','2014/15','B',14,'2','integer','2015-10-15 13:50:26','2015-10-15 13:50:26'),(43,'How useful were the teaching methods? (Class participation, demonstration, etc.)','2014/15','B',6,'2','integer','2015-10-15 13:50:26','2015-10-15 13:50:26'),(44,'How useful were the teaching methods? (Class participation, demonstration, etc.)','2014/15','B',10,'2','integer','2015-10-15 13:50:26','2015-10-15 13:50:26'),(45,'How useful were the teaching methods? (Class participation, demonstration, etc.)','2014/15','B',14,'2','integer','2015-10-15 13:50:26','2015-10-15 13:50:26'),(46,'How useful were the lecture notes and handouts?','2014/15','B',6,'2','integer','2015-10-15 13:50:26','2015-10-15 13:50:26'),(47,'How useful were the lecture notes and handouts?','2014/15','B',10,'2','integer','2015-10-15 13:50:26','2015-10-15 13:50:26'),(48,'How useful were the lecture notes and handouts?','2014/15','B',14,'2','integer','2015-10-15 13:50:26','2015-10-15 13:50:26'),(49,'How well did the course link theory and practice?','2014/15','B',6,'2','integer','2015-10-15 13:50:26','2015-10-15 13:50:26'),(50,'How well did the course link theory and practice?','2014/15','B',10,'2','integer','2015-10-15 13:50:27','2015-10-15 13:50:27'),(51,'How well did the course link theory and practice?','2014/15','B',14,'2','integer','2015-10-15 13:50:27','2015-10-15 13:50:27'),(52,'How relevant was the course to the job market?','2014/15','B',6,'2','integer','2015-10-15 13:50:27','2015-10-15 13:50:27'),(53,'How relevant was the course to the job market?','2014/15','B',10,'2','integer','2015-10-15 13:50:27','2015-10-15 13:50:27'),(54,'How relevant was the course to the job market?','2014/15','B',14,'2','integer','2015-10-15 13:50:27','2015-10-15 13:50:27'),(55,'How well did the course meet your expectations?','2014/15','B',6,'2','integer','2015-10-15 13:50:27','2015-10-15 13:50:27'),(56,'How well did the course meet your expectations?','2014/15','B',10,'2','integer','2015-10-15 13:50:27','2015-10-15 13:50:27'),(57,'How well did the course meet your expectations?','2014/15','B',14,'2','integer','2015-10-15 13:50:27','2015-10-15 13:50:27'),(58,'Please suggest on how to improve on the delivery of the course','2014/15','B',6,'2','string','2015-10-15 13:50:27','2015-10-15 13:50:27'),(59,'Please suggest on how to improve on the delivery of the course','2014/15','B',10,'2','string','2015-10-15 13:50:27','2015-10-15 13:50:27'),(60,'Please suggest on how to improve on the delivery of the course','2014/15','B',14,'2','string','2015-10-15 13:50:27','2015-10-15 13:50:27'),(61,'Please give additional comments, if any, on the course','2014/15','B',6,'2','string','2015-10-15 13:50:27','2015-10-15 13:50:27'),(62,'Please give additional comments, if any, on the course','2014/15','B',10,'2','string','2015-10-15 13:50:27','2015-10-15 13:50:27'),(63,'Please give additional comments, if any, on the course','2014/15','B',14,'2','string','2015-10-15 13:50:27','2015-10-15 13:50:27'),(64,'Adequacy of space in lecture room for teaching and learning','2014/15','C',6,'2','integer','2015-10-15 13:50:27','2015-10-15 13:50:27'),(65,'Adequacy of space in lecture room for teaching and learning','2014/15','C',10,'2','integer','2015-10-15 13:50:27','2015-10-15 13:50:27'),(66,'Adequacy of space in lecture room for teaching and learning','2014/15','C',14,'2','integer','2015-10-15 13:50:27','2015-10-15 13:50:27'),(67,'Quality of lecture room for teaching and learning','2014/15','C',6,'2','integer','2015-10-15 13:50:27','2015-10-15 13:50:27'),(68,'Quality of lecture room for teaching and learning','2014/15','C',10,'2','integer','2015-10-15 13:50:27','2015-10-15 13:50:27'),(69,'Quality of lecture room for teaching and learning','2014/15','C',14,'2','integer','2015-10-15 13:50:27','2015-10-15 13:50:27'),(70,'Adequacy of tables and chairs in classroom','2014/15','C',6,'2','integer','2015-10-15 13:50:27','2015-10-15 13:50:27'),(71,'Adequacy of tables and chairs in classroom','2014/15','C',10,'2','integer','2015-10-15 13:50:27','2015-10-15 13:50:27'),(72,'Adequacy of tables and chairs in classroom','2014/15','C',14,'2','integer','2015-10-15 13:50:27','2015-10-15 13:50:27'),(73,'Quality of tables and chairs in classroom','2014/15','C',6,'2','integer','2015-10-15 13:50:28','2015-10-15 13:50:28'),(74,'Quality of tables and chairs in classroom','2014/15','C',10,'2','integer','2015-10-15 13:50:28','2015-10-15 13:50:28'),(75,'Quality of tables and chairs in classroom','2014/15','C',14,'2','integer','2015-10-15 13:50:28','2015-10-15 13:50:28'),(76,'Physical conditions of blackboard/whiteboard in classroom','2014/15','C',6,'2','integer','2015-10-15 13:50:28','2015-10-15 13:50:28'),(77,'Physical conditions of blackboard/whiteboard in classroom','2014/15','C',10,'2','integer','2015-10-15 13:50:28','2015-10-15 13:50:28'),(78,'Physical conditions of blackboard/whiteboard in classroom','2014/15','C',14,'2','integer','2015-10-15 13:50:28','2015-10-15 13:50:28'),(79,'Adequacy of lighting in the classroom','2014/15','C',6,'2','integer','2015-10-15 13:50:28','2015-10-15 13:50:28'),(80,'Adequacy of lighting in the classroom','2014/15','C',10,'2','integer','2015-10-15 13:50:28','2015-10-15 13:50:28'),(81,'Adequacy of lighting in the classroom','2014/15','C',14,'2','integer','2015-10-15 13:50:28','2015-10-15 13:50:28'),(82,'Availability of books and journals related to the course','2014/15','C',6,'2','integer','2015-10-15 13:50:28','2015-10-15 13:50:28'),(83,'Availability of books and journals related to the course','2014/15','C',10,'2','integer','2015-10-15 13:50:28','2015-10-15 13:50:28'),(84,'Availability of books and journals related to the course','2014/15','C',14,'2','integer','2015-10-15 13:50:28','2015-10-15 13:50:28'),(85,'Please give additional comments, if any, on the learning environment and facilities','2014/15','C',6,'2','string','2015-10-15 13:50:28','2015-10-15 13:50:28'),(86,'Please give additional comments, if any, on the learning environment and facilities','2014/15','C',10,'2','string','2015-10-15 13:50:28','2015-10-15 13:50:28'),(87,'Please give additional comments, if any, on the learning environment and facilities','2014/15','C',14,'2','string','2015-10-15 13:50:28','2015-10-15 13:50:28'),(88,'Class\' preparedness on the subject matter','2014/15','D',6,'2','integer','2015-10-15 13:50:28','2015-10-15 13:50:28'),(89,'Class\' preparedness on the subject matter','2014/15','D',10,'2','integer','2015-10-15 13:50:28','2015-10-15 13:50:28'),(90,'Class\' preparedness on the subject matter','2014/15','D',14,'2','integer','2015-10-15 13:50:28','2015-10-15 13:50:28'),(91,'Class\' possession of up-to-date skills and knowledge in the subject matter','2014/15','D',6,'2','integer','2015-10-15 13:50:28','2015-10-15 13:50:28'),(92,'Class\' possession of up-to-date skills and knowledge in the subject matter','2014/15','D',10,'2','integer','2015-10-15 13:50:28','2015-10-15 13:50:28'),(93,'Class\' possession of up-to-date skills and knowledge in the subject matter','2014/15','D',14,'2','integer','2015-10-15 13:50:28','2015-10-15 13:50:28'),(94,'Class\' mode of accepting delivery of the subject matter (techniques and styles)','2014/15','D',6,'2','integer','2015-10-15 13:50:28','2015-10-15 13:50:28'),(95,'Class\' mode of accepting delivery of the subject matter (techniques and styles)','2014/15','D',10,'2','integer','2015-10-15 13:50:28','2015-10-15 13:50:28'),(96,'Class\' mode of accepting delivery of the subject matter (techniques and styles)','2014/15','D',14,'2','integer','2015-10-15 13:50:28','2015-10-15 13:50:28'),(97,'Class\' acceptance of the mode of assignments and tests ','2014/15','D',6,'2','integer','2015-10-15 13:50:28','2015-10-15 13:50:28'),(98,'Class\' acceptance of the mode of assignments and tests ','2014/15','D',10,'2','integer','2015-10-15 13:50:28','2015-10-15 13:50:28'),(99,'Class\' acceptance of the mode of assignments and tests ','2014/15','D',14,'2','integer','2015-10-15 13:50:29','2015-10-15 13:50:29'),(100,'Class\' capacity to provide timely feedback on assignments and tests','2014/15','D',6,'2','integer','2015-10-15 13:50:29','2015-10-15 13:50:29'),(101,'Class\' capacity to provide timely feedback on assignments and tests','2014/15','D',10,'2','integer','2015-10-15 13:50:29','2015-10-15 13:50:29'),(102,'Class\' capacity to provide timely feedback on assignments and tests','2014/15','D',14,'2','integer','2015-10-15 13:50:29','2015-10-15 13:50:29'),(103,'Class\' attendance in the class','2014/15','D',6,'2','integer','2015-10-15 13:50:29','2015-10-15 13:50:29'),(104,'Class\' attendance in the class','2014/15','D',10,'2','integer','2015-10-15 13:50:29','2015-10-15 13:50:29'),(105,'Class\' attendance in the class','2014/15','D',14,'2','integer','2015-10-15 13:50:29','2015-10-15 13:50:29'),(106,'Class\' availability for consultations','2014/15','D',6,'2','integer','2015-10-15 13:50:29','2015-10-15 13:50:29'),(107,'Class\' availability for consultations','2014/15','D',10,'2','integer','2015-10-15 13:50:29','2015-10-15 13:50:29'),(108,'Class\' availability for consultations','2014/15','D',14,'2','integer','2015-10-15 13:50:29','2015-10-15 13:50:29'),(109,'Manner in which the class interacts with Instructor','2014/15','D',6,'2','integer','2015-10-15 13:50:29','2015-10-15 13:50:29'),(110,'Manner in which the class interacts with Instructor','2014/15','D',10,'2','integer','2015-10-15 13:50:29','2015-10-15 13:50:29'),(111,'Manner in which the class interacts with Instructor','2014/15','D',14,'2','integer','2015-10-15 13:50:29','2015-10-15 13:50:29'),(112,'Adequacy of Class\' usage on learning materials','2014/15','D',6,'2','integer','2015-10-15 13:50:29','2015-10-15 13:50:29'),(113,'Adequacy of Class\' usage on learning materials','2014/15','D',10,'2','integer','2015-10-15 13:50:29','2015-10-15 13:50:29'),(114,'Adequacy of Class\' usage on learning materials','2014/15','D',14,'2','integer','2015-10-15 13:50:29','2015-10-15 13:50:29'),(115,'Extent to which the class relates the course to your area of study','2014/15','D',6,'2','integer','2015-10-15 13:50:29','2015-10-15 13:50:29'),(116,'Extent to which the class relates the course to your area of study','2014/15','D',10,'2','integer','2015-10-15 13:50:29','2015-10-15 13:50:29'),(117,'Extent to which the class relates the course to your area of study','2014/15','D',14,'2','integer','2015-10-15 13:50:29','2015-10-15 13:50:29'),(118,'Please give additional comments, if any, on the Class','2014/15','D',6,'2','string','2015-10-19 16:53:01','2015-10-19 16:53:01'),(119,'Please give additional comments, if any, on the Class','2014/15','D',10,'2','string','2015-10-19 16:53:01','2015-10-19 16:53:01'),(120,'Please give additional comments, if any, on the Class','2014/15','D',14,'2','string','2015-10-19 16:53:02','2015-10-19 16:53:02');
/*!40000 ALTER TABLE `assessment_questions` ENABLE KEYS */;
UNLOCK TABLES;

--
-- Table structure for table `class_assessment`
--

DROP TABLE IF EXISTS `class_assessment`;
/*!40101 SET @saved_cs_client     = @@character_set_client */;
/*!40101 SET character_set_client = utf8 */;
CREATE TABLE `class_assessment` (
  `id` int(10) unsigned NOT NULL AUTO_INCREMENT,
  `assignment_id` int(10) unsigned NOT NULL,
  `question_id` int(10) unsigned NOT NULL,
  `assessment_value` varchar(255) COLLATE utf8_unicode_ci NOT NULL,
  `created_at` timestamp NOT NULL DEFAULT '0000-00-00 00:00:00',
  `updated_at` timestamp NOT NULL DEFAULT '0000-00-00 00:00:00',
  PRIMARY KEY (`id`),
  UNIQUE KEY `class_assessment_assignment_id_question_id_unique` (`assignment_id`,`question_id`),
  KEY `class_assessment_question_id_foreign` (`question_id`),
  CONSTRAINT `class_assessment_assignment_id_foreign` FOREIGN KEY (`assignment_id`) REFERENCES `lecturer_course_assignment` (`id`) ON DELETE CASCADE ON UPDATE CASCADE,
  CONSTRAINT `class_assessment_question_id_foreign` FOREIGN KEY (`question_id`) REFERENCES `assessment_questions` (`id`) ON DELETE CASCADE ON UPDATE CASCADE
) ENGINE=InnoDB AUTO_INCREMENT=54 DEFAULT CHARSET=utf8 COLLATE=utf8_unicode_ci;
/*!40101 SET character_set_client = @saved_cs_client */;

--
-- Dumping data for table `class_assessment`
--

LOCK TABLES `class_assessment` WRITE;
/*!40000 ALTER TABLE `class_assessment` DISABLE KEYS */;
INSERT INTO `class_assessment` VALUES (21,2,88,'4','0000-00-00 00:00:00','0000-00-00 00:00:00'),(22,2,91,'3','0000-00-00 00:00:00','0000-00-00 00:00:00'),(23,2,94,'3','0000-00-00 00:00:00','0000-00-00 00:00:00'),(24,2,97,'3','0000-00-00 00:00:00','0000-00-00 00:00:00'),(25,2,100,'4','0000-00-00 00:00:00','0000-00-00 00:00:00'),(26,2,103,'5','0000-00-00 00:00:00','0000-00-00 00:00:00'),(27,2,106,'5','0000-00-00 00:00:00','0000-00-00 00:00:00'),(28,2,109,'5','0000-00-00 00:00:00','0000-00-00 00:00:00'),(29,2,112,'4','0000-00-00 00:00:00','0000-00-00 00:00:00'),(30,2,115,'3','0000-00-00 00:00:00','0000-00-00 00:00:00'),(31,2,118,'','0000-00-00 00:00:00','0000-00-00 00:00:00'),(32,2,89,'3','0000-00-00 00:00:00','0000-00-00 00:00:00'),(33,2,92,'4','0000-00-00 00:00:00','0000-00-00 00:00:00'),(34,2,95,'4','0000-00-00 00:00:00','0000-00-00 00:00:00'),(35,2,98,'3','0000-00-00 00:00:00','0000-00-00 00:00:00'),(36,2,101,'4','0000-00-00 00:00:00','0000-00-00 00:00:00'),(37,2,104,'4','0000-00-00 00:00:00','0000-00-00 00:00:00'),(38,2,107,'3','0000-00-00 00:00:00','0000-00-00 00:00:00'),(39,2,110,'5','0000-00-00 00:00:00','0000-00-00 00:00:00'),(40,2,113,'4','0000-00-00 00:00:00','0000-00-00 00:00:00'),(41,2,116,'3','0000-00-00 00:00:00','0000-00-00 00:00:00'),(42,2,119,'','0000-00-00 00:00:00','0000-00-00 00:00:00'),(43,2,90,'3','0000-00-00 00:00:00','0000-00-00 00:00:00'),(44,2,93,'4','0000-00-00 00:00:00','0000-00-00 00:00:00'),(45,2,96,'4','0000-00-00 00:00:00','0000-00-00 00:00:00'),(46,2,99,'3','0000-00-00 00:00:00','0000-00-00 00:00:00'),(47,2,102,'3','0000-00-00 00:00:00','0000-00-00 00:00:00'),(48,2,105,'4','0000-00-00 00:00:00','0000-00-00 00:00:00'),(49,2,108,'4','0000-00-00 00:00:00','0000-00-00 00:00:00'),(50,2,111,'4','0000-00-00 00:00:00','0000-00-00 00:00:00'),(51,2,114,'3','0000-00-00 00:00:00','0000-00-00 00:00:00'),(52,2,117,'3','0000-00-00 00:00:00','0000-00-00 00:00:00'),(53,2,120,'Most of the students taking this class dont bother reading reference books that i recommended for them','0000-00-00 00:00:00','0000-00-00 00:00:00');
/*!40000 ALTER TABLE `class_assessment` ENABLE KEYS */;
UNLOCK TABLES;

--
-- Table structure for table `colleges`
--

DROP TABLE IF EXISTS `colleges`;
/*!40101 SET @saved_cs_client     = @@character_set_client */;
/*!40101 SET character_set_client = utf8 */;
CREATE TABLE `colleges` (
  `id` varchar(255) COLLATE utf8_unicode_ci NOT NULL,
  `college_name` varchar(255) COLLATE utf8_unicode_ci NOT NULL,
  `created_at` timestamp NOT NULL DEFAULT '0000-00-00 00:00:00',
  `updated_at` timestamp NOT NULL DEFAULT '0000-00-00 00:00:00',
  PRIMARY KEY (`id`)
) ENGINE=InnoDB DEFAULT CHARSET=utf8 COLLATE=utf8_unicode_ci;
/*!40101 SET character_set_client = @saved_cs_client */;

--
-- Dumping data for table `colleges`
--

LOCK TABLES `colleges` WRITE;
/*!40000 ALTER TABLE `colleges` DISABLE KEYS */;
INSERT INTO `colleges` VALUES ('COET','College of Engineering and Technology','2015-10-15 12:07:29','2015-10-15 12:07:29'),('COHU','College of Hummanities','2015-10-15 12:07:29','2015-10-15 12:07:29'),('COICT','College of Information and Communication Technology','2015-10-15 12:07:29','2015-10-15 12:07:29'),('CONAS','College of Natural and Applied Sciences','2015-10-15 12:07:29','2015-10-15 12:07:29'),('COSS','College of Social Sciences','2015-10-15 12:07:29','2015-10-15 12:07:29'),('IDS','Institute of Development Studieds','2015-10-15 12:07:30','2015-10-15 12:07:30'),('IKS','Institute of Kiswahili','2015-10-15 12:07:30','2015-10-15 12:07:30'),('IMS','Institute of Menegerial Studies','2015-10-15 12:07:30','2015-10-15 12:07:30'),('IRA','Institute of REGISTRY Agriculture','2015-10-15 12:07:30','2015-10-15 12:07:30'),('SJMC','School of Jounalism and Mass Communication','2015-10-15 12:07:30','2015-10-15 12:07:30'),('SOED','School of Education','2015-10-15 12:07:30','2015-10-15 12:07:30'),('UDBS','University of Dar-es-salaam Bussness School','2015-10-15 12:07:30','2015-10-15 12:07:30'),('UDSOL','University of Dar-es-salaam School of Law','2015-10-15 12:07:30','2015-10-15 12:07:30');
/*!40000 ALTER TABLE `colleges` ENABLE KEYS */;
UNLOCK TABLES;

--
-- Table structure for table `course_assessment`
--

DROP TABLE IF EXISTS `course_assessment`;
/*!40101 SET @saved_cs_client     = @@character_set_client */;
/*!40101 SET character_set_client = utf8 */;
CREATE TABLE `course_assessment` (
  `id` int(10) unsigned NOT NULL AUTO_INCREMENT,
  `student_enrollment_id` int(10) unsigned NOT NULL,
  `question_id` int(10) unsigned NOT NULL,
  `assessment_value` varchar(255) COLLATE utf8_unicode_ci NOT NULL,
  `created_at` timestamp NOT NULL DEFAULT '0000-00-00 00:00:00',
  `updated_at` timestamp NOT NULL DEFAULT '0000-00-00 00:00:00',
  PRIMARY KEY (`id`),
  UNIQUE KEY `course_assessment_student_enrollment_id_question_id_unique` (`student_enrollment_id`,`question_id`),
  KEY `course_assessment_question_id_foreign` (`question_id`),
  CONSTRAINT `course_assessment_question_id_foreign` FOREIGN KEY (`question_id`) REFERENCES `assessment_questions` (`id`) ON DELETE CASCADE ON UPDATE CASCADE,
  CONSTRAINT `course_assessment_student_enrollment_id_foreign` FOREIGN KEY (`student_enrollment_id`) REFERENCES `student_course_enrollment` (`id`) ON DELETE CASCADE ON UPDATE CASCADE
) ENGINE=InnoDB AUTO_INCREMENT=111 DEFAULT CHARSET=utf8 COLLATE=utf8_unicode_ci;
/*!40101 SET character_set_client = @saved_cs_client */;

--
-- Dumping data for table `course_assessment`
--

LOCK TABLES `course_assessment` WRITE;
/*!40000 ALTER TABLE `course_assessment` DISABLE KEYS */;
INSERT INTO `course_assessment` VALUES (1,1,34,'5','0000-00-00 00:00:00','0000-00-00 00:00:00'),(2,1,37,'4','0000-00-00 00:00:00','0000-00-00 00:00:00'),(3,1,40,'3','0000-00-00 00:00:00','0000-00-00 00:00:00'),(4,1,43,'3','0000-00-00 00:00:00','0000-00-00 00:00:00'),(5,1,46,'3','0000-00-00 00:00:00','0000-00-00 00:00:00'),(6,1,49,'4','0000-00-00 00:00:00','0000-00-00 00:00:00'),(7,1,52,'4','0000-00-00 00:00:00','0000-00-00 00:00:00'),(8,1,55,'3','0000-00-00 00:00:00','0000-00-00 00:00:00'),(9,1,58,'','0000-00-00 00:00:00','0000-00-00 00:00:00'),(10,1,61,'','0000-00-00 00:00:00','0000-00-00 00:00:00'),(11,4,34,'4','0000-00-00 00:00:00','0000-00-00 00:00:00'),(12,4,37,'5','0000-00-00 00:00:00','0000-00-00 00:00:00'),(13,4,40,'5','0000-00-00 00:00:00','0000-00-00 00:00:00'),(14,4,43,'4','0000-00-00 00:00:00','0000-00-00 00:00:00'),(15,4,46,'4','0000-00-00 00:00:00','0000-00-00 00:00:00'),(16,4,49,'5','0000-00-00 00:00:00','0000-00-00 00:00:00'),(17,4,52,'5','0000-00-00 00:00:00','0000-00-00 00:00:00'),(18,4,55,'5','0000-00-00 00:00:00','0000-00-00 00:00:00'),(19,4,58,'','0000-00-00 00:00:00','0000-00-00 00:00:00'),(20,4,61,'','0000-00-00 00:00:00','0000-00-00 00:00:00'),(21,8,34,'5','0000-00-00 00:00:00','0000-00-00 00:00:00'),(22,8,37,'4','0000-00-00 00:00:00','0000-00-00 00:00:00'),(23,8,40,'2','0000-00-00 00:00:00','0000-00-00 00:00:00'),(24,8,43,'5','0000-00-00 00:00:00','0000-00-00 00:00:00'),(25,8,46,'5','0000-00-00 00:00:00','0000-00-00 00:00:00'),(26,8,49,'3','0000-00-00 00:00:00','0000-00-00 00:00:00'),(27,8,52,'4','0000-00-00 00:00:00','0000-00-00 00:00:00'),(28,8,55,'4','0000-00-00 00:00:00','0000-00-00 00:00:00'),(29,8,58,'','0000-00-00 00:00:00','0000-00-00 00:00:00'),(30,8,61,'','0000-00-00 00:00:00','0000-00-00 00:00:00'),(31,5,34,'2','0000-00-00 00:00:00','0000-00-00 00:00:00'),(32,5,37,'3','0000-00-00 00:00:00','0000-00-00 00:00:00'),(33,5,40,'4','0000-00-00 00:00:00','0000-00-00 00:00:00'),(34,5,43,'5','0000-00-00 00:00:00','0000-00-00 00:00:00'),(35,5,46,'4','0000-00-00 00:00:00','0000-00-00 00:00:00'),(36,5,49,'3','0000-00-00 00:00:00','0000-00-00 00:00:00'),(37,5,52,'2','0000-00-00 00:00:00','0000-00-00 00:00:00'),(38,5,55,'1','0000-00-00 00:00:00','0000-00-00 00:00:00'),(39,5,58,'','0000-00-00 00:00:00','0000-00-00 00:00:00'),(40,5,61,'','0000-00-00 00:00:00','0000-00-00 00:00:00'),(41,1,35,'1','0000-00-00 00:00:00','0000-00-00 00:00:00'),(42,1,38,'2','0000-00-00 00:00:00','0000-00-00 00:00:00'),(43,1,41,'3','0000-00-00 00:00:00','0000-00-00 00:00:00'),(44,1,44,'4','0000-00-00 00:00:00','0000-00-00 00:00:00'),(45,1,47,'5','0000-00-00 00:00:00','0000-00-00 00:00:00'),(46,1,50,'4','0000-00-00 00:00:00','0000-00-00 00:00:00'),(47,1,53,'3','0000-00-00 00:00:00','0000-00-00 00:00:00'),(48,1,56,'2','0000-00-00 00:00:00','0000-00-00 00:00:00'),(49,1,59,'','0000-00-00 00:00:00','0000-00-00 00:00:00'),(50,1,62,'','0000-00-00 00:00:00','0000-00-00 00:00:00'),(51,5,35,'3','0000-00-00 00:00:00','0000-00-00 00:00:00'),(52,5,38,'4','0000-00-00 00:00:00','0000-00-00 00:00:00'),(53,5,41,'4','0000-00-00 00:00:00','0000-00-00 00:00:00'),(54,5,44,'3','0000-00-00 00:00:00','0000-00-00 00:00:00'),(55,5,47,'3','0000-00-00 00:00:00','0000-00-00 00:00:00'),(56,5,50,'3','0000-00-00 00:00:00','0000-00-00 00:00:00'),(57,5,53,'3','0000-00-00 00:00:00','0000-00-00 00:00:00'),(58,5,56,'4','0000-00-00 00:00:00','0000-00-00 00:00:00'),(59,5,59,'','0000-00-00 00:00:00','0000-00-00 00:00:00'),(60,5,62,'','0000-00-00 00:00:00','0000-00-00 00:00:00'),(61,4,35,'3','0000-00-00 00:00:00','0000-00-00 00:00:00'),(62,4,38,'4','0000-00-00 00:00:00','0000-00-00 00:00:00'),(63,4,41,'3','0000-00-00 00:00:00','0000-00-00 00:00:00'),(64,4,44,'3','0000-00-00 00:00:00','0000-00-00 00:00:00'),(65,4,47,'4','0000-00-00 00:00:00','0000-00-00 00:00:00'),(66,4,50,'4','0000-00-00 00:00:00','0000-00-00 00:00:00'),(67,4,53,'3','0000-00-00 00:00:00','0000-00-00 00:00:00'),(68,4,56,'3','0000-00-00 00:00:00','0000-00-00 00:00:00'),(69,4,59,'','0000-00-00 00:00:00','0000-00-00 00:00:00'),(70,4,62,'','0000-00-00 00:00:00','0000-00-00 00:00:00'),(71,5,36,'5','0000-00-00 00:00:00','0000-00-00 00:00:00'),(72,5,39,'5','0000-00-00 00:00:00','0000-00-00 00:00:00'),(73,5,42,'4','0000-00-00 00:00:00','0000-00-00 00:00:00'),(74,5,45,'4','0000-00-00 00:00:00','0000-00-00 00:00:00'),(75,5,48,'3','0000-00-00 00:00:00','0000-00-00 00:00:00'),(76,5,51,'3','0000-00-00 00:00:00','0000-00-00 00:00:00'),(77,5,54,'2','0000-00-00 00:00:00','0000-00-00 00:00:00'),(78,5,57,'2','0000-00-00 00:00:00','0000-00-00 00:00:00'),(79,5,60,'','0000-00-00 00:00:00','0000-00-00 00:00:00'),(80,5,63,'','0000-00-00 00:00:00','0000-00-00 00:00:00'),(81,1,36,'4','0000-00-00 00:00:00','0000-00-00 00:00:00'),(82,1,39,'4','0000-00-00 00:00:00','0000-00-00 00:00:00'),(83,1,42,'4','0000-00-00 00:00:00','0000-00-00 00:00:00'),(84,1,45,'5','0000-00-00 00:00:00','0000-00-00 00:00:00'),(85,1,48,'5','0000-00-00 00:00:00','0000-00-00 00:00:00'),(86,1,51,'4','0000-00-00 00:00:00','0000-00-00 00:00:00'),(87,1,54,'4','0000-00-00 00:00:00','0000-00-00 00:00:00'),(88,1,57,'4','0000-00-00 00:00:00','0000-00-00 00:00:00'),(89,1,60,'','0000-00-00 00:00:00','0000-00-00 00:00:00'),(90,1,63,'','0000-00-00 00:00:00','0000-00-00 00:00:00'),(91,8,36,'4','0000-00-00 00:00:00','0000-00-00 00:00:00'),(92,8,39,'3','0000-00-00 00:00:00','0000-00-00 00:00:00'),(93,8,42,'3','0000-00-00 00:00:00','0000-00-00 00:00:00'),(94,8,45,'4','0000-00-00 00:00:00','0000-00-00 00:00:00'),(95,8,48,'4','0000-00-00 00:00:00','0000-00-00 00:00:00'),(96,8,51,'5','0000-00-00 00:00:00','0000-00-00 00:00:00'),(97,8,54,'5','0000-00-00 00:00:00','0000-00-00 00:00:00'),(98,8,57,'4','0000-00-00 00:00:00','0000-00-00 00:00:00'),(99,8,60,'','0000-00-00 00:00:00','0000-00-00 00:00:00'),(100,8,63,'','0000-00-00 00:00:00','0000-00-00 00:00:00'),(101,4,36,'5','0000-00-00 00:00:00','0000-00-00 00:00:00'),(102,4,39,'4','0000-00-00 00:00:00','0000-00-00 00:00:00'),(103,4,42,'3','0000-00-00 00:00:00','0000-00-00 00:00:00'),(104,4,45,'3','0000-00-00 00:00:00','0000-00-00 00:00:00'),(105,4,48,'4','0000-00-00 00:00:00','0000-00-00 00:00:00'),(106,4,51,'5','0000-00-00 00:00:00','0000-00-00 00:00:00'),(107,4,54,'5','0000-00-00 00:00:00','0000-00-00 00:00:00'),(108,4,57,'5','0000-00-00 00:00:00','0000-00-00 00:00:00'),(109,4,60,'','0000-00-00 00:00:00','0000-00-00 00:00:00'),(110,4,63,'','0000-00-00 00:00:00','0000-00-00 00:00:00');
/*!40000 ALTER TABLE `course_assessment` ENABLE KEYS */;
UNLOCK TABLES;

--
-- Table structure for table `courses`
--

DROP TABLE IF EXISTS `courses`;
/*!40101 SET @saved_cs_client     = @@character_set_client */;
/*!40101 SET character_set_client = utf8 */;
CREATE TABLE `courses` (
  `id` varchar(255) COLLATE utf8_unicode_ci NOT NULL,
  `department_id` varchar(255) COLLATE utf8_unicode_ci NOT NULL,
  `course_name` varchar(255) COLLATE utf8_unicode_ci NOT NULL,
  `created_at` timestamp NOT NULL DEFAULT '0000-00-00 00:00:00',
  `updated_at` timestamp NOT NULL DEFAULT '0000-00-00 00:00:00',
  PRIMARY KEY (`id`),
  KEY `courses_department_id_foreign` (`department_id`),
  CONSTRAINT `courses_department_id_foreign` FOREIGN KEY (`department_id`) REFERENCES `departments` (`id`) ON DELETE CASCADE ON UPDATE CASCADE
) ENGINE=InnoDB DEFAULT CHARSET=utf8 COLLATE=utf8_unicode_ci;
/*!40101 SET character_set_client = @saved_cs_client */;

--
-- Dumping data for table `courses`
--

LOCK TABLES `courses` WRITE;
/*!40000 ALTER TABLE `courses` DISABLE KEYS */;
INSERT INTO `courses` VALUES ('CS 171','CSE','Introduction to Computers and Programming in Pascal','2015-10-15 12:07:56','2015-10-15 12:07:56'),('CS 172','CSE','Computer Programming in Pascal','2015-10-15 12:07:55','2015-10-15 12:07:55'),('CS 211','CSE','Measurements & Instrumentation Engineering I','2015-10-15 12:07:54','2015-10-15 12:07:54'),('CS 212','CSE','Measurements & Instrumentation Engineering II','2015-10-15 12:07:53','2015-10-15 12:07:53'),('CS 231','CSE','Computer Programming in C','2015-10-15 12:07:55','2015-10-15 12:07:55'),('CS 232','CSE','Introduction to Object-Oriented Programming','2015-10-15 12:07:55','2015-10-15 12:07:55'),('CS 241','CSE','Computer Networking I','2015-10-15 12:07:52','2015-10-15 12:07:52'),('CS 242','CSE','Computer Networking II','2015-10-15 12:07:52','2015-10-15 12:07:52'),('CS 251','CSE','Introduction to Computer Engineering','2015-10-15 12:07:51','2015-10-15 12:07:51'),('CS 321','CSE','Introduction to Control Systems Engineering','2015-10-15 12:07:54','2015-10-15 12:07:54'),('CS 322','CSE','Classical Control Systems Engineering','2015-10-15 12:07:55','2015-10-15 12:07:55'),('CS 331','CSE','Introduction to Software Engineering','2015-10-15 12:07:51','2015-10-15 12:07:51'),('CS 331.','CSE','Software Engineering I','2015-10-15 12:07:55','2015-10-15 12:07:55'),('CS 332','CSE','Object-Oriented Program Design and Analysis','2015-10-15 12:07:52','2015-10-15 12:07:52'),('CS 333','CSE','Computer Operating Systems','2015-10-15 12:07:52','2015-10-15 12:07:52'),('CS 334','CSE','Operating Systems','2015-10-15 12:07:53','2015-10-15 12:07:53'),('CS 341','CSE','Network Routers and Routing','2015-10-15 12:07:52','2015-10-15 12:07:52'),('CS 342','CSE','LAN Switching','2015-10-15 12:07:54','2015-10-15 12:07:54'),('CS 351','CSE','Computer Engineering I','2015-10-15 12:07:57','2015-10-15 12:07:57'),('CS 352','CSE','Computer Engineering II','2015-10-15 12:07:55','2015-10-15 12:07:55'),('CS 353','CSE','Microcomputer Systems I','2015-10-15 12:07:51','2015-10-15 12:07:51'),('CS 353_PGD','CSE','Microcomputer Systems I','2015-10-15 12:07:55','2015-10-15 12:07:55'),('CS 353.','CSE','Microcomputer Systems I','2015-10-15 12:07:55','2015-10-15 12:07:55'),('CS 354','CSE','Microcomputer Systems II','2015-10-15 12:07:56','2015-10-15 12:07:56'),('CS 354.','CSE','Microcomputer Systems II','2015-10-15 12:07:52','2015-10-15 12:07:52'),('CS 355','CSE','Computer Hardware','2015-10-15 12:07:55','2015-10-15 12:07:55'),('CS 421','CSE','Control Systems Engineering III','2015-10-15 12:07:53','2015-10-15 12:07:53'),('CS 431','CSE','Software Engineering III','2015-10-15 12:07:55','2015-10-15 12:07:55'),('CS 432','CSE','Software Engineering IV','2015-10-15 12:07:54','2015-10-15 12:07:54'),('CS 434','CSE','Computer Graphics','2015-10-15 12:07:51','2015-10-15 12:07:51'),('CS 441','CSE','Wide Area Networks','2015-10-15 12:07:52','2015-10-15 12:07:52'),('CS 451','CSE','Computer Engineering III','2015-10-15 12:07:56','2015-10-15 12:07:56'),('CS 452','CSE','Microcomputer Systems III','2015-10-15 12:07:56','2015-10-15 12:07:56'),('CS 453','CSE','Computer Security','2015-10-15 12:07:57','2015-10-15 12:07:57'),('CS 480','CSE','Selected Topics in Computer Engineering & IT','2015-10-15 12:07:50','2015-10-15 12:07:50'),('CS 498','CSE','Final Project I','2015-10-15 12:07:51','2015-10-15 12:07:51'),('CS 499','CSE','Final Project II','2015-10-15 12:07:55','2015-10-15 12:07:55'),('CS 521','CSE','Control Systems Engineering','2015-10-15 12:07:55','2015-10-15 12:07:55'),('CS 599','CSE','Project','2015-10-15 12:07:52','2015-10-15 12:07:52'),('CS 652','CSE','Introduction to Computer Communication Theory','2015-10-15 12:07:56','2015-10-15 12:07:56'),('CS 660','CSE','Introduction to Computers and Software Engineering','2015-10-15 12:07:54','2015-10-15 12:07:54'),('CS 665','CSE','Computer-Based techniques for Measurement and Control','2015-10-15 12:07:51','2015-10-15 12:07:51'),('CS 680','CSE','Computer Programming','2015-10-15 12:07:56','2015-10-15 12:07:56'),('CS 680_OL','CSE','Computer Programming','2015-10-15 12:07:54','2015-10-15 12:07:54'),('CS 684','CSE','Microcomputers and Microprocessors','2015-10-15 12:07:53','2015-10-15 12:07:53'),('CS 699','CSE','Dissertation','2015-10-15 12:07:50','2015-10-15 12:07:50'),('EE 132 ','ETE','Fundamentals of Electronics  for Engineers','2015-10-15 12:07:58','2015-10-15 12:07:58'),('ES 101','ETE','Technical Drawing, Laboratory and Workshop Administration','2015-10-15 12:07:57','2015-10-15 12:07:57'),('ES 102','ETE','Practicals in Electronics','2015-10-15 12:07:58','2015-10-15 12:07:58'),('ES 103','ETE','Practicals in Electronics','2015-10-15 12:07:57','2015-10-15 12:07:57'),('ES 105','ETE','Fundamentals of Computer Architecture','2015-10-15 12:07:59','2015-10-15 12:07:59'),('ES 110','ETE','Analogue Electronics I','2015-10-15 12:07:58','2015-10-15 12:07:58'),('ES 115','ETE','Electro magnetics and Optics ','2015-10-15 12:07:57','2015-10-15 12:07:57'),('ES 120','ETE','Digital Electronics I','2015-10-15 12:07:59','2015-10-15 12:07:59'),('ES 138','ETE','Social Culture','2015-10-15 12:07:58','2015-10-15 12:07:58'),('ES 140','ETE','Industrial Training I','2015-10-15 12:07:58','2015-10-15 12:07:58'),('ES 202','ETE','Quantum Electronics','2015-10-15 12:07:58','2015-10-15 12:07:58'),('ES 210','ETE','Analogue Electronics II','2015-10-15 12:07:57','2015-10-15 12:07:57'),('ES 211','ETE','Analogue Electronics II ','2015-10-15 12:07:58','2015-10-15 12:07:58'),('ES 212','ETE','Analogue Electronics Practicals ','2015-10-15 12:08:00','2015-10-15 12:08:00'),('ES 220','ETE','Digital Electronics II','2015-10-15 12:07:59','2015-10-15 12:07:59'),('ES 221','ETE','Digital Electronics II ','2015-10-15 12:07:59','2015-10-15 12:07:59'),('ES 222','ETE','Digital Electronics Practicals ','2015-10-15 12:07:58','2015-10-15 12:07:58'),('ES 240','ETE','Industrial Training I','2015-10-15 12:07:57','2015-10-15 12:07:57'),('ES 302','ETE','Solid State Electronics','2015-10-15 12:07:57','2015-10-15 12:07:57'),('ES 304','ETE','Microelectronics','2015-10-15 12:07:59','2015-10-15 12:07:59'),('ES 306','ETE','VLSI Circuit Design','2015-10-15 12:07:58','2015-10-15 12:07:58'),('ES 310','ETE','Electronic Instrumentation I','2015-10-15 12:07:59','2015-10-15 12:07:59'),('ES 311','ETE','Electronics Instrumentation II','2015-10-15 12:07:59','2015-10-15 12:07:59'),('ES 316','ETE','PC Interfacing Techniques','2015-10-15 12:07:58','2015-10-15 12:07:58'),('ES 317','ETE','Opto-electronics','2015-10-15 12:07:58','2015-10-15 12:07:58'),('ES 318','ETE','Electronics Control','2015-10-15 12:07:58','2015-10-15 12:07:58'),('ES 320','ETE','Nuclear Electronics','2015-10-15 12:07:59','2015-10-15 12:07:59'),('ES 322','ETE','Industrial Electronics','2015-10-15 12:07:58','2015-10-15 12:07:58'),('ES 330','ETE','Telecommunication I','2015-10-15 12:07:57','2015-10-15 12:07:57'),('ES 332','ETE','Opto-electronics','2015-10-15 12:07:59','2015-10-15 12:07:59'),('ES 334','ETE','Signal Processing I','2015-10-15 12:07:58','2015-10-15 12:07:58'),('ES 335','ETE','Signal Processing II','2015-10-15 12:07:59','2015-10-15 12:07:59'),('ES 337','ETE','High Friquency Communication System Design','2015-10-15 12:08:00','2015-10-15 12:08:00'),('ES 339','ETE','Ultra-Fast Electronics Techniques','2015-10-15 12:07:58','2015-10-15 12:07:58'),('ES 340','ETE','Industrial Training II','2015-10-15 12:07:58','2015-10-15 12:07:58'),('ES 341','ETE','Communication Digital Signal Processing','2015-10-15 12:07:58','2015-10-15 12:07:58'),('ES 343','ETE','Emerging Electronics and Communication Technologies','2015-10-15 12:07:58','2015-10-15 12:07:58'),('ES 371','ETE','PC and Interfacing Techniques','2015-10-15 12:07:57','2015-10-15 12:07:57'),('ES 399','ETE','Project','2015-10-15 12:07:59','2015-10-15 12:07:59'),('HIS 601','CSE','Introduction to Public Health, Health Systems and Health Management','2015-10-15 12:07:50','2015-10-15 12:07:50'),('HIS 602','CSE','Principles of Health Information Management I','2015-10-15 12:07:55','2015-10-15 12:07:55'),('HIS 603','CSE','Principles and Methods of Epidemiology','2015-10-15 12:07:51','2015-10-15 12:07:51'),('HIS 604','CSE','Information Systems and Organizations in Global Context','2015-10-15 12:07:52','2015-10-15 12:07:52'),('HIS 605','CSE','Open Source Software for Health Care','2015-10-15 12:07:56','2015-10-15 12:07:56'),('HIS 606','CSE','Health Research Methods','2015-10-15 12:07:54','2015-10-15 12:07:54'),('HIS 607','CSE','Principles of Health Information Management II','2015-10-15 12:07:51','2015-10-15 12:07:51'),('HIS 608','CSE','Design, Development and Implementation Health Care Information Systems','2015-10-15 12:07:55','2015-10-15 12:07:55'),('HIS 610','CSE','Health Economic, Planning and Management','2015-10-15 12:07:53','2015-10-15 12:07:53'),('HIS 611','CSE','GIS for Public Health','2015-10-15 12:07:50','2015-10-15 12:07:50'),('HIS 612','CSE','Database Design and Management','2015-10-15 12:07:55','2015-10-15 12:07:55'),('HIS 613','CSE','Introduction to Informatics','2015-10-15 12:07:56','2015-10-15 12:07:56'),('HIS 614','CSE','Public Health Statistics','2015-10-15 12:07:52','2015-10-15 12:07:52'),('HIS 699','CSE','Dissertation','2015-10-15 12:07:54','2015-10-15 12:07:54'),('IE 365','MIE','Computer Simulation','2015-10-15 12:08:00','2015-10-15 12:08:00'),('IS 010','CSE','	 Introduction to Data Communications and Networks','2015-10-15 12:07:55','2015-10-15 12:07:55'),('IS 011','CSE','Introduction to Computer Hardware & Software','2015-10-15 12:07:50','2015-10-15 12:07:50'),('IS 020','CSE','Network Operating Systems','2015-10-15 12:07:50','2015-10-15 12:07:50'),('IS 022','CSE','Bussiness Communication','2015-10-15 12:07:51','2015-10-15 12:07:51'),('IS 030','CSE','Computing Mathematics II','2015-10-15 12:07:55','2015-10-15 12:07:55'),('IS 031','CSE','Introduction to Informatics and Micro-computers','2015-10-15 12:07:51','2015-10-15 12:07:51'),('IS 033','CSE','Basic Computer Applications','2015-10-15 12:07:52','2015-10-15 12:07:52'),('IS 044','CSE','Computing Mathematics I','2015-10-15 12:07:56','2015-10-15 12:07:56'),('IS 051','CSE',' Introduction to Computer Science Mathematics I','2015-10-15 12:07:52','2015-10-15 12:07:52'),('IS 052','CSE','Office Automation','2015-10-15 12:07:56','2015-10-15 12:07:56'),('IS 053','CSE','Systems and Management Concepts','2015-10-15 12:07:54','2015-10-15 12:07:54'),('IS 054','CSE','Introduction to Computer Science Mathematics II','2015-10-15 12:07:51','2015-10-15 12:07:51'),('IS 055','CSE','Design and Implementation of Object Oriented Applications','2015-10-15 12:07:56','2015-10-15 12:07:56'),('IS 055_CERT','CSE','Programming Basics','2015-10-15 12:07:54','2015-10-15 12:07:54'),('IS 056','CSE','Operating Systems and their Configurations','2015-10-15 12:07:53','2015-10-15 12:07:53'),('IS 057','CSE','Introduction to Database Systems','2015-10-15 12:07:51','2015-10-15 12:07:51'),('IS 058','CSE',' Implementation of Database Systems using DBMS','2015-10-15 12:07:55','2015-10-15 12:07:55'),('IS 059','CSE','Networks and Systems Administrations','2015-10-15 12:07:52','2015-10-15 12:07:52'),('IS 061','CSE','Design and Implementation of Web pages','2015-10-15 12:07:56','2015-10-15 12:07:56'),('IS 062','CSE','Business Statistics','2015-10-15 12:07:54','2015-10-15 12:07:54'),('IS 063','CSE',' Professional Issues in Information Systems Practice','2015-10-15 12:07:51','2015-10-15 12:07:51'),('IS 064','CSE','Introduction to Computer Architecture','2015-10-15 12:07:56','2015-10-15 12:07:56'),('IS 065','CSE','Data Structures','2015-10-15 12:07:53','2015-10-15 12:07:53'),('IS 066','CSE','Internet Navigation','2015-10-15 12:07:51','2015-10-15 12:07:51'),('IS 066_CERT','CSE','Introduction to Digital Logic and Elements ','2015-10-15 12:07:55','2015-10-15 12:07:55'),('IS 067','CSE','Fundamentals of Computerised Accounting','2015-10-15 12:07:55','2015-10-15 12:07:55'),('IS 068','CSE',' Introduction to Project Management','2015-10-15 12:07:52','2015-10-15 12:07:52'),('IS 069','CSE','Information Systems Analysis and Design','2015-10-15 12:07:56','2015-10-15 12:07:56'),('IS 071','CSE','Multimedia','2015-10-15 12:07:54','2015-10-15 12:07:54'),('IS 077','CSE','Principles of Operating Systems','2015-10-15 12:07:56','2015-10-15 12:07:56'),('IS 088','CSE','Web Fundamentals','2015-10-15 12:07:53','2015-10-15 12:07:53'),('IS 099','CSE','Management of Database Systems','2015-10-15 12:07:51','2015-10-15 12:07:51'),('IS 131','CSE','Introduction to Informatics and Microcomputers','2015-10-15 12:07:55','2015-10-15 12:07:55'),('IS 131_LAW','CSE','Introduction to Informatics and Microcomputers','2015-10-15 12:07:51','2015-10-15 12:07:51'),('IS 132_DIPL','CSE','High Level Programming','2015-10-15 12:07:51','2015-10-15 12:07:51'),('IS 133','CSE','Systems and Organisations','2015-10-15 12:07:54','2015-10-15 12:07:54'),('IS 134','CSE','Social Cultural Implications of Information Technology','2015-10-15 12:07:52','2015-10-15 12:07:52'),('IS 135','CSE','Introduction to Computer Architecture','2015-10-15 12:07:55','2015-10-15 12:07:55'),('IS 136','CSE','Programming in C','2015-10-15 12:07:55','2015-10-15 12:07:55'),('IS 137','CSE','Data Structure and Algorithms','2015-10-15 12:07:57','2015-10-15 12:07:57'),('IS 138','CSE',' 	Social Cultural Implications of Information Technology','2015-10-15 12:07:52','2015-10-15 12:07:52'),('IS 139','CSE','Introduction to Computer Architecture','2015-10-15 12:07:57','2015-10-15 12:07:57'),('IS 142','CSE','Introduction to High Level Programming','2015-10-15 12:07:56','2015-10-15 12:07:56'),('IS 144','CSE','Operating System I','2015-10-15 12:07:55','2015-10-15 12:07:55'),('IS 146','CSE','Operating Systems II','2015-10-15 12:07:56','2015-10-15 12:07:56'),('IS 151','CSE','Digital Circuitry','2015-10-15 12:07:51','2015-10-15 12:07:51'),('IS 161','CSE','Basic Computer Applications','2015-10-15 12:07:54','2015-10-15 12:07:54'),('IS 220_DIPL','CSE','Independent Studies/Informatics Project ','2015-10-15 12:07:52','2015-10-15 12:07:52'),('IS 231','CSE','Data Communication and Networking','2015-10-15 12:07:54','2015-10-15 12:07:54'),('IS 232','CSE','Systems and Software Engineering','2015-10-15 12:07:52','2015-10-15 12:07:52'),('IS 233','CSE','Introduction to Computer Graphics','2015-10-15 12:07:52','2015-10-15 12:07:52'),('IS 234','CSE','Human Communication and Information System','2015-10-15 12:07:54','2015-10-15 12:07:54'),('IS 235','CSE','Computerised Accounting','2015-10-15 12:07:54','2015-10-15 12:07:54'),('IS 242','CSE','Introduction to Computer Graphics','2015-10-15 12:07:56','2015-10-15 12:07:56'),('IS 242_DIPL','CSE','Introduction to Computer Graphics','2015-10-15 12:07:56','2015-10-15 12:07:56'),('IS 243','CSE','Practical Training I','2015-10-15 12:07:54','2015-10-15 12:07:54'),('IS 245','CSE','Operating systems','2015-10-15 12:07:51','2015-10-15 12:07:51'),('IS 251','CSE','Computer Networks','2015-10-15 12:07:51','2015-10-15 12:07:51'),('IS 252','CSE','Compiler Technology','2015-10-15 12:07:52','2015-10-15 12:07:52'),('IS 253','CSE','Introduction to GIS','2015-10-15 12:07:56','2015-10-15 12:07:56'),('IS 254','CSE','Operating Systems II','2015-10-15 12:07:53','2015-10-15 12:07:53'),('IS 258','CSE','PC Maintenance','2015-10-15 12:07:52','2015-10-15 12:07:52'),('IS 262','CSE','Compiler Technology','2015-10-15 12:07:53','2015-10-15 12:07:53'),('IS 263','CSE','Database Concepts','2015-10-15 12:07:56','2015-10-15 12:07:56'),('IS 271','CSE','Computer networks','2015-10-15 12:07:53','2015-10-15 12:07:53'),('IS 272.','CSE','Software Development I','2015-10-15 12:07:53','2015-10-15 12:07:53'),('IS 273','CSE','Unix Systems Administration in Linux Operating System','2015-10-15 12:07:57','2015-10-15 12:07:57'),('IS 281','CSE','Network Design and Administration I','2015-10-15 12:07:55','2015-10-15 12:07:55'),('IS 282','CSE','Software Development II','2015-10-15 12:07:53','2015-10-15 12:07:53'),('IS 283_DIPL','CSE','Electronic Commerce','2015-10-15 12:07:53','2015-10-15 12:07:53'),('IS 292','CSE','Object Oriented Programming','2015-10-15 12:07:51','2015-10-15 12:07:51'),('IS 333','CSE','System Analysis and Design','2015-10-15 12:07:55','2015-10-15 12:07:55'),('IS 334','CSE','Organisation and Management of Information Systems','2015-10-15 12:07:55','2015-10-15 12:07:55'),('IS 335','CSE','Final Year Project','2015-10-15 12:07:54','2015-10-15 12:07:54'),('IS 342','CSE','Management & Control of Software Project','2015-10-15 12:07:54','2015-10-15 12:07:54'),('IS 343','CSE','Practical training II','2015-10-15 12:07:57','2015-10-15 12:07:57'),('IS 351','CSE','Network Design & Administration','2015-10-15 12:07:53','2015-10-15 12:07:53'),('IS 353','CSE','Implementation of Databases','2015-10-15 12:07:53','2015-10-15 12:07:53'),('IS 354','CSE','Trends Changing Information Technology','2015-10-15 12:07:52','2015-10-15 12:07:52'),('IS 363','CSE','Introduction to Artificial Intelligence','2015-10-15 12:07:57','2015-10-15 12:07:57'),('IS 364','CSE','IT Security','2015-10-15 12:07:56','2015-10-15 12:07:56'),('IS 373','CSE','Introduction of Computer Stimulation and Modeling','2015-10-15 12:07:54','2015-10-15 12:07:54'),('IS 381','CSE','Distributed System','2015-10-15 12:07:51','2015-10-15 12:07:51'),('IS 383','CSE','Internet Application & Programming','2015-10-15 12:07:57','2015-10-15 12:07:57'),('IS 601','CSE','Object Oriented Programming','2015-10-15 12:07:54','2015-10-15 12:07:54'),('IS 602','CSE','Database Systems','2015-10-15 12:07:52','2015-10-15 12:07:52'),('IS 603','CSE','Advanced Networking','2015-10-15 12:07:56','2015-10-15 12:07:56'),('IS 604','CSE','Web Programming Languages','2015-10-15 12:07:53','2015-10-15 12:07:53'),('IS 605','CSE','Research Methodology','2015-10-15 12:07:54','2015-10-15 12:07:54'),('IS 606','CSE','Software architectures & applications','2015-10-15 12:07:55','2015-10-15 12:07:55'),('IS 607','CSE','Artificial Intelligence','2015-10-15 12:07:52','2015-10-15 12:07:52'),('IS 608','CSE','Distributed Databases','2015-10-15 12:07:57','2015-10-15 12:07:57'),('IS 609','CSE','Multimedia Systems','2015-10-15 12:07:54','2015-10-15 12:07:54'),('IS 610','CSE','Legal, Professional and Social Aspects of Computing','2015-10-15 12:07:56','2015-10-15 12:07:56'),('IS 699','CSE','Research Dissertation','2015-10-15 12:07:56','2015-10-15 12:07:56'),('PT1_COICT','ETE','PT1_COICT','2015-10-15 12:07:57','2015-10-15 12:07:57'),('PT1_CS','CSE','PRACTICAL TRAINING','2015-10-15 12:07:52','2015-10-15 12:07:52'),('PT2_COICT','ETE','PT2','2015-10-15 12:07:59','2015-10-15 12:07:59'),('PT2_CS','CSE','PRACTICAL TRAINING','2015-10-15 12:07:56','2015-10-15 12:07:56'),('PT3_COICT','ETE','PT3','2015-10-15 12:07:58','2015-10-15 12:07:58'),('PT3_CS','CSE','PRACTICAL TRAINING','2015-10-15 12:07:54','2015-10-15 12:07:54'),('TE 171','ETE','Introduction to Electronics Engineering','2015-10-15 12:08:00','2015-10-15 12:08:00'),('TE 241','ETE','Analogue Electronic for Engineers I','2015-10-15 12:07:59','2015-10-15 12:07:59'),('TE 242','ETE','Digital Electronic for Engineers I','2015-10-15 12:08:00','2015-10-15 12:08:00'),('TE 311','ETE','Introduction to Analogue Telecommunications','2015-10-15 12:07:59','2015-10-15 12:07:59'),('TE 312','ETE','Introduction to Digital Telecommunications','2015-10-15 12:07:57','2015-10-15 12:07:57'),('TE 312_PGD','ETE','Digital Telecommunications I','2015-10-15 12:07:58','2015-10-15 12:07:58'),('TE 313','ETE','Introduction to Switching and Transmission','2015-10-15 12:07:59','2015-10-15 12:07:59'),('TE 314','ETE','Introduction to Information Theory','2015-10-15 12:07:57','2015-10-15 12:07:57'),('TE 341','ETE','Analogue Electronics for Engineers II','2015-10-15 12:07:58','2015-10-15 12:07:58'),('TE 342','ETE','Digital Electronics for Engineers II','2015-10-15 12:07:58','2015-10-15 12:07:58'),('TE 342_PGD','ETE','Digital Electronics for Engineers I','2015-10-15 12:07:57','2015-10-15 12:07:57'),('TE 351','ETE','Analogue Electronics for Non Majors','2015-10-15 12:07:59','2015-10-15 12:07:59'),('TE 352','ETE','Digital Electronics for Non Majors','2015-10-15 12:07:59','2015-10-15 12:07:59'),('TE 411','ETE','Microwave Communication','2015-10-15 12:07:59','2015-10-15 12:07:59'),('TE 412','ETE','Digital Telecommunications II','2015-10-15 12:07:57','2015-10-15 12:07:57'),('TE 413','ETE','Introduction to Telecommunications Networks','2015-10-15 12:07:59','2015-10-15 12:07:59'),('TE 441','ETE','Analogue Electronics for Engineers III','2015-10-15 12:07:58','2015-10-15 12:07:58'),('TE 442','ETE','Digital Electronics for Engineers III','2015-10-15 12:07:59','2015-10-15 12:07:59'),('TE 471','ETE','Introduction to VLSI','2015-10-15 12:07:59','2015-10-15 12:07:59'),('TE 480','ETE','Digital Signal Processing (DSP)','2015-10-15 12:07:59','2015-10-15 12:07:59'),('TE 481','ETE','Television Engineering','2015-10-15 12:07:58','2015-10-15 12:07:58'),('TE 498','ETE','Final Year Project','2015-10-15 12:07:57','2015-10-15 12:07:57'),('TE 499','ETE','Final Project II','2015-10-15 12:07:58','2015-10-15 12:07:58'),('TE 640','ETE','Signal Analysis','2015-10-15 12:07:57','2015-10-15 12:07:57'),('TE 641','ETE','Communication Theory','2015-10-15 12:07:59','2015-10-15 12:07:59'),('TE 644','ETE','Digital Communications','2015-10-15 12:07:59','2015-10-15 12:07:59'),('TE 645','ETE','Optical Communications','2015-10-15 12:07:57','2015-10-15 12:07:57'),('TE 647','ETE','Satellite Communications','2015-10-15 12:07:59','2015-10-15 12:07:59'),('TE 649','ETE','Television Systems','2015-10-15 12:07:58','2015-10-15 12:07:58'),('TE 656','ETE','Digital Filters','2015-10-15 12:07:58','2015-10-15 12:07:58'),('TE 657','ETE','Digital Electronics','2015-10-15 12:07:59','2015-10-15 12:07:59'),('TE 659','ETE','Telecommunications Switching Principles','2015-10-15 12:07:58','2015-10-15 12:07:58'),('TE 669','ETE','Dissertation','2015-10-15 12:07:58','2015-10-15 12:07:58'),('TE 699','ETE','Dissertation','2015-10-15 12:07:58','2015-10-15 12:07:58');
/*!40000 ALTER TABLE `courses` ENABLE KEYS */;
UNLOCK TABLES;

--
-- Table structure for table `departments`
--

DROP TABLE IF EXISTS `departments`;
/*!40101 SET @saved_cs_client     = @@character_set_client */;
/*!40101 SET character_set_client = utf8 */;
CREATE TABLE `departments` (
  `id` varchar(255) COLLATE utf8_unicode_ci NOT NULL,
  `college_id` varchar(255) COLLATE utf8_unicode_ci NOT NULL,
  `department_name` varchar(255) COLLATE utf8_unicode_ci NOT NULL,
  `created_at` timestamp NOT NULL DEFAULT '0000-00-00 00:00:00',
  `updated_at` timestamp NOT NULL DEFAULT '0000-00-00 00:00:00',
  PRIMARY KEY (`id`),
  KEY `departments_college_id_foreign` (`college_id`),
  CONSTRAINT `departments_college_id_foreign` FOREIGN KEY (`college_id`) REFERENCES `colleges` (`id`) ON DELETE CASCADE ON UPDATE CASCADE
) ENGINE=InnoDB DEFAULT CHARSET=utf8 COLLATE=utf8_unicode_ci;
/*!40101 SET character_set_client = @saved_cs_client */;

--
-- Dumping data for table `departments`
--

LOCK TABLES `departments` WRITE;
/*!40000 ALTER TABLE `departments` DISABLE KEYS */;
INSERT INTO `departments` VALUES ('CSE','COICT','Computer Science and Engineering','2015-10-15 12:07:41','2015-10-15 12:07:41'),('ETE','COICT','Electcrons and Telecommunication Engineering','2015-10-15 12:07:41','2015-10-15 12:07:41'),('GE','CONAS','Geology','2015-10-15 12:07:41','2015-10-15 12:07:41'),('MIE','COET','Mechanical and Industrial Engineering','2015-10-15 12:07:41','2015-10-15 12:07:41'),('MT','CONAS','Mathematics','2015-10-15 12:07:41','2015-10-15 12:07:41');
/*!40000 ALTER TABLE `departments` ENABLE KEYS */;
UNLOCK TABLES;

--
-- Table structure for table `environment_assessment`
--

DROP TABLE IF EXISTS `environment_assessment`;
/*!40101 SET @saved_cs_client     = @@character_set_client */;
/*!40101 SET character_set_client = utf8 */;
CREATE TABLE `environment_assessment` (
  `id` int(10) unsigned NOT NULL AUTO_INCREMENT,
  `placement` int(10) unsigned NOT NULL,
  `enrollment` int(10) unsigned NOT NULL,
  `question_id` int(10) unsigned NOT NULL,
  `assessment_value` varchar(255) COLLATE utf8_unicode_ci NOT NULL,
  `created_at` timestamp NOT NULL DEFAULT '0000-00-00 00:00:00',
  `updated_at` timestamp NOT NULL DEFAULT '0000-00-00 00:00:00',
  PRIMARY KEY (`id`),
  UNIQUE KEY `environment_assessment_placement_question_id_enrollment_unique` (`placement`,`question_id`,`enrollment`),
  KEY `environment_assessment_enrollment_foreign` (`enrollment`),
  KEY `environment_assessment_question_id_foreign` (`question_id`),
  CONSTRAINT `environment_assessment_enrollment_foreign` FOREIGN KEY (`enrollment`) REFERENCES `student_course_enrollment` (`id`) ON DELETE CASCADE ON UPDATE CASCADE,
  CONSTRAINT `environment_assessment_placement_foreign` FOREIGN KEY (`placement`) REFERENCES `venue_course_placement` (`id`) ON DELETE CASCADE ON UPDATE CASCADE,
  CONSTRAINT `environment_assessment_question_id_foreign` FOREIGN KEY (`question_id`) REFERENCES `assessment_questions` (`id`) ON DELETE CASCADE ON UPDATE CASCADE
) ENGINE=InnoDB AUTO_INCREMENT=266 DEFAULT CHARSET=utf8 COLLATE=utf8_unicode_ci;
/*!40101 SET character_set_client = @saved_cs_client */;

--
-- Dumping data for table `environment_assessment`
--

LOCK TABLES `environment_assessment` WRITE;
/*!40000 ALTER TABLE `environment_assessment` DISABLE KEYS */;
INSERT INTO `environment_assessment` VALUES (82,1,1,64,'5','0000-00-00 00:00:00','0000-00-00 00:00:00'),(83,1,1,67,'4','0000-00-00 00:00:00','0000-00-00 00:00:00'),(84,1,1,70,'4','0000-00-00 00:00:00','0000-00-00 00:00:00'),(85,1,1,73,'5','0000-00-00 00:00:00','0000-00-00 00:00:00'),(86,1,1,76,'5','0000-00-00 00:00:00','0000-00-00 00:00:00'),(87,1,1,79,'4','0000-00-00 00:00:00','0000-00-00 00:00:00'),(88,1,1,82,'4','0000-00-00 00:00:00','0000-00-00 00:00:00'),(89,1,1,85,'','0000-00-00 00:00:00','0000-00-00 00:00:00'),(90,2,1,64,'5','0000-00-00 00:00:00','0000-00-00 00:00:00'),(91,2,1,67,'4','0000-00-00 00:00:00','0000-00-00 00:00:00'),(92,2,1,70,'3','0000-00-00 00:00:00','0000-00-00 00:00:00'),(93,2,1,73,'3','0000-00-00 00:00:00','0000-00-00 00:00:00'),(94,2,1,76,'4','0000-00-00 00:00:00','0000-00-00 00:00:00'),(95,2,1,79,'4','0000-00-00 00:00:00','0000-00-00 00:00:00'),(96,2,1,82,'4','0000-00-00 00:00:00','0000-00-00 00:00:00'),(97,2,1,85,'','0000-00-00 00:00:00','0000-00-00 00:00:00'),(98,3,1,64,'5','0000-00-00 00:00:00','0000-00-00 00:00:00'),(99,3,1,67,'5','0000-00-00 00:00:00','0000-00-00 00:00:00'),(100,3,1,70,'4','0000-00-00 00:00:00','0000-00-00 00:00:00'),(101,3,1,73,'4','0000-00-00 00:00:00','0000-00-00 00:00:00'),(102,3,1,76,'5','0000-00-00 00:00:00','0000-00-00 00:00:00'),(103,3,1,79,'5','0000-00-00 00:00:00','0000-00-00 00:00:00'),(104,3,1,82,'4','0000-00-00 00:00:00','0000-00-00 00:00:00'),(105,3,1,85,'','0000-00-00 00:00:00','0000-00-00 00:00:00'),(106,1,4,64,'5','0000-00-00 00:00:00','0000-00-00 00:00:00'),(107,1,4,67,'4','0000-00-00 00:00:00','0000-00-00 00:00:00'),(108,1,4,70,'3','0000-00-00 00:00:00','0000-00-00 00:00:00'),(109,1,4,73,'3','0000-00-00 00:00:00','0000-00-00 00:00:00'),(110,1,4,76,'4','0000-00-00 00:00:00','0000-00-00 00:00:00'),(111,1,4,79,'4','0000-00-00 00:00:00','0000-00-00 00:00:00'),(112,1,4,82,'5','0000-00-00 00:00:00','0000-00-00 00:00:00'),(113,1,4,85,'','0000-00-00 00:00:00','0000-00-00 00:00:00'),(114,2,4,64,'4','0000-00-00 00:00:00','0000-00-00 00:00:00'),(115,2,4,67,'4','0000-00-00 00:00:00','0000-00-00 00:00:00'),(116,2,4,70,'5','0000-00-00 00:00:00','0000-00-00 00:00:00'),(117,2,4,73,'5','0000-00-00 00:00:00','0000-00-00 00:00:00'),(118,2,4,76,'3','0000-00-00 00:00:00','0000-00-00 00:00:00'),(119,2,4,79,'3','0000-00-00 00:00:00','0000-00-00 00:00:00'),(120,2,4,82,'5','0000-00-00 00:00:00','0000-00-00 00:00:00'),(121,2,4,85,'','0000-00-00 00:00:00','0000-00-00 00:00:00'),(122,3,4,64,'5','0000-00-00 00:00:00','0000-00-00 00:00:00'),(123,3,4,67,'5','0000-00-00 00:00:00','0000-00-00 00:00:00'),(124,3,4,70,'4','0000-00-00 00:00:00','0000-00-00 00:00:00'),(125,3,4,73,'4','0000-00-00 00:00:00','0000-00-00 00:00:00'),(126,3,4,76,'5','0000-00-00 00:00:00','0000-00-00 00:00:00'),(127,3,4,79,'5','0000-00-00 00:00:00','0000-00-00 00:00:00'),(128,3,4,82,'3','0000-00-00 00:00:00','0000-00-00 00:00:00'),(129,3,4,85,'','0000-00-00 00:00:00','0000-00-00 00:00:00'),(130,4,8,64,'5','0000-00-00 00:00:00','0000-00-00 00:00:00'),(131,4,8,67,'4','0000-00-00 00:00:00','0000-00-00 00:00:00'),(132,4,8,70,'3','0000-00-00 00:00:00','0000-00-00 00:00:00'),(133,4,8,73,'3','0000-00-00 00:00:00','0000-00-00 00:00:00'),(134,4,8,76,'3','0000-00-00 00:00:00','0000-00-00 00:00:00'),(135,4,8,79,'4','0000-00-00 00:00:00','0000-00-00 00:00:00'),(136,4,8,82,'4','0000-00-00 00:00:00','0000-00-00 00:00:00'),(137,4,8,85,'','0000-00-00 00:00:00','0000-00-00 00:00:00'),(138,4,5,64,'2','0000-00-00 00:00:00','0000-00-00 00:00:00'),(139,4,5,67,'3','0000-00-00 00:00:00','0000-00-00 00:00:00'),(140,4,5,70,'4','0000-00-00 00:00:00','0000-00-00 00:00:00'),(141,4,5,73,'4','0000-00-00 00:00:00','0000-00-00 00:00:00'),(142,4,5,76,'3','0000-00-00 00:00:00','0000-00-00 00:00:00'),(143,4,5,79,'2','0000-00-00 00:00:00','0000-00-00 00:00:00'),(144,4,5,82,'2','0000-00-00 00:00:00','0000-00-00 00:00:00'),(145,4,5,85,'','0000-00-00 00:00:00','0000-00-00 00:00:00'),(146,1,1,65,'4','0000-00-00 00:00:00','0000-00-00 00:00:00'),(147,1,1,68,'3','0000-00-00 00:00:00','0000-00-00 00:00:00'),(148,1,1,71,'3','0000-00-00 00:00:00','0000-00-00 00:00:00'),(149,1,1,74,'3','0000-00-00 00:00:00','0000-00-00 00:00:00'),(150,1,1,77,'4','0000-00-00 00:00:00','0000-00-00 00:00:00'),(151,1,1,80,'4','0000-00-00 00:00:00','0000-00-00 00:00:00'),(152,1,1,83,'4','0000-00-00 00:00:00','0000-00-00 00:00:00'),(153,1,1,86,'','0000-00-00 00:00:00','0000-00-00 00:00:00'),(154,2,1,65,'5','0000-00-00 00:00:00','0000-00-00 00:00:00'),(155,2,1,68,'4','0000-00-00 00:00:00','0000-00-00 00:00:00'),(156,2,1,71,'3','0000-00-00 00:00:00','0000-00-00 00:00:00'),(157,2,1,74,'3','0000-00-00 00:00:00','0000-00-00 00:00:00'),(158,2,1,77,'3','0000-00-00 00:00:00','0000-00-00 00:00:00'),(159,2,1,80,'4','0000-00-00 00:00:00','0000-00-00 00:00:00'),(160,2,1,83,'5','0000-00-00 00:00:00','0000-00-00 00:00:00'),(161,2,1,86,'','0000-00-00 00:00:00','0000-00-00 00:00:00'),(162,3,1,65,'3','0000-00-00 00:00:00','0000-00-00 00:00:00'),(163,3,1,68,'4','0000-00-00 00:00:00','0000-00-00 00:00:00'),(164,3,1,71,'4','0000-00-00 00:00:00','0000-00-00 00:00:00'),(165,3,1,74,'4','0000-00-00 00:00:00','0000-00-00 00:00:00'),(166,3,1,77,'3','0000-00-00 00:00:00','0000-00-00 00:00:00'),(167,3,1,80,'3','0000-00-00 00:00:00','0000-00-00 00:00:00'),(168,3,1,83,'4','0000-00-00 00:00:00','0000-00-00 00:00:00'),(169,3,1,86,'','0000-00-00 00:00:00','0000-00-00 00:00:00'),(170,4,5,65,'3','0000-00-00 00:00:00','0000-00-00 00:00:00'),(171,4,5,68,'4','0000-00-00 00:00:00','0000-00-00 00:00:00'),(172,4,5,71,'4','0000-00-00 00:00:00','0000-00-00 00:00:00'),(173,4,5,74,'3','0000-00-00 00:00:00','0000-00-00 00:00:00'),(174,4,5,77,'3','0000-00-00 00:00:00','0000-00-00 00:00:00'),(175,4,5,80,'4','0000-00-00 00:00:00','0000-00-00 00:00:00'),(176,4,5,83,'4','0000-00-00 00:00:00','0000-00-00 00:00:00'),(177,4,5,86,'','0000-00-00 00:00:00','0000-00-00 00:00:00'),(178,1,4,65,'4','0000-00-00 00:00:00','0000-00-00 00:00:00'),(179,1,4,68,'5','0000-00-00 00:00:00','0000-00-00 00:00:00'),(180,1,4,71,'5','0000-00-00 00:00:00','0000-00-00 00:00:00'),(181,1,4,74,'5','0000-00-00 00:00:00','0000-00-00 00:00:00'),(182,1,4,77,'5','0000-00-00 00:00:00','0000-00-00 00:00:00'),(183,1,4,80,'4','0000-00-00 00:00:00','0000-00-00 00:00:00'),(184,1,4,83,'4','0000-00-00 00:00:00','0000-00-00 00:00:00'),(185,1,4,86,'','0000-00-00 00:00:00','0000-00-00 00:00:00'),(186,2,4,65,'4','0000-00-00 00:00:00','0000-00-00 00:00:00'),(187,2,4,68,'5','0000-00-00 00:00:00','0000-00-00 00:00:00'),(188,2,4,71,'5','0000-00-00 00:00:00','0000-00-00 00:00:00'),(189,2,4,74,'5','0000-00-00 00:00:00','0000-00-00 00:00:00'),(190,2,4,77,'4','0000-00-00 00:00:00','0000-00-00 00:00:00'),(191,2,4,80,'4','0000-00-00 00:00:00','0000-00-00 00:00:00'),(192,2,4,83,'4','0000-00-00 00:00:00','0000-00-00 00:00:00'),(193,2,4,86,'','0000-00-00 00:00:00','0000-00-00 00:00:00'),(194,3,4,65,'3','0000-00-00 00:00:00','0000-00-00 00:00:00'),(195,3,4,68,'4','0000-00-00 00:00:00','0000-00-00 00:00:00'),(196,3,4,71,'4','0000-00-00 00:00:00','0000-00-00 00:00:00'),(197,3,4,74,'4','0000-00-00 00:00:00','0000-00-00 00:00:00'),(198,3,4,77,'3','0000-00-00 00:00:00','0000-00-00 00:00:00'),(199,3,4,80,'3','0000-00-00 00:00:00','0000-00-00 00:00:00'),(200,3,4,83,'4','0000-00-00 00:00:00','0000-00-00 00:00:00'),(201,3,4,86,'','0000-00-00 00:00:00','0000-00-00 00:00:00'),(202,4,5,66,'2','0000-00-00 00:00:00','0000-00-00 00:00:00'),(203,4,5,69,'3','0000-00-00 00:00:00','0000-00-00 00:00:00'),(204,4,5,72,'3','0000-00-00 00:00:00','0000-00-00 00:00:00'),(205,4,5,75,'4','0000-00-00 00:00:00','0000-00-00 00:00:00'),(206,4,5,78,'4','0000-00-00 00:00:00','0000-00-00 00:00:00'),(207,4,5,81,'4','0000-00-00 00:00:00','0000-00-00 00:00:00'),(208,4,5,84,'3','0000-00-00 00:00:00','0000-00-00 00:00:00'),(209,4,5,87,'','0000-00-00 00:00:00','0000-00-00 00:00:00'),(210,1,1,66,'3','0000-00-00 00:00:00','0000-00-00 00:00:00'),(211,1,1,69,'3','0000-00-00 00:00:00','0000-00-00 00:00:00'),(212,1,1,72,'4','0000-00-00 00:00:00','0000-00-00 00:00:00'),(213,1,1,75,'4','0000-00-00 00:00:00','0000-00-00 00:00:00'),(214,1,1,78,'4','0000-00-00 00:00:00','0000-00-00 00:00:00'),(215,1,1,81,'3','0000-00-00 00:00:00','0000-00-00 00:00:00'),(216,1,1,84,'3','0000-00-00 00:00:00','0000-00-00 00:00:00'),(217,1,1,87,'','0000-00-00 00:00:00','0000-00-00 00:00:00'),(218,2,1,66,'5','0000-00-00 00:00:00','0000-00-00 00:00:00'),(219,2,1,69,'4','0000-00-00 00:00:00','0000-00-00 00:00:00'),(220,2,1,72,'4','0000-00-00 00:00:00','0000-00-00 00:00:00'),(221,2,1,75,'5','0000-00-00 00:00:00','0000-00-00 00:00:00'),(222,2,1,78,'5','0000-00-00 00:00:00','0000-00-00 00:00:00'),(223,2,1,81,'4','0000-00-00 00:00:00','0000-00-00 00:00:00'),(224,2,1,84,'4','0000-00-00 00:00:00','0000-00-00 00:00:00'),(225,2,1,87,'','0000-00-00 00:00:00','0000-00-00 00:00:00'),(226,3,1,66,'5','0000-00-00 00:00:00','0000-00-00 00:00:00'),(227,3,1,69,'5','0000-00-00 00:00:00','0000-00-00 00:00:00'),(228,3,1,72,'4','0000-00-00 00:00:00','0000-00-00 00:00:00'),(229,3,1,75,'3','0000-00-00 00:00:00','0000-00-00 00:00:00'),(230,3,1,78,'2','0000-00-00 00:00:00','0000-00-00 00:00:00'),(231,3,1,81,'1','0000-00-00 00:00:00','0000-00-00 00:00:00'),(232,3,1,84,'1','0000-00-00 00:00:00','0000-00-00 00:00:00'),(233,3,1,87,'','0000-00-00 00:00:00','0000-00-00 00:00:00'),(234,4,8,66,'4','0000-00-00 00:00:00','0000-00-00 00:00:00'),(235,4,8,69,'5','0000-00-00 00:00:00','0000-00-00 00:00:00'),(236,4,8,72,'5','0000-00-00 00:00:00','0000-00-00 00:00:00'),(237,4,8,75,'4','0000-00-00 00:00:00','0000-00-00 00:00:00'),(238,4,8,78,'4','0000-00-00 00:00:00','0000-00-00 00:00:00'),(239,4,8,81,'3','0000-00-00 00:00:00','0000-00-00 00:00:00'),(240,4,8,84,'3','0000-00-00 00:00:00','0000-00-00 00:00:00'),(241,4,8,87,'','0000-00-00 00:00:00','0000-00-00 00:00:00'),(242,1,4,66,'4','0000-00-00 00:00:00','0000-00-00 00:00:00'),(243,1,4,69,'4','0000-00-00 00:00:00','0000-00-00 00:00:00'),(244,1,4,72,'3','0000-00-00 00:00:00','0000-00-00 00:00:00'),(245,1,4,75,'3','0000-00-00 00:00:00','0000-00-00 00:00:00'),(246,1,4,78,'4','0000-00-00 00:00:00','0000-00-00 00:00:00'),(247,1,4,81,'4','0000-00-00 00:00:00','0000-00-00 00:00:00'),(248,1,4,84,'5','0000-00-00 00:00:00','0000-00-00 00:00:00'),(249,1,4,87,'','0000-00-00 00:00:00','0000-00-00 00:00:00'),(250,2,4,66,'3','0000-00-00 00:00:00','0000-00-00 00:00:00'),(251,2,4,69,'4','0000-00-00 00:00:00','0000-00-00 00:00:00'),(252,2,4,72,'4','0000-00-00 00:00:00','0000-00-00 00:00:00'),(253,2,4,75,'4','0000-00-00 00:00:00','0000-00-00 00:00:00'),(254,2,4,78,'5','0000-00-00 00:00:00','0000-00-00 00:00:00'),(255,2,4,81,'5','0000-00-00 00:00:00','0000-00-00 00:00:00'),(256,2,4,84,'4','0000-00-00 00:00:00','0000-00-00 00:00:00'),(257,2,4,87,'','0000-00-00 00:00:00','0000-00-00 00:00:00'),(258,3,4,66,'4','0000-00-00 00:00:00','0000-00-00 00:00:00'),(259,3,4,69,'3','0000-00-00 00:00:00','0000-00-00 00:00:00'),(260,3,4,72,'3','0000-00-00 00:00:00','0000-00-00 00:00:00'),(261,3,4,75,'4','0000-00-00 00:00:00','0000-00-00 00:00:00'),(262,3,4,78,'4','0000-00-00 00:00:00','0000-00-00 00:00:00'),(263,3,4,81,'3','0000-00-00 00:00:00','0000-00-00 00:00:00'),(264,3,4,84,'3','0000-00-00 00:00:00','0000-00-00 00:00:00'),(265,3,4,87,'','0000-00-00 00:00:00','0000-00-00 00:00:00');
/*!40000 ALTER TABLE `environment_assessment` ENABLE KEYS */;
UNLOCK TABLES;

--
-- Table structure for table `heads_of_department`
--

DROP TABLE IF EXISTS `heads_of_department`;
/*!40101 SET @saved_cs_client     = @@character_set_client */;
/*!40101 SET character_set_client = utf8 */;
CREATE TABLE `heads_of_department` (
  `id` varchar(255) COLLATE utf8_unicode_ci NOT NULL,
  `lecturer_id` varchar(255) COLLATE utf8_unicode_ci NOT NULL,
  `created_at` timestamp NOT NULL DEFAULT '0000-00-00 00:00:00',
  `updated_at` timestamp NOT NULL DEFAULT '0000-00-00 00:00:00',
  PRIMARY KEY (`id`),
  KEY `heads_of_department_lecturer_id_foreign` (`lecturer_id`),
  CONSTRAINT `heads_of_department_id_foreign` FOREIGN KEY (`id`) REFERENCES `users` (`id`) ON DELETE CASCADE ON UPDATE CASCADE,
  CONSTRAINT `heads_of_department_lecturer_id_foreign` FOREIGN KEY (`lecturer_id`) REFERENCES `lecturers` (`id`) ON DELETE CASCADE ON UPDATE CASCADE
) ENGINE=InnoDB DEFAULT CHARSET=utf8 COLLATE=utf8_unicode_ci;
/*!40101 SET character_set_client = @saved_cs_client */;

--
-- Dumping data for table `heads_of_department`
--

LOCK TABLES `heads_of_department` WRITE;
/*!40000 ALTER TABLE `heads_of_department` DISABLE KEYS */;
INSERT INTO `heads_of_department` VALUES ('HOD.Bwire.Ndazi','Bwire.Ndazi','2015-10-15 12:14:42','2015-10-15 12:14:42'),('HOD.Libe.Massawe','Libe.Massawe','2015-11-07 20:59:05','2015-11-07 20:59:05'),('HOD.Mercy.Mbise','Mercy.Mbise','2015-10-15 12:14:42','2015-10-15 12:14:42');
/*!40000 ALTER TABLE `heads_of_department` ENABLE KEYS */;
UNLOCK TABLES;

--
-- Table structure for table `instructor_assessment`
--

DROP TABLE IF EXISTS `instructor_assessment`;
/*!40101 SET @saved_cs_client     = @@character_set_client */;
/*!40101 SET character_set_client = utf8 */;
CREATE TABLE `instructor_assessment` (
  `id` int(10) unsigned NOT NULL AUTO_INCREMENT,
  `student_enrollment_id` int(10) unsigned NOT NULL,
  `question_id` int(10) unsigned NOT NULL,
  `assessment_value` varchar(255) COLLATE utf8_unicode_ci NOT NULL,
  `created_at` timestamp NOT NULL DEFAULT '0000-00-00 00:00:00',
  `updated_at` timestamp NOT NULL DEFAULT '0000-00-00 00:00:00',
  PRIMARY KEY (`id`),
  UNIQUE KEY `instructor_assessment_student_enrollment_id_question_id_unique` (`student_enrollment_id`,`question_id`),
  KEY `instructor_assessment_question_id_foreign` (`question_id`),
  CONSTRAINT `instructor_assessment_question_id_foreign` FOREIGN KEY (`question_id`) REFERENCES `assessment_questions` (`id`) ON DELETE CASCADE ON UPDATE CASCADE,
  CONSTRAINT `instructor_assessment_student_enrollment_id_foreign` FOREIGN KEY (`student_enrollment_id`) REFERENCES `student_course_enrollment` (`id`) ON DELETE CASCADE ON UPDATE CASCADE
) ENGINE=InnoDB AUTO_INCREMENT=144 DEFAULT CHARSET=utf8 COLLATE=utf8_unicode_ci;
/*!40101 SET character_set_client = @saved_cs_client */;

--
-- Dumping data for table `instructor_assessment`
--

LOCK TABLES `instructor_assessment` WRITE;
/*!40000 ALTER TABLE `instructor_assessment` DISABLE KEYS */;
INSERT INTO `instructor_assessment` VALUES (26,8,10,'3','0000-00-00 00:00:00','0000-00-00 00:00:00'),(27,8,13,'4','0000-00-00 00:00:00','0000-00-00 00:00:00'),(28,8,16,'4','0000-00-00 00:00:00','0000-00-00 00:00:00'),(29,8,19,'4','0000-00-00 00:00:00','0000-00-00 00:00:00'),(30,8,22,'4','0000-00-00 00:00:00','0000-00-00 00:00:00'),(31,8,25,'5','0000-00-00 00:00:00','0000-00-00 00:00:00'),(32,8,28,'5','0000-00-00 00:00:00','0000-00-00 00:00:00'),(33,8,31,'','0000-00-00 00:00:00','0000-00-00 00:00:00'),(34,1,1,'4','0000-00-00 00:00:00','0000-00-00 00:00:00'),(35,1,4,'5','0000-00-00 00:00:00','0000-00-00 00:00:00'),(36,1,7,'5','0000-00-00 00:00:00','0000-00-00 00:00:00'),(37,1,10,'3','0000-00-00 00:00:00','0000-00-00 00:00:00'),(38,1,13,'4','0000-00-00 00:00:00','0000-00-00 00:00:00'),(39,1,16,'4','0000-00-00 00:00:00','0000-00-00 00:00:00'),(40,1,19,'3','0000-00-00 00:00:00','0000-00-00 00:00:00'),(41,1,22,'4','0000-00-00 00:00:00','0000-00-00 00:00:00'),(42,1,25,'3','0000-00-00 00:00:00','0000-00-00 00:00:00'),(43,1,28,'1','0000-00-00 00:00:00','0000-00-00 00:00:00'),(44,1,31,'','0000-00-00 00:00:00','0000-00-00 00:00:00'),(45,5,1,'5','0000-00-00 00:00:00','0000-00-00 00:00:00'),(46,5,4,'4','0000-00-00 00:00:00','0000-00-00 00:00:00'),(47,5,7,'4','0000-00-00 00:00:00','0000-00-00 00:00:00'),(48,5,10,'5','0000-00-00 00:00:00','0000-00-00 00:00:00'),(49,5,13,'3','0000-00-00 00:00:00','0000-00-00 00:00:00'),(50,5,16,'5','0000-00-00 00:00:00','0000-00-00 00:00:00'),(51,5,19,'4','0000-00-00 00:00:00','0000-00-00 00:00:00'),(52,5,22,'4','0000-00-00 00:00:00','0000-00-00 00:00:00'),(53,5,25,'5','0000-00-00 00:00:00','0000-00-00 00:00:00'),(54,5,28,'4','0000-00-00 00:00:00','0000-00-00 00:00:00'),(55,5,31,'','0000-00-00 00:00:00','0000-00-00 00:00:00'),(56,4,1,'5','0000-00-00 00:00:00','0000-00-00 00:00:00'),(57,4,4,'3','0000-00-00 00:00:00','0000-00-00 00:00:00'),(58,4,7,'3','0000-00-00 00:00:00','0000-00-00 00:00:00'),(59,4,10,'4','0000-00-00 00:00:00','0000-00-00 00:00:00'),(60,4,13,'4','0000-00-00 00:00:00','0000-00-00 00:00:00'),(61,4,16,'3','0000-00-00 00:00:00','0000-00-00 00:00:00'),(62,4,19,'3','0000-00-00 00:00:00','0000-00-00 00:00:00'),(63,4,22,'2','0000-00-00 00:00:00','0000-00-00 00:00:00'),(64,4,25,'2','0000-00-00 00:00:00','0000-00-00 00:00:00'),(65,4,28,'3','0000-00-00 00:00:00','0000-00-00 00:00:00'),(66,4,31,'','0000-00-00 00:00:00','0000-00-00 00:00:00'),(67,1,2,'3','0000-00-00 00:00:00','0000-00-00 00:00:00'),(68,1,5,'4','0000-00-00 00:00:00','0000-00-00 00:00:00'),(69,1,8,'5','0000-00-00 00:00:00','0000-00-00 00:00:00'),(70,1,11,'3','0000-00-00 00:00:00','0000-00-00 00:00:00'),(71,1,14,'5','0000-00-00 00:00:00','0000-00-00 00:00:00'),(72,1,17,'3','0000-00-00 00:00:00','0000-00-00 00:00:00'),(73,1,20,'3','0000-00-00 00:00:00','0000-00-00 00:00:00'),(74,1,23,'4','0000-00-00 00:00:00','0000-00-00 00:00:00'),(75,1,26,'5','0000-00-00 00:00:00','0000-00-00 00:00:00'),(76,1,29,'4','0000-00-00 00:00:00','0000-00-00 00:00:00'),(77,1,32,'','0000-00-00 00:00:00','0000-00-00 00:00:00'),(78,5,2,'4','0000-00-00 00:00:00','0000-00-00 00:00:00'),(79,5,5,'3','0000-00-00 00:00:00','0000-00-00 00:00:00'),(80,5,8,'3','0000-00-00 00:00:00','0000-00-00 00:00:00'),(81,5,11,'4','0000-00-00 00:00:00','0000-00-00 00:00:00'),(82,5,14,'4','0000-00-00 00:00:00','0000-00-00 00:00:00'),(83,5,17,'3','0000-00-00 00:00:00','0000-00-00 00:00:00'),(84,5,20,'3','0000-00-00 00:00:00','0000-00-00 00:00:00'),(85,5,23,'4','0000-00-00 00:00:00','0000-00-00 00:00:00'),(86,5,26,'4','0000-00-00 00:00:00','0000-00-00 00:00:00'),(87,5,29,'3','0000-00-00 00:00:00','0000-00-00 00:00:00'),(88,5,32,'','0000-00-00 00:00:00','0000-00-00 00:00:00'),(89,4,2,'3','0000-00-00 00:00:00','0000-00-00 00:00:00'),(90,4,5,'4','0000-00-00 00:00:00','0000-00-00 00:00:00'),(91,4,8,'4','0000-00-00 00:00:00','0000-00-00 00:00:00'),(92,4,11,'3','0000-00-00 00:00:00','0000-00-00 00:00:00'),(93,4,14,'3','0000-00-00 00:00:00','0000-00-00 00:00:00'),(94,4,17,'4','0000-00-00 00:00:00','0000-00-00 00:00:00'),(95,4,20,'4','0000-00-00 00:00:00','0000-00-00 00:00:00'),(96,4,23,'3','0000-00-00 00:00:00','0000-00-00 00:00:00'),(97,4,26,'4','0000-00-00 00:00:00','0000-00-00 00:00:00'),(98,4,29,'4','0000-00-00 00:00:00','0000-00-00 00:00:00'),(99,4,32,'Instructor should be provided a lab for practical purposes','0000-00-00 00:00:00','0000-00-00 00:00:00'),(100,5,3,'5','0000-00-00 00:00:00','0000-00-00 00:00:00'),(101,5,6,'4','0000-00-00 00:00:00','0000-00-00 00:00:00'),(102,5,9,'4','0000-00-00 00:00:00','0000-00-00 00:00:00'),(103,5,12,'4','0000-00-00 00:00:00','0000-00-00 00:00:00'),(104,5,15,'5','0000-00-00 00:00:00','0000-00-00 00:00:00'),(105,5,18,'5','0000-00-00 00:00:00','0000-00-00 00:00:00'),(106,5,21,'5','0000-00-00 00:00:00','0000-00-00 00:00:00'),(107,5,24,'4','0000-00-00 00:00:00','0000-00-00 00:00:00'),(108,5,27,'4','0000-00-00 00:00:00','0000-00-00 00:00:00'),(109,5,30,'5','0000-00-00 00:00:00','0000-00-00 00:00:00'),(110,5,33,'','0000-00-00 00:00:00','0000-00-00 00:00:00'),(111,1,3,'4','0000-00-00 00:00:00','0000-00-00 00:00:00'),(112,1,6,'4','0000-00-00 00:00:00','0000-00-00 00:00:00'),(113,1,9,'3','0000-00-00 00:00:00','0000-00-00 00:00:00'),(114,1,12,'3','0000-00-00 00:00:00','0000-00-00 00:00:00'),(115,1,15,'4','0000-00-00 00:00:00','0000-00-00 00:00:00'),(116,1,18,'4','0000-00-00 00:00:00','0000-00-00 00:00:00'),(117,1,21,'3','0000-00-00 00:00:00','0000-00-00 00:00:00'),(118,1,24,'3','0000-00-00 00:00:00','0000-00-00 00:00:00'),(119,1,27,'4','0000-00-00 00:00:00','0000-00-00 00:00:00'),(120,1,30,'4','0000-00-00 00:00:00','0000-00-00 00:00:00'),(121,1,33,'Instructor did not relate the course to the real facts','0000-00-00 00:00:00','0000-00-00 00:00:00'),(122,8,3,'5','0000-00-00 00:00:00','0000-00-00 00:00:00'),(123,8,6,'4','0000-00-00 00:00:00','0000-00-00 00:00:00'),(124,8,9,'4','0000-00-00 00:00:00','0000-00-00 00:00:00'),(125,8,12,'4','0000-00-00 00:00:00','0000-00-00 00:00:00'),(126,8,15,'5','0000-00-00 00:00:00','0000-00-00 00:00:00'),(127,8,18,'5','0000-00-00 00:00:00','0000-00-00 00:00:00'),(128,8,21,'4','0000-00-00 00:00:00','0000-00-00 00:00:00'),(129,8,24,'4','0000-00-00 00:00:00','0000-00-00 00:00:00'),(130,8,27,'5','0000-00-00 00:00:00','0000-00-00 00:00:00'),(131,8,30,'5','0000-00-00 00:00:00','0000-00-00 00:00:00'),(132,8,33,'Instructor provided very difficult situations in understanding this course','0000-00-00 00:00:00','0000-00-00 00:00:00'),(133,4,3,'4','0000-00-00 00:00:00','0000-00-00 00:00:00'),(134,4,6,'5','0000-00-00 00:00:00','0000-00-00 00:00:00'),(135,4,9,'4','0000-00-00 00:00:00','0000-00-00 00:00:00'),(136,4,12,'4','0000-00-00 00:00:00','0000-00-00 00:00:00'),(137,4,15,'5','0000-00-00 00:00:00','0000-00-00 00:00:00'),(138,4,18,'5','0000-00-00 00:00:00','0000-00-00 00:00:00'),(139,4,21,'4','0000-00-00 00:00:00','0000-00-00 00:00:00'),(140,4,24,'3','0000-00-00 00:00:00','0000-00-00 00:00:00'),(141,4,27,'4','0000-00-00 00:00:00','0000-00-00 00:00:00'),(142,4,30,'4','0000-00-00 00:00:00','0000-00-00 00:00:00'),(143,4,33,'Instructor provided very difficult situations in understanding this course','0000-00-00 00:00:00','0000-00-00 00:00:00');
/*!40000 ALTER TABLE `instructor_assessment` ENABLE KEYS */;
UNLOCK TABLES;

--
-- Table structure for table `lecturer_course_assignment`
--

DROP TABLE IF EXISTS `lecturer_course_assignment`;
/*!40101 SET @saved_cs_client     = @@character_set_client */;
/*!40101 SET character_set_client = utf8 */;
CREATE TABLE `lecturer_course_assignment` (
  `id` int(10) unsigned NOT NULL AUTO_INCREMENT,
  `lecturer_id` varchar(255) COLLATE utf8_unicode_ci NOT NULL,
  `course` char(10) COLLATE utf8_unicode_ci NOT NULL,
  `yr` char(10) COLLATE utf8_unicode_ci NOT NULL,
  `semister` int(11) NOT NULL,
  `auth_14` tinyint(1) NOT NULL DEFAULT '0',
  `auth_overall` tinyint(1) NOT NULL DEFAULT '0',
  `created_at` timestamp NOT NULL DEFAULT '0000-00-00 00:00:00',
  `updated_at` timestamp NOT NULL DEFAULT '0000-00-00 00:00:00',
  PRIMARY KEY (`id`),
  UNIQUE KEY `lecturer_course_assignment_course_yr_unique` (`course`,`yr`),
  KEY `lecturer_course_assignment_lecturer_id_foreign` (`lecturer_id`),
  CONSTRAINT `lecturer_course_assignment_course_foreign` FOREIGN KEY (`course`) REFERENCES `courses` (`id`) ON DELETE CASCADE ON UPDATE CASCADE,
  CONSTRAINT `lecturer_course_assignment_lecturer_id_foreign` FOREIGN KEY (`lecturer_id`) REFERENCES `lecturers` (`id`) ON DELETE CASCADE ON UPDATE CASCADE
) ENGINE=InnoDB AUTO_INCREMENT=3 DEFAULT CHARSET=utf8 COLLATE=utf8_unicode_ci;
/*!40101 SET character_set_client = @saved_cs_client */;

--
-- Dumping data for table `lecturer_course_assignment`
--

LOCK TABLES `lecturer_course_assignment` WRITE;
/*!40000 ALTER TABLE `lecturer_course_assignment` DISABLE KEYS */;
INSERT INTO `lecturer_course_assignment` VALUES (1,'Fredrick.Ishengoma','CS 355','2014/15',2,0,0,'2015-10-15 12:25:51','2015-10-15 12:25:51'),(2,'Kosmas.Kapis','IS 364','2014/15',2,0,0,'2015-10-15 12:25:51','2015-10-15 12:25:51');
/*!40000 ALTER TABLE `lecturer_course_assignment` ENABLE KEYS */;
UNLOCK TABLES;

--
-- Table structure for table `lecturers`
--

DROP TABLE IF EXISTS `lecturers`;
/*!40101 SET @saved_cs_client     = @@character_set_client */;
/*!40101 SET character_set_client = utf8 */;
CREATE TABLE `lecturers` (
  `id` varchar(255) COLLATE utf8_unicode_ci NOT NULL,
  `position` varchar(255) COLLATE utf8_unicode_ci NOT NULL,
  `department_id` varchar(255) COLLATE utf8_unicode_ci NOT NULL,
  `status` tinyint(1) NOT NULL DEFAULT '1',
  `created_at` timestamp NOT NULL DEFAULT '0000-00-00 00:00:00',
  `updated_at` timestamp NOT NULL DEFAULT '0000-00-00 00:00:00',
  PRIMARY KEY (`id`),
  KEY `lecturers_department_id_foreign` (`department_id`),
  CONSTRAINT `lecturers_department_id_foreign` FOREIGN KEY (`department_id`) REFERENCES `departments` (`id`) ON DELETE CASCADE ON UPDATE CASCADE,
  CONSTRAINT `lecturers_id_foreign` FOREIGN KEY (`id`) REFERENCES `users` (`id`) ON DELETE CASCADE ON UPDATE CASCADE
) ENGINE=InnoDB DEFAULT CHARSET=utf8 COLLATE=utf8_unicode_ci;
/*!40101 SET character_set_client = @saved_cs_client */;

--
-- Dumping data for table `lecturers`
--

LOCK TABLES `lecturers` WRITE;
/*!40000 ALTER TABLE `lecturers` DISABLE KEYS */;
INSERT INTO `lecturers` VALUES ('A. A..Chilwan','Assistant Lecturer','ETE',1,'2015-10-15 12:13:27','2015-10-15 12:13:27'),('A.Mvuma','Lecturer','ETE',1,'2015-10-15 12:13:25','2015-10-15 12:13:25'),('Abdi.Abdalla','Assistant Lecturer','ETE',1,'2015-10-15 12:13:26','2015-10-15 12:13:26'),('Abdil.Rashid','Assistant Lecturer','CSE',1,'2015-10-15 12:13:30','2015-10-15 12:13:30'),('Alfred.Mwambela','Senior Lecturer','ETE',1,'2015-10-15 12:13:25','2015-10-15 12:13:25'),('Angelina.Misso','Tutorial Assistants','ETE',1,'2015-10-15 12:13:28','2015-10-15 12:13:28'),('Baraka.Maiseli ','Assistant Lecturer','ETE',1,'2015-10-15 12:13:26','2015-10-15 12:13:26'),('Betty.Mbwilo','Assistant Lecturer','CSE',1,'2015-10-15 12:13:30','2015-10-15 12:13:30'),('Bwire.Ndazi','Senior Lecturer','MIE',1,'2015-10-15 12:13:32','2015-10-15 12:13:32'),('C.John','Assistant Lecturer','ETE',1,'2015-10-15 12:13:26','2015-10-15 12:13:26'),('C.Mwase','Assistant Lecturer','ETE',1,'2015-10-15 12:13:26','2015-10-15 12:13:26'),('Daudi.Mnyanghwalo','Assistant Lecturer','CSE',1,'2015-10-15 12:13:32','2015-10-15 12:13:32'),('Diana.Rwegasira','Assistant Lecturer','CSE',1,'2015-10-15 12:13:31','2015-10-15 12:13:31'),('Edward.Mhamilawa','Lecturer','ETE',1,'2015-10-15 12:13:25','2015-10-15 12:13:25'),('Ellen.Kalinga','Senior Lecturer','CSE',1,'2015-10-15 12:13:30','2015-10-15 12:13:30'),('Eva.Shayo','Tutorial Assistants','ETE',1,'2015-10-15 12:13:28','2015-10-15 12:13:28'),('Fatuma.Simba','Lecturer','CSE',1,'2015-10-15 12:13:31','2015-10-15 12:13:31'),('Fredrick.Ishengoma','Assistant Lecturer','CSE',1,'2015-10-15 12:13:29','2015-10-15 12:13:29'),('G.W..Chugulu','Tutorial Assistants','ETE',1,'2015-10-15 12:13:28','2015-10-15 12:13:28'),('Godfrey.Justo','Senior Lecturer','CSE',1,'2015-10-15 12:13:31','2015-10-15 12:13:31'),('Godwin.Gadiel','Tutorial Assistants','ETE',1,'2015-10-15 12:13:28','2015-10-15 12:13:28'),('Goodluck.Koda','Senior Lecturer','CSE',1,'2015-10-15 12:13:29','2015-10-15 12:13:29'),('H.G..Msuya','Tutorial Assistants','ETE',1,'2015-10-15 12:13:27','2015-10-15 12:13:27'),('H.Kundaeli','Senior Lecturer','ETE',1,'2015-10-15 12:13:24','2015-10-15 12:13:24'),('H.R..Mbembati','Tutorial Assistants','ETE',1,'2015-10-15 12:13:27','2015-10-15 12:13:27'),('Hashim.Iddi','Assistant Lecturer','ETE',1,'2015-10-15 12:13:26','2015-10-15 12:13:26'),('Henry.Kalisti','Assistant Lecturer','CSE',1,'2015-10-15 12:13:32','2015-10-15 12:13:32'),('Henry.Mgombelo','Senior Lecturer','ETE',1,'2015-10-15 12:13:24','2015-10-15 12:13:24'),('Honest.Kimaro','Lecturer','CSE',1,'2015-10-15 12:13:29','2015-10-15 12:13:29'),('I.E..Bulugu','Tutorial Assistants','ETE',1,'2015-10-15 12:13:28','2015-10-15 12:13:28'),('Josephine.Stephen','Tutorial Assistants','ETE',1,'2015-10-15 12:13:28','2015-10-15 12:13:28'),('Josiah.Nombo','Assistant Lecturer','ETE',1,'2015-10-15 12:13:25','2015-10-15 12:13:25'),('Juma.Lungo','Senior Lecturer','CSE',1,'2015-10-15 12:13:30','2015-10-15 12:13:30'),('Khadija.Mkocha','Assistant Lecturer','ETE',1,'2015-10-15 12:13:27','2015-10-15 12:13:27'),('Kosmas.Kapis','Lecturer','CSE',1,'2015-10-15 12:24:57','2015-10-15 12:24:57'),('Kwame.Ibwe','Assistant Lecturer','ETE',1,'2015-10-15 12:13:25','2015-10-15 12:13:25'),('Leonard .Peter','Assistant Lecturer','CSE',1,'2015-10-15 12:13:31','2015-10-15 12:13:31'),('Libe.Massawe','Lecturer','ETE',1,'2015-10-15 12:13:24','2015-10-15 12:13:24'),('M.K..Mohamed','Assistant Lecturer','ETE',1,'2015-10-15 12:13:27','2015-10-15 12:13:27'),('M.Kissaka','Senior Lecturer','ETE',1,'2015-10-15 12:13:24','2015-10-15 12:13:24'),('M.Luhanga','Senior Lecturer','ETE',1,'2015-10-15 12:13:24','2015-10-15 12:13:24'),('Mahadia.Tunga','Assistant Lecturer','CSE',1,'2015-10-15 12:13:32','2015-10-15 12:13:32'),('Mercy.Mbise','Senior Lecturer','CSE',1,'2015-10-15 12:13:33','2015-10-15 12:13:33'),('Moses.Ismail','Tutorial Assistants','ETE',1,'2015-10-15 12:13:29','2015-10-15 12:13:29'),('Mulembwa.Munaku','Assistant Lecturer','CSE',1,'2015-10-15 12:13:32','2015-10-15 12:13:32'),('Mussa.Mgwatu','Senior Lecturer','MIE',1,'2015-10-15 12:13:32','2015-10-15 12:13:32'),('Nassor.Ally','Tutorial Assistants','ETE',1,'2015-10-15 12:13:28','2015-10-15 12:13:28'),('Ndyetabura.Hamisi','Assistant Lecturer','CSE',1,'2015-10-15 12:13:30','2015-10-15 12:13:30'),('Nerey.Mvungi','Senior Lecturer','CSE',1,'2015-10-15 12:13:29','2015-10-15 12:13:29'),('Omar.Hamad','Lecturer','ETE',1,'2015-10-15 12:13:25','2015-10-15 12:13:25'),('Prosper.Mafole','Assistant Lecturer','ETE',1,'2015-10-15 12:13:27','2015-10-15 12:13:27'),('Salome.Maro','Assistant Lecturer','CSE',1,'2015-10-15 12:13:32','2015-10-15 12:13:32'),('Shililiandum. Naiman','Assistant Lecturer','ETE',1,'2015-10-15 12:13:26','2015-10-15 12:13:26'),('Twahir.Kiobya','Assistant Lecturer','CSE',1,'2015-10-15 12:13:31','2015-10-15 12:13:31'),('Wilfred.Senyoni','Assistant Lecturer','CSE',1,'2015-10-15 12:13:30','2015-10-15 12:13:30'),('Yona.Andegelile','Assistant Lecturer','CSE',1,'2015-10-15 12:13:29','2015-10-15 12:13:29');
/*!40000 ALTER TABLE `lecturers` ENABLE KEYS */;
UNLOCK TABLES;

--
-- Table structure for table `migrations`
--

DROP TABLE IF EXISTS `migrations`;
/*!40101 SET @saved_cs_client     = @@character_set_client */;
/*!40101 SET character_set_client = utf8 */;
CREATE TABLE `migrations` (
  `migration` varchar(255) COLLATE utf8_unicode_ci NOT NULL,
  `batch` int(11) NOT NULL
) ENGINE=InnoDB DEFAULT CHARSET=utf8 COLLATE=utf8_unicode_ci;
/*!40101 SET character_set_client = @saved_cs_client */;

--
-- Dumping data for table `migrations`
--

LOCK TABLES `migrations` WRITE;
/*!40000 ALTER TABLE `migrations` DISABLE KEYS */;
INSERT INTO `migrations` VALUES ('2014_05_14_040514_create_assessment_questions_table',1),('2014_05_14_171439_create_users_table',1),('2014_05_15_034538_create_colleges_table',1),('2014_05_15_034906_create_venue_table',1),('2014_05_15_035144_create_departments_table',1),('2014_05_15_035406_create_students_table',1),('2014_05_15_035628_create_lecturers_table',1),('2014_05_15_035807_create_courses_table',1),('2014_05_15_040015_create_heads_of_departments',1),('2014_05_15_042252_create_qab_table',1),('2014_07_01_135724_create_assessment_details_table',1),('2015_09_24_081031_create_lecturer_course_assignment_table',1),('2015_09_24_081149_create_student_course_enrollment_table',1),('2015_09_24_081241_create_course_assessment_table',1),('2015_09_24_081254_create_class_assessment_table',1),('2015_09_24_095928_create_venue_course_placement_table',1),('2015_09_24_100027_create_environment_assessment_table',2),('2015_09_25_003101_create_instructor_assessment_table',2);
/*!40000 ALTER TABLE `migrations` ENABLE KEYS */;
UNLOCK TABLES;

--
-- Table structure for table `qab`
--

DROP TABLE IF EXISTS `qab`;
/*!40101 SET @saved_cs_client     = @@character_set_client */;
/*!40101 SET character_set_client = utf8 */;
CREATE TABLE `qab` (
  `id` varchar(255) COLLATE utf8_unicode_ci NOT NULL,
  `position` varchar(255) COLLATE utf8_unicode_ci NOT NULL,
  `created_at` timestamp NOT NULL DEFAULT '0000-00-00 00:00:00',
  `updated_at` timestamp NOT NULL DEFAULT '0000-00-00 00:00:00',
  PRIMARY KEY (`id`),
  CONSTRAINT `qab_id_foreign` FOREIGN KEY (`id`) REFERENCES `users` (`id`) ON DELETE CASCADE ON UPDATE CASCADE
) ENGINE=InnoDB DEFAULT CHARSET=utf8 COLLATE=utf8_unicode_ci;
/*!40101 SET character_set_client = @saved_cs_client */;

--
-- Dumping data for table `qab`
--

LOCK TABLES `qab` WRITE;
/*!40000 ALTER TABLE `qab` DISABLE KEYS */;
INSERT INTO `qab` VALUES ('Director.Mussa.Mgwatu','Director','2015-10-15 12:12:37','2015-10-15 12:12:37');
/*!40000 ALTER TABLE `qab` ENABLE KEYS */;
UNLOCK TABLES;

--
-- Table structure for table `student_course_enrollment`
--

DROP TABLE IF EXISTS `student_course_enrollment`;
/*!40101 SET @saved_cs_client     = @@character_set_client */;
/*!40101 SET character_set_client = utf8 */;
CREATE TABLE `student_course_enrollment` (
  `id` int(10) unsigned NOT NULL AUTO_INCREMENT,
  `reg_no` char(20) COLLATE utf8_unicode_ci NOT NULL,
  `enrolled_course_id` int(10) unsigned NOT NULL,
  `created_at` timestamp NOT NULL DEFAULT '0000-00-00 00:00:00',
  `updated_at` timestamp NOT NULL DEFAULT '0000-00-00 00:00:00',
  PRIMARY KEY (`id`),
  UNIQUE KEY `student_course_enrollment_reg_no_enrolled_course_id_unique` (`reg_no`,`enrolled_course_id`),
  KEY `student_course_enrollment_enrolled_course_id_foreign` (`enrolled_course_id`),
  CONSTRAINT `student_course_enrollment_enrolled_course_id_foreign` FOREIGN KEY (`enrolled_course_id`) REFERENCES `lecturer_course_assignment` (`id`) ON DELETE CASCADE ON UPDATE CASCADE,
  CONSTRAINT `student_course_enrollment_reg_no_foreign` FOREIGN KEY (`reg_no`) REFERENCES `students` (`id`) ON DELETE CASCADE ON UPDATE CASCADE
) ENGINE=InnoDB AUTO_INCREMENT=9 DEFAULT CHARSET=utf8 COLLATE=utf8_unicode_ci;
/*!40101 SET character_set_client = @saved_cs_client */;

--
-- Dumping data for table `student_course_enrollment`
--

LOCK TABLES `student_course_enrollment` WRITE;
/*!40000 ALTER TABLE `student_course_enrollment` DISABLE KEYS */;
INSERT INTO `student_course_enrollment` VALUES (1,'2011-04-01188',2,'2015-10-15 13:45:09','2015-10-15 13:45:09'),(2,'2011-04-01265',2,'2015-10-15 13:45:09','2015-10-15 13:45:09'),(3,'2011-04-01296',2,'2015-10-15 13:45:10','2015-10-15 13:45:10'),(4,'2011-04-04552',2,'2015-10-15 13:45:10','2015-10-15 13:45:10'),(5,'2011-04-01188',1,'2015-10-19 14:25:45','2015-10-19 14:25:45'),(6,'2011-04-01265',1,'2015-10-19 14:25:45','2015-10-19 14:25:45'),(7,'2011-04-01296',1,'2015-10-19 14:25:45','2015-10-19 14:25:45'),(8,'2011-04-04552',1,'2015-10-19 14:25:46','2015-10-19 14:25:46');
/*!40000 ALTER TABLE `student_course_enrollment` ENABLE KEYS */;
UNLOCK TABLES;

--
-- Table structure for table `students`
--

DROP TABLE IF EXISTS `students`;
/*!40101 SET @saved_cs_client     = @@character_set_client */;
/*!40101 SET character_set_client = utf8 */;
CREATE TABLE `students` (
  `id` varchar(255) COLLATE utf8_unicode_ci NOT NULL,
  `department_id` varchar(255) COLLATE utf8_unicode_ci NOT NULL,
  `created_at` timestamp NOT NULL DEFAULT '0000-00-00 00:00:00',
  `updated_at` timestamp NOT NULL DEFAULT '0000-00-00 00:00:00',
  PRIMARY KEY (`id`),
  KEY `students_department_id_foreign` (`department_id`),
  CONSTRAINT `students_department_id_foreign` FOREIGN KEY (`department_id`) REFERENCES `departments` (`id`) ON DELETE CASCADE ON UPDATE CASCADE,
  CONSTRAINT `students_id_foreign` FOREIGN KEY (`id`) REFERENCES `users` (`id`) ON DELETE CASCADE ON UPDATE CASCADE
) ENGINE=InnoDB DEFAULT CHARSET=utf8 COLLATE=utf8_unicode_ci;
/*!40101 SET character_set_client = @saved_cs_client */;

--
-- Dumping data for table `students`
--

LOCK TABLES `students` WRITE;
/*!40000 ALTER TABLE `students` DISABLE KEYS */;
INSERT INTO `students` VALUES ('2010-04-01881','MIE','2015-10-15 12:10:32','2015-10-15 12:10:32'),('2011-04-00064','ETE','2015-10-15 12:09:50','2015-10-15 12:09:50'),('2011-04-00090','CSE','2015-10-15 12:10:16','2015-10-15 12:10:16'),('2011-04-00142','ETE','2015-10-15 12:09:04','2015-10-15 12:09:04'),('2011-04-00180','ETE','2015-10-15 12:09:11','2015-10-15 12:09:11'),('2011-04-00327','MIE','2015-10-15 12:10:48','2015-10-15 12:10:48'),('2011-04-00346','CSE','2015-10-15 12:08:42','2015-10-15 12:08:42'),('2011-04-00404','CSE','2015-10-15 12:09:32','2015-10-15 12:09:32'),('2011-04-00408','ETE','2015-10-15 12:08:37','2015-10-15 12:08:37'),('2011-04-00469','CSE','2015-10-15 12:10:32','2015-10-15 12:10:32'),('2011-04-00503','ETE','2015-10-15 12:09:11','2015-10-15 12:09:11'),('2011-04-00681','CSE','2015-10-15 12:10:25','2015-10-15 12:10:25'),('2011-04-00697','ETE','2015-10-15 12:10:11','2015-10-15 12:10:11'),('2011-04-00859','ETE','2015-10-15 12:10:29','2015-10-15 12:10:29'),('2011-04-00861','CSE','2015-10-15 12:08:58','2015-10-15 12:08:58'),('2011-04-00930','ETE','2015-10-15 12:09:45','2015-10-15 12:09:45'),('2011-04-01022','CSE','2015-10-15 12:09:12','2015-10-15 12:09:12'),('2011-04-01156','ETE','2015-10-15 12:10:21','2015-10-15 12:10:21'),('2011-04-01176','MIE','2015-10-15 12:10:38','2015-10-15 12:10:38'),('2011-04-01188','ETE','2015-10-15 12:08:40','2015-10-15 12:08:40'),('2011-04-01251','MIE','2015-10-15 12:10:49','2015-10-15 12:10:49'),('2011-04-01265','CSE','2015-10-15 12:10:30','2015-10-15 12:10:30'),('2011-04-01266','MIE','2015-10-15 12:10:50','2015-10-15 12:10:50'),('2011-04-01294','CSE','2015-10-15 12:08:44','2015-10-15 12:08:44'),('2011-04-01296','CSE','2015-10-15 12:09:38','2015-10-15 12:09:38'),('2011-04-01319','CSE','2015-10-15 12:10:10','2015-10-15 12:10:10'),('2011-04-01488','MIE','2015-10-15 12:10:32','2015-10-15 12:10:32'),('2011-04-01560','CSE','2015-10-15 12:08:49','2015-10-15 12:08:49'),('2011-04-01573','MIE','2015-10-15 12:10:38','2015-10-15 12:10:38'),('2011-04-01732','CSE','2015-10-15 12:08:58','2015-10-15 12:08:58'),('2011-04-01750','CSE','2015-10-15 12:09:56','2015-10-15 12:09:56'),('2011-04-01751','MIE','2015-10-15 12:10:55','2015-10-15 12:10:55'),('2011-04-01891','CSE','2015-10-15 12:08:38','2015-10-15 12:08:38'),('2011-04-01967','CSE','2015-10-15 12:10:04','2015-10-15 12:10:04'),('2011-04-01998','ETE','2015-10-15 12:10:00','2015-10-15 12:10:00'),('2011-04-02083','CSE','2015-10-15 12:09:59','2015-10-15 12:09:59'),('2011-04-02120','ETE','2015-10-15 12:10:24','2015-10-15 12:10:24'),('2011-04-02209','CSE','2015-10-15 12:10:08','2015-10-15 12:10:08'),('2011-04-02271','ETE','2015-10-15 12:10:24','2015-10-15 12:10:24'),('2011-04-02389','ETE','2015-10-15 12:10:03','2015-10-15 12:10:03'),('2011-04-02428','ETE','2015-10-15 12:09:22','2015-10-15 12:09:22'),('2011-04-02529','CSE','2015-10-15 12:09:05','2015-10-15 12:09:05'),('2011-04-02555','CSE','2015-10-15 12:09:23','2015-10-15 12:09:23'),('2011-04-02603','CSE','2015-10-15 12:09:04','2015-10-15 12:09:04'),('2011-04-02720','MIE','2015-10-15 12:10:55','2015-10-15 12:10:55'),('2011-04-02797','ETE','2015-10-15 12:08:47','2015-10-15 12:08:47'),('2011-04-02849','CSE','2015-10-15 12:09:27','2015-10-15 12:09:27'),('2011-04-02912','CSE','2015-10-15 12:08:47','2015-10-15 12:08:47'),('2011-04-02985','CSE','2015-10-15 12:08:30','2015-10-15 12:08:30'),('2011-04-03006','ETE','2015-10-15 12:10:19','2015-10-15 12:10:19'),('2011-04-03032','MIE','2015-10-15 12:10:42','2015-10-15 12:10:42'),('2011-04-03075','ETE','2015-10-15 12:09:56','2015-10-15 12:09:56'),('2011-04-03207','CSE','2015-10-15 12:09:40','2015-10-15 12:09:40'),('2011-04-03213','ETE','2015-10-15 12:08:50','2015-10-15 12:08:50'),('2011-04-03221','ETE','2015-10-15 12:09:46','2015-10-15 12:09:46'),('2011-04-03232','CSE','2015-10-15 12:09:33','2015-10-15 12:09:33'),('2011-04-03362','MIE','2015-10-15 12:10:37','2015-10-15 12:10:37'),('2011-04-03497','ETE','2015-10-15 12:08:48','2015-10-15 12:08:48'),('2011-04-03546','CSE','2015-10-15 12:10:23','2015-10-15 12:10:23'),('2011-04-03562','MIE','2015-10-15 12:10:44','2015-10-15 12:10:44'),('2011-04-03651','ETE','2015-10-15 12:09:13','2015-10-15 12:09:13'),('2011-04-03668','ETE','2015-10-15 12:09:45','2015-10-15 12:09:45'),('2011-04-03754','ETE','2015-10-15 12:10:03','2015-10-15 12:10:03'),('2011-04-03770','CSE','2015-10-15 12:09:56','2015-10-15 12:09:56'),('2011-04-03908','CSE','2015-10-15 12:09:47','2015-10-15 12:09:47'),('2011-04-03949','CSE','2015-10-15 12:09:29','2015-10-15 12:09:29'),('2011-04-03951','CSE','2015-10-15 12:10:29','2015-10-15 12:10:29'),('2011-04-04075','MIE','2015-10-15 12:10:49','2015-10-15 12:10:49'),('2011-04-04108','CSE','2015-10-15 12:09:35','2015-10-15 12:09:35'),('2011-04-04161','CSE','2015-10-15 12:09:12','2015-10-15 12:09:12'),('2011-04-04174','MIE','2015-10-15 12:10:43','2015-10-15 12:10:43'),('2011-04-04193','CSE','2015-10-15 12:10:07','2015-10-15 12:10:07'),('2011-04-04221','ETE','2015-10-15 12:10:06','2015-10-15 12:10:06'),('2011-04-04224','ETE','2015-10-15 12:09:41','2015-10-15 12:09:41'),('2011-04-04234','MIE','2015-10-15 12:10:57','2015-10-15 12:10:57'),('2011-04-04387','ETE','2015-10-15 12:09:55','2015-10-15 12:09:55'),('2011-04-04400','ETE','2015-10-15 12:09:42','2015-10-15 12:09:42'),('2011-04-04412','MIE','2015-10-15 12:10:33','2015-10-15 12:10:33'),('2011-04-04424','ETE','2015-10-15 12:08:45','2015-10-15 12:08:45'),('2011-04-04463','CSE','2015-10-15 12:10:06','2015-10-15 12:10:06'),('2011-04-04471','ETE','2015-10-15 12:08:24','2015-10-15 12:08:24'),('2011-04-04488','CSE','2015-10-15 12:10:19','2015-10-15 12:10:19'),('2011-04-04512','CSE','2015-10-15 12:10:25','2015-10-15 12:10:25'),('2011-04-04548','CSE','2015-10-15 12:10:19','2015-10-15 12:10:19'),('2011-04-04552','ETE','2015-10-15 12:09:09','2015-10-15 12:09:09'),('2011-04-04650','MIE','2015-10-15 12:10:45','2015-10-15 12:10:45'),('2011-04-04676','CSE','2015-10-15 12:10:03','2015-10-15 12:10:03'),('2011-04-04824','ETE','2015-10-15 12:09:38','2015-10-15 12:09:38'),('2011-04-04855','CSE','2015-10-15 12:08:58','2015-10-15 12:08:58'),('2011-04-04873','CSE','2015-10-15 12:09:46','2015-10-15 12:09:46'),('2011-04-05030','ETE','2015-10-15 12:09:48','2015-10-15 12:09:48'),('2011-04-05039','MIE','2015-10-15 12:11:00','2015-10-15 12:11:00'),('2011-04-05110','ETE','2015-10-15 12:08:22','2015-10-15 12:08:22'),('2011-04-05129','ETE','2015-10-15 12:09:16','2015-10-15 12:09:16'),('2011-04-05428','CSE','2015-10-15 12:10:30','2015-10-15 12:10:30'),('2011-04-05522','CSE','2015-10-15 12:10:26','2015-10-15 12:10:26'),('2011-04-05578','ETE','2015-10-15 12:08:44','2015-10-15 12:08:44'),('2011-04-05721','MIE','2015-10-15 12:10:40','2015-10-15 12:10:40'),('2011-04-05839','ETE','2015-10-15 12:10:08','2015-10-15 12:10:08'),('2011-04-05855','ETE','2015-10-15 12:10:05','2015-10-15 12:10:05'),('2011-04-05861','ETE','2015-10-15 12:10:09','2015-10-15 12:10:09'),('2011-04-05886','CSE','2015-10-15 12:08:46','2015-10-15 12:08:46'),('2011-04-05947','MIE','2015-10-15 12:10:59','2015-10-15 12:10:59'),('2011-04-06111','ETE','2015-10-15 12:09:55','2015-10-15 12:09:55'),('2011-04-06202','CSE','2015-10-15 12:09:37','2015-10-15 12:09:37'),('2011-04-06300','ETE','2015-10-15 12:09:46','2015-10-15 12:09:46'),('2011-04-06324','CSE','2015-10-15 12:09:26','2015-10-15 12:09:26'),('2011-04-06493','CSE','2015-10-15 12:10:07','2015-10-15 12:10:07'),('2011-04-06545','MIE','2015-10-15 12:10:54','2015-10-15 12:10:54'),('2011-04-06864','CSE','2015-10-15 12:08:34','2015-10-15 12:08:34'),('2011-04-07070','MIE','2015-10-15 12:10:36','2015-10-15 12:10:36'),('2011-04-07101','MIE','2015-10-15 12:10:53','2015-10-15 12:10:53'),('2011-04-07102','MIE','2015-10-15 12:10:41','2015-10-15 12:10:41'),('2012-04-01982','ETE','2015-10-15 12:08:39','2015-10-15 12:08:39'),('2012-04-02057','MIE','2015-10-15 12:11:13','2015-10-15 12:11:13'),('2012-04-02058','MIE','2015-10-15 12:10:58','2015-10-15 12:10:58'),('2012-04-02060','MIE','2015-10-15 12:10:47','2015-10-15 12:10:47'),('2012-04-02063','MIE','2015-10-15 12:11:16','2015-10-15 12:11:16'),('2012-04-02065','MIE','2015-10-15 12:11:11','2015-10-15 12:11:11'),('2012-04-02066','MIE','2015-10-15 12:10:35','2015-10-15 12:10:35'),('2012-04-02068','MIE','2015-10-15 12:11:11','2015-10-15 12:11:11'),('2012-04-02072','MIE','2015-10-15 12:10:52','2015-10-15 12:10:52'),('2012-04-02073','MIE','2015-10-15 12:10:41','2015-10-15 12:10:41'),('2012-04-02074','MIE','2015-10-15 12:10:58','2015-10-15 12:10:58'),('2012-04-02075','MIE','2015-10-15 12:11:02','2015-10-15 12:11:02'),('2012-04-02076','MIE','2015-10-15 12:10:46','2015-10-15 12:10:46'),('2012-04-02079','MIE','2015-10-15 12:11:05','2015-10-15 12:11:05'),('2012-04-02080','MIE','2015-10-15 12:10:48','2015-10-15 12:10:48'),('2012-04-02081','MIE','2015-10-15 12:10:35','2015-10-15 12:10:35'),('2012-04-02082','MIE','2015-10-15 12:11:08','2015-10-15 12:11:08'),('2012-04-02084','MIE','2015-10-15 12:11:02','2015-10-15 12:11:02'),('2012-04-02085','MIE','2015-10-15 12:11:09','2015-10-15 12:11:09'),('2012-04-02086','MIE','2015-10-15 12:11:03','2015-10-15 12:11:03'),('2012-04-02087','MIE','2015-10-15 12:11:03','2015-10-15 12:11:03'),('2012-04-02088','MIE','2015-10-15 12:11:15','2015-10-15 12:11:15'),('2012-04-02089','MIE','2015-10-15 12:11:14','2015-10-15 12:11:14'),('2012-04-02092','MIE','2015-10-15 12:10:52','2015-10-15 12:10:52'),('2012-04-02093','MIE','2015-10-15 12:11:16','2015-10-15 12:11:16'),('2012-04-02094','MIE','2015-10-15 12:10:40','2015-10-15 12:10:40'),('2012-04-02097','MIE','2015-10-15 12:10:57','2015-10-15 12:10:57'),('2012-04-02098','MIE','2015-10-15 12:10:45','2015-10-15 12:10:45'),('2012-04-02101','MIE','2015-10-15 12:11:01','2015-10-15 12:11:01'),('2012-04-02102','MIE','2015-10-15 12:11:06','2015-10-15 12:11:06'),('2012-04-02104','MIE','2015-10-15 12:11:08','2015-10-15 12:11:08'),('2012-04-02105','MIE','2015-10-15 12:11:08','2015-10-15 12:11:08'),('2012-04-02106','MIE','2015-10-15 12:10:34','2015-10-15 12:10:34'),('2012-04-02108','MIE','2015-10-15 12:10:51','2015-10-15 12:10:51'),('2012-04-02110','MIE','2015-10-15 12:10:39','2015-10-15 12:10:39'),('2012-04-02113','MIE','2015-10-15 12:10:56','2015-10-15 12:10:56'),('2012-04-02114','MIE','2015-10-15 12:10:44','2015-10-15 12:10:44'),('2012-04-02115','MIE','2015-10-15 12:10:44','2015-10-15 12:10:44'),('2012-04-02116','MIE','2015-10-15 12:11:12','2015-10-15 12:11:12'),('2012-04-02118','MIE','2015-10-15 12:10:33','2015-10-15 12:10:33'),('2012-04-02119','MIE','2015-10-15 12:11:14','2015-10-15 12:11:14'),('2012-04-02121','MIE','2015-10-15 12:10:50','2015-10-15 12:10:50'),('2012-04-02124','MIE','2015-10-15 12:11:07','2015-10-15 12:11:07'),('2012-04-02125','MIE','2015-10-15 12:11:10','2015-10-15 12:11:10'),('2012-04-02132','MIE','2015-10-15 12:10:38','2015-10-15 12:10:38'),('2012-04-02133','MIE','2015-10-15 12:10:55','2015-10-15 12:10:55'),('2012-04-02134','MIE','2015-10-15 12:10:43','2015-10-15 12:10:43'),('2012-04-02138','MIE','2015-10-15 12:11:00','2015-10-15 12:11:00'),('2012-04-02139','MIE','2015-10-15 12:11:06','2015-10-15 12:11:06'),('2012-04-02140','MIE','2015-10-15 12:11:05','2015-10-15 12:11:05'),('2012-04-02141','MIE','2015-10-15 12:10:49','2015-10-15 12:10:49'),('2012-04-02145','MIE','2015-10-15 12:11:11','2015-10-15 12:11:11'),('2012-04-02148','MIE','2015-10-15 12:10:37','2015-10-15 12:10:37'),('2012-04-02150','MIE','2015-10-15 12:10:54','2015-10-15 12:10:54'),('2012-04-02151','MIE','2015-10-15 12:10:43','2015-10-15 12:10:43'),('2012-04-02152','MIE','2015-10-15 12:11:00','2015-10-15 12:11:00'),('2012-04-02370','CSE','2015-10-15 12:10:04','2015-10-15 12:10:04'),('2012-04-02371','CSE','2015-10-15 12:09:23','2015-10-15 12:09:23'),('2012-04-02372','CSE','2015-10-15 12:10:25','2015-10-15 12:10:25'),('2012-04-02373','CSE','2015-10-15 12:08:35','2015-10-15 12:08:35'),('2012-04-02375','CSE','2015-10-15 12:08:31','2015-10-15 12:08:31'),('2012-04-02376','CSE','2015-10-15 12:09:17','2015-10-15 12:09:17'),('2012-04-02377','CSE','2015-10-15 12:08:30','2015-10-15 12:08:30'),('2012-04-02378','CSE','2015-10-15 12:08:42','2015-10-15 12:08:42'),('2012-04-02380','CSE','2015-10-15 12:09:55','2015-10-15 12:09:55'),('2012-04-02381','CSE','2015-10-15 12:08:55','2015-10-15 12:08:55'),('2012-04-02382','CSE','2015-10-15 12:09:34','2015-10-15 12:09:34'),('2012-04-02385','CSE','2015-10-15 12:08:40','2015-10-15 12:08:40'),('2012-04-02387','CSE','2015-10-15 12:09:46','2015-10-15 12:09:46'),('2012-04-02389','CSE','2015-10-15 12:09:48','2015-10-15 12:09:48'),('2012-04-02390','CSE','2015-10-15 12:09:47','2015-10-15 12:09:47'),('2012-04-02391','CSE','2015-10-15 12:10:18','2015-10-15 12:10:18'),('2012-04-02392','CSE','2015-10-15 12:09:52','2015-10-15 12:09:52'),('2012-04-02395','CSE','2015-10-15 12:08:41','2015-10-15 12:08:41'),('2012-04-02396','CSE','2015-10-15 12:10:28','2015-10-15 12:10:28'),('2012-04-02397','CSE','2015-10-15 12:08:54','2015-10-15 12:08:54'),('2012-04-02398','CSE','2015-10-15 12:09:31','2015-10-15 12:09:31'),('2012-04-02399','CSE','2015-10-15 12:09:14','2015-10-15 12:09:14'),('2012-04-02400','CSE','2015-10-15 12:08:39','2015-10-15 12:08:39'),('2012-04-02401','CSE','2015-10-15 12:10:06','2015-10-15 12:10:06'),('2012-04-02402','CSE','2015-10-15 12:09:41','2015-10-15 12:09:41'),('2012-04-02403','CSE','2015-10-15 12:09:47','2015-10-15 12:09:47'),('2012-04-02404','CSE','2015-10-15 12:09:10','2015-10-15 12:09:10'),('2012-04-02407','CSE','2015-10-15 12:10:10','2015-10-15 12:10:10'),('2012-04-02409','CSE','2015-10-15 12:10:12','2015-10-15 12:10:12'),('2012-04-02410','CSE','2015-10-15 12:10:03','2015-10-15 12:10:03'),('2012-04-02411','CSE','2015-10-15 12:08:43','2015-10-15 12:08:43'),('2012-04-02412','CSE','2015-10-15 12:09:51','2015-10-15 12:09:51'),('2012-04-02413','CSE','2015-10-15 12:10:17','2015-10-15 12:10:17'),('2012-04-02416','CSE','2015-10-15 12:08:57','2015-10-15 12:08:57'),('2012-04-02417','CSE','2015-10-15 12:09:11','2015-10-15 12:09:11'),('2012-04-02418','CSE','2015-10-15 12:09:50','2015-10-15 12:09:50'),('2012-04-02419','CSE','2015-10-15 12:08:51','2015-10-15 12:08:51'),('2012-04-02420','CSE','2015-10-15 12:08:31','2015-10-15 12:08:31'),('2012-04-02422','CSE','2015-10-15 12:09:41','2015-10-15 12:09:41'),('2012-04-02423','CSE','2015-10-15 12:08:23','2015-10-15 12:08:23'),('2012-04-02425','CSE','2015-10-15 12:09:59','2015-10-15 12:09:59'),('2012-04-02426','CSE','2015-10-15 12:09:58','2015-10-15 12:09:58'),('2012-04-02427','CSE','2015-10-15 12:08:31','2015-10-15 12:08:31'),('2012-04-02428','ETE','2015-10-15 12:10:24','2015-10-15 12:10:24'),('2012-04-02429','ETE','2015-10-15 12:09:56','2015-10-15 12:09:56'),('2012-04-02430','ETE','2015-10-15 12:09:06','2015-10-15 12:09:06'),('2012-04-02431','ETE','2015-10-15 12:08:52','2015-10-15 12:08:52'),('2012-04-02432','ETE','2015-10-15 12:08:46','2015-10-15 12:08:46'),('2012-04-02433','ETE','2015-10-15 12:09:26','2015-10-15 12:09:26'),('2012-04-02434','ETE','2015-10-15 12:09:17','2015-10-15 12:09:17'),('2012-04-02435','ETE','2015-10-15 12:08:51','2015-10-15 12:08:51'),('2012-04-02436','ETE','2015-10-15 12:10:28','2015-10-15 12:10:28'),('2012-04-02437','ETE','2015-10-15 12:08:54','2015-10-15 12:08:54'),('2012-04-02438','ETE','2015-10-15 12:09:27','2015-10-15 12:09:27'),('2012-04-02439','ETE','2015-10-15 12:08:22','2015-10-15 12:08:22'),('2012-04-02441','ETE','2015-10-15 12:09:04','2015-10-15 12:09:04'),('2012-04-02442','ETE','2015-10-15 12:10:31','2015-10-15 12:10:31'),('2012-04-02443','ETE','2015-10-15 12:08:40','2015-10-15 12:08:40'),('2012-04-02444','ETE','2015-10-15 12:08:37','2015-10-15 12:08:37'),('2012-04-02445','ETE','2015-10-15 12:10:18','2015-10-15 12:10:18'),('2012-04-02446','ETE','2015-10-15 12:09:34','2015-10-15 12:09:34'),('2012-04-02447','ETE','2015-10-15 12:10:07','2015-10-15 12:10:07'),('2012-04-02448','ETE','2015-10-15 12:09:24','2015-10-15 12:09:24'),('2012-04-02450','ETE','2015-10-15 12:08:53','2015-10-15 12:08:53'),('2012-04-02451','ETE','2015-10-15 12:10:18','2015-10-15 12:10:18'),('2012-04-02452','ETE','2015-10-15 12:09:40','2015-10-15 12:09:40'),('2012-04-02453','ETE','2015-10-15 12:09:40','2015-10-15 12:09:40'),('2012-04-02454','ETE','2015-10-15 12:09:59','2015-10-15 12:09:59'),('2012-04-02455','ETE','2015-10-15 12:10:27','2015-10-15 12:10:27'),('2012-04-02456','ETE','2015-10-15 12:09:00','2015-10-15 12:09:00'),('2012-04-02457','ETE','2015-10-15 12:08:27','2015-10-15 12:08:27'),('2012-04-02458','ETE','2015-10-15 12:09:26','2015-10-15 12:09:26'),('2012-04-02460','ETE','2015-10-15 12:09:04','2015-10-15 12:09:04'),('2012-04-02461','ETE','2015-10-15 12:08:36','2015-10-15 12:08:36'),('2012-04-02462','ETE','2015-10-15 12:09:57','2015-10-15 12:09:57'),('2012-04-02463','ETE','2015-10-15 12:09:15','2015-10-15 12:09:15'),('2012-04-02464','ETE','2015-10-15 12:09:01','2015-10-15 12:09:01'),('2012-04-02465','ETE','2015-10-15 12:08:54','2015-10-15 12:08:54'),('2012-04-02466','ETE','2015-10-15 12:08:51','2015-10-15 12:08:51'),('2012-04-02467','ETE','2015-10-15 12:08:56','2015-10-15 12:08:56'),('2012-04-02470','ETE','2015-10-15 12:09:26','2015-10-15 12:09:26'),('2012-04-02471','ETE','2015-10-15 12:08:28','2015-10-15 12:08:28'),('2012-04-02472','ETE','2015-10-15 12:10:07','2015-10-15 12:10:07'),('2012-04-02473','ETE','2015-10-15 12:08:55','2015-10-15 12:08:55'),('2012-04-02474','ETE','2015-10-15 12:10:26','2015-10-15 12:10:26'),('2012-04-02475','ETE','2015-10-15 12:09:04','2015-10-15 12:09:04'),('2012-04-02477','ETE','2015-10-15 12:08:49','2015-10-15 12:08:49'),('2012-04-02479','ETE','2015-10-15 12:10:22','2015-10-15 12:10:22'),('2012-04-02480','ETE','2015-10-15 12:09:24','2015-10-15 12:09:24'),('2012-04-02481','ETE','2015-10-15 12:10:05','2015-10-15 12:10:05'),('2012-04-02482','ETE','2015-10-15 12:09:40','2015-10-15 12:09:40'),('2012-04-02483','ETE','2015-10-15 12:10:01','2015-10-15 12:10:01'),('2012-04-02484','ETE','2015-10-15 12:09:09','2015-10-15 12:09:09'),('2012-04-02485','ETE','2015-10-15 12:10:00','2015-10-15 12:10:00'),('2012-04-02487','CSE','2015-10-15 12:08:25','2015-10-15 12:08:25'),('2012-04-02488','CSE','2015-10-15 12:09:25','2015-10-15 12:09:25'),('2012-04-02489','CSE','2015-10-15 12:08:59','2015-10-15 12:08:59'),('2012-04-02491','CSE','2015-10-15 12:08:43','2015-10-15 12:08:43'),('2012-04-02492','CSE','2015-10-15 12:08:33','2015-10-15 12:08:33'),('2012-04-02493','CSE','2015-10-15 12:08:41','2015-10-15 12:08:41'),('2012-04-02494','CSE','2015-10-15 12:09:51','2015-10-15 12:09:51'),('2012-04-02495','CSE','2015-10-15 12:09:39','2015-10-15 12:09:39'),('2012-04-02496','CSE','2015-10-15 12:10:27','2015-10-15 12:10:27'),('2012-04-02497','CSE','2015-10-15 12:09:54','2015-10-15 12:09:54'),('2012-04-02498','CSE','2015-10-15 12:09:31','2015-10-15 12:09:31'),('2012-04-02499','CSE','2015-10-15 12:09:19','2015-10-15 12:09:19'),('2012-04-02500','CSE','2015-10-15 12:08:23','2015-10-15 12:08:23'),('2012-04-02501','CSE','2015-10-15 12:08:45','2015-10-15 12:08:45'),('2012-04-02503','CSE','2015-10-15 12:09:12','2015-10-15 12:09:12'),('2012-04-02505','CSE','2015-10-15 12:08:54','2015-10-15 12:08:54'),('2012-04-02506','CSE','2015-10-15 12:09:03','2015-10-15 12:09:03'),('2012-04-02507','CSE','2015-10-15 12:10:16','2015-10-15 12:10:16'),('2012-04-02508','CSE','2015-10-15 12:08:43','2015-10-15 12:08:43'),('2012-04-02509','CSE','2015-10-15 12:09:43','2015-10-15 12:09:43'),('2012-04-02510','CSE','2015-10-15 12:09:47','2015-10-15 12:09:47'),('2012-04-02511','CSE','2015-10-15 12:09:07','2015-10-15 12:09:07'),('2012-04-02512','CSE','2015-10-15 12:10:27','2015-10-15 12:10:27'),('2012-04-02513','CSE','2015-10-15 12:08:28','2015-10-15 12:08:28'),('2012-04-02514','CSE','2015-10-15 12:08:57','2015-10-15 12:08:57'),('2012-04-02515','CSE','2015-10-15 12:08:38','2015-10-15 12:08:38'),('2012-04-02516','CSE','2015-10-15 12:09:51','2015-10-15 12:09:51'),('2012-04-02518','CSE','2015-10-15 12:09:05','2015-10-15 12:09:05'),('2012-04-02519','CSE','2015-10-15 12:08:38','2015-10-15 12:08:38'),('2012-04-02520','CSE','2015-10-15 12:08:43','2015-10-15 12:08:43'),('2012-04-02522','CSE','2015-10-15 12:10:31','2015-10-15 12:10:31'),('2012-04-02523','CSE','2015-10-15 12:09:16','2015-10-15 12:09:16'),('2012-04-02524','CSE','2015-10-15 12:09:12','2015-10-15 12:09:12'),('2012-04-02526','CSE','2015-10-15 12:08:34','2015-10-15 12:08:34'),('2012-04-02527','CSE','2015-10-15 12:09:46','2015-10-15 12:09:46'),('2012-04-02528','CSE','2015-10-15 12:10:11','2015-10-15 12:10:11'),('2012-04-02530','CSE','2015-10-15 12:08:28','2015-10-15 12:08:28'),('2012-04-02533','CSE','2015-10-15 12:10:07','2015-10-15 12:10:07'),('2012-04-02548','ETE','2015-10-15 12:08:46','2015-10-15 12:08:46'),('2012-04-02553','ETE','2015-10-15 12:10:23','2015-10-15 12:10:23'),('2012-04-02554','CSE','2015-10-15 12:08:25','2015-10-15 12:08:25'),('2012-04-02555','CSE','2015-10-15 12:08:35','2015-10-15 12:08:35'),('2012-04-02556','CSE','2015-10-15 12:09:34','2015-10-15 12:09:34'),('2012-04-02558','CSE','2015-10-15 12:08:33','2015-10-15 12:08:33'),('2012-04-02559','CSE','2015-10-15 12:09:48','2015-10-15 12:09:48'),('2012-04-02560','CSE','2015-10-15 12:10:21','2015-10-15 12:10:21'),('2012-04-02561','CSE','2015-10-15 12:10:00','2015-10-15 12:10:00'),('2012-04-02563','CSE','2015-10-15 12:10:12','2015-10-15 12:10:12'),('2012-04-02565','CSE','2015-10-15 12:10:17','2015-10-15 12:10:17'),('2012-04-03559','CSE','2015-10-15 12:10:05','2015-10-15 12:10:05'),('2012-04-06634','CSE','2015-10-15 12:09:58','2015-10-15 12:09:58'),('2012-04-06683','CSE','2015-10-15 12:08:53','2015-10-15 12:08:53'),('2012-04-06686','CSE','2015-10-15 12:09:31','2015-10-15 12:09:31'),('2012-04-06687','CSE','2015-10-15 12:08:33','2015-10-15 12:08:33'),('2012-04-06817','CSE','2015-10-15 12:08:26','2015-10-15 12:08:26'),('2012-04-06838','CSE','2015-10-15 12:10:04','2015-10-15 12:10:04'),('2013-04-01951','MIE','2015-10-15 12:10:56','2015-10-15 12:10:56'),('2013-04-02064','MIE','2015-10-15 12:10:37','2015-10-15 12:10:37'),('2013-04-02065','MIE','2015-10-15 12:10:53','2015-10-15 12:10:53'),('2013-04-02066','MIE','2015-10-15 12:10:42','2015-10-15 12:10:42'),('2013-04-02067','MIE','2015-10-15 12:10:59','2015-10-15 12:10:59'),('2013-04-02068','MIE','2015-10-15 12:10:47','2015-10-15 12:10:47'),('2013-04-02069','MIE','2015-10-15 12:10:36','2015-10-15 12:10:36'),('2013-04-02070','MIE','2015-10-15 12:10:53','2015-10-15 12:10:53'),('2013-04-02071','MIE','2015-10-15 12:10:41','2015-10-15 12:10:41'),('2013-04-02072','MIE','2015-10-15 12:10:58','2015-10-15 12:10:58'),('2013-04-02073','MIE','2015-10-15 12:10:46','2015-10-15 12:10:46'),('2013-04-02074','MIE','2015-10-15 12:10:35','2015-10-15 12:10:35'),('2013-04-02077','MIE','2015-10-15 12:10:52','2015-10-15 12:10:52'),('2013-04-02078','MIE','2015-10-15 12:10:40','2015-10-15 12:10:40'),('2013-04-02079','MIE','2015-10-15 12:10:57','2015-10-15 12:10:57'),('2013-04-02080','MIE','2015-10-15 12:10:45','2015-10-15 12:10:45'),('2013-04-02081','MIE','2015-10-15 12:10:34','2015-10-15 12:10:34'),('2013-04-02082','MIE','2015-10-15 12:10:51','2015-10-15 12:10:51'),('2013-04-02083','MIE','2015-10-15 12:10:39','2015-10-15 12:10:39'),('2013-04-02084','MIE','2015-10-15 12:10:56','2015-10-15 12:10:56'),('2013-04-02085','MIE','2015-10-15 12:10:46','2015-10-15 12:10:46'),('2013-04-02086','MIE','2015-10-15 12:10:33','2015-10-15 12:10:33'),('2013-04-02087','MIE','2015-10-15 12:10:50','2015-10-15 12:10:50'),('2013-04-02088','MIE','2015-10-15 12:10:38','2015-10-15 12:10:38'),('2013-04-02089','MIE','2015-10-15 12:10:55','2015-10-15 12:10:55'),('2013-04-02090','MIE','2015-10-15 12:10:44','2015-10-15 12:10:44'),('2013-04-02091','MIE','2015-10-15 12:10:32','2015-10-15 12:10:32'),('2013-04-02093','MIE','2015-10-15 12:10:49','2015-10-15 12:10:49'),('2013-04-02095','MIE','2015-10-15 12:10:38','2015-10-15 12:10:38'),('2013-04-02096','MIE','2015-10-15 12:10:55','2015-10-15 12:10:55'),('2013-04-02097','MIE','2015-10-15 12:10:43','2015-10-15 12:10:43'),('2013-04-02098','MIE','2015-10-15 12:11:00','2015-10-15 12:11:00'),('2013-04-02099','MIE','2015-10-15 12:10:48','2015-10-15 12:10:48'),('2013-04-02100','MIE','2015-10-15 12:10:37','2015-10-15 12:10:37'),('2013-04-02101','MIE','2015-10-15 12:10:54','2015-10-15 12:10:54'),('2013-04-02103','MIE','2015-10-15 12:10:42','2015-10-15 12:10:42'),('2013-04-02104','MIE','2015-10-15 12:10:59','2015-10-15 12:10:59'),('2013-04-02105','MIE','2015-10-15 12:10:48','2015-10-15 12:10:48'),('2013-04-02106','MIE','2015-10-15 12:10:36','2015-10-15 12:10:36'),('2013-04-02107','MIE','2015-10-15 12:10:53','2015-10-15 12:10:53'),('2013-04-02108','MIE','2015-10-15 12:10:41','2015-10-15 12:10:41'),('2013-04-02109','MIE','2015-10-15 12:10:58','2015-10-15 12:10:58'),('2013-04-02110','MIE','2015-10-15 12:10:47','2015-10-15 12:10:47'),('2013-04-02112','MIE','2015-10-15 12:10:35','2015-10-15 12:10:35'),('2013-04-02113','MIE','2015-10-15 12:10:52','2015-10-15 12:10:52'),('2013-04-02114','MIE','2015-10-15 12:10:41','2015-10-15 12:10:41'),('2013-04-02115','MIE','2015-10-15 12:10:57','2015-10-15 12:10:57'),('2013-04-02116','MIE','2015-10-15 12:10:46','2015-10-15 12:10:46'),('2013-04-02117','MIE','2015-10-15 12:10:34','2015-10-15 12:10:34'),('2013-04-02118','MIE','2015-10-15 12:10:51','2015-10-15 12:10:51'),('2013-04-02119','MIE','2015-10-15 12:10:40','2015-10-15 12:10:40'),('2013-04-02120','MIE','2015-10-15 12:10:56','2015-10-15 12:10:56'),('2013-04-02122','MIE','2015-10-15 12:11:04','2015-10-15 12:11:04'),('2013-04-02123','MIE','2015-10-15 12:11:14','2015-10-15 12:11:14'),('2013-04-02124','MIE','2015-10-15 12:11:07','2015-10-15 12:11:07'),('2013-04-02125','MIE','2015-10-15 12:11:01','2015-10-15 12:11:01'),('2013-04-02127','MIE','2015-10-15 12:11:11','2015-10-15 12:11:11'),('2013-04-02128','MIE','2015-10-15 12:11:04','2015-10-15 12:11:04'),('2013-04-02129','MIE','2015-10-15 12:11:13','2015-10-15 12:11:13'),('2013-04-02131','MIE','2015-10-15 12:11:07','2015-10-15 12:11:07'),('2013-04-02132','MIE','2015-10-15 12:11:01','2015-10-15 12:11:01'),('2013-04-02133','MIE','2015-10-15 12:11:10','2015-10-15 12:11:10'),('2013-04-02134','MIE','2015-10-15 12:11:04','2015-10-15 12:11:04'),('2013-04-02135','MIE','2015-10-15 12:11:13','2015-10-15 12:11:13'),('2013-04-02136','MIE','2015-10-15 12:11:07','2015-10-15 12:11:07'),('2013-04-02137','MIE','2015-10-15 12:11:16','2015-10-15 12:11:16'),('2013-04-02138','MIE','2015-10-15 12:11:10','2015-10-15 12:11:10'),('2013-04-02139','MIE','2015-10-15 12:11:03','2015-10-15 12:11:03'),('2013-04-02140','MIE','2015-10-15 12:11:12','2015-10-15 12:11:12'),('2013-04-02141','MIE','2015-10-15 12:11:06','2015-10-15 12:11:06'),('2013-04-02143','MIE','2015-10-15 12:11:15','2015-10-15 12:11:15'),('2013-04-02144','MIE','2015-10-15 12:11:09','2015-10-15 12:11:09'),('2013-04-02145','MIE','2015-10-15 12:11:02','2015-10-15 12:11:02'),('2013-04-02146','MIE','2015-10-15 12:11:12','2015-10-15 12:11:12'),('2013-04-02147','MIE','2015-10-15 12:11:05','2015-10-15 12:11:05'),('2013-04-02150','MIE','2015-10-15 12:11:15','2015-10-15 12:11:15'),('2013-04-02151','MIE','2015-10-15 12:11:08','2015-10-15 12:11:08'),('2013-04-02152','MIE','2015-10-15 12:11:02','2015-10-15 12:11:02'),('2013-04-02153','MIE','2015-10-15 12:11:12','2015-10-15 12:11:12'),('2013-04-02155','MIE','2015-10-15 12:11:05','2015-10-15 12:11:05'),('2013-04-02157','MIE','2015-10-15 12:11:14','2015-10-15 12:11:14'),('2013-04-02158','MIE','2015-10-15 12:11:08','2015-10-15 12:11:08'),('2013-04-02362','ETE','2015-10-15 12:09:52','2015-10-15 12:09:52'),('2013-04-02377','CSE','2015-10-15 12:10:17','2015-10-15 12:10:17'),('2013-04-02378','CSE','2015-10-15 12:10:16','2015-10-15 12:10:16'),('2013-04-02379','CSE','2015-10-15 12:08:53','2015-10-15 12:08:53'),('2013-04-02380','CSE','2015-10-15 12:08:36','2015-10-15 12:08:36'),('2013-04-02381','CSE','2015-10-15 12:09:14','2015-10-15 12:09:14'),('2013-04-02382','CSE','2015-10-15 12:10:00','2015-10-15 12:10:00'),('2013-04-02383','CSE','2015-10-15 12:09:08','2015-10-15 12:09:08'),('2013-04-02384','CSE','2015-10-15 12:10:10','2015-10-15 12:10:10'),('2013-04-02385','CSE','2015-10-15 12:09:38','2015-10-15 12:09:38'),('2013-04-02386','CSE','2015-10-15 12:08:44','2015-10-15 12:08:44'),('2013-04-02387','CSE','2015-10-15 12:08:35','2015-10-15 12:08:35'),('2013-04-02388','CSE','2015-10-15 12:09:53','2015-10-15 12:09:53'),('2013-04-02391','CSE','2015-10-15 12:10:14','2015-10-15 12:10:14'),('2013-04-02392','CSE','2015-10-15 12:08:38','2015-10-15 12:08:38'),('2013-04-02393','CSE','2015-10-15 12:09:31','2015-10-15 12:09:31'),('2013-04-02394','CSE','2015-10-15 12:10:08','2015-10-15 12:10:08'),('2013-04-02395','CSE','2015-10-15 12:09:36','2015-10-15 12:09:36'),('2013-04-02396','CSE','2015-10-15 12:09:43','2015-10-15 12:09:43'),('2013-04-02397','CSE','2015-10-15 12:08:31','2015-10-15 12:08:31'),('2013-04-02398','CSE','2015-10-15 12:10:23','2015-10-15 12:10:23'),('2013-04-02399','CSE','2015-10-15 12:09:43','2015-10-15 12:09:43'),('2013-04-02400','CSE','2015-10-15 12:09:37','2015-10-15 12:09:37'),('2013-04-02401','CSE','2015-10-15 12:08:32','2015-10-15 12:08:32'),('2013-04-02402','CSE','2015-10-15 12:09:53','2015-10-15 12:09:53'),('2013-04-02403','CSE','2015-10-15 12:08:52','2015-10-15 12:08:52'),('2013-04-02404','CSE','2015-10-15 12:09:16','2015-10-15 12:09:16'),('2013-04-02405','CSE','2015-10-15 12:09:24','2015-10-15 12:09:24'),('2013-04-02406','CSE','2015-10-15 12:09:56','2015-10-15 12:09:56'),('2013-04-02407','CSE','2015-10-15 12:09:21','2015-10-15 12:09:21'),('2013-04-02409','CSE','2015-10-15 12:08:34','2015-10-15 12:08:34'),('2013-04-02411','CSE','2015-10-15 12:10:27','2015-10-15 12:10:27'),('2013-04-02412','CSE','2015-10-15 12:09:16','2015-10-15 12:09:16'),('2013-04-02413','CSE','2015-10-15 12:09:27','2015-10-15 12:09:27'),('2013-04-02414','CSE','2015-10-15 12:09:10','2015-10-15 12:09:10'),('2013-04-02415','CSE','2015-10-15 12:09:30','2015-10-15 12:09:30'),('2013-04-02417','CSE','2015-10-15 12:08:58','2015-10-15 12:08:58'),('2013-04-02418','CSE','2015-10-15 12:09:28','2015-10-15 12:09:28'),('2013-04-02419','CSE','2015-10-15 12:10:01','2015-10-15 12:10:01'),('2013-04-02420','CSE','2015-10-15 12:09:19','2015-10-15 12:09:19'),('2013-04-02421','CSE','2015-10-15 12:09:42','2015-10-15 12:09:42'),('2013-04-02422','CSE','2015-10-15 12:10:30','2015-10-15 12:10:30'),('2013-04-02423','CSE','2015-10-15 12:08:24','2015-10-15 12:08:24'),('2013-04-02424','CSE','2015-10-15 12:08:48','2015-10-15 12:08:48'),('2013-04-02425','CSE','2015-10-15 12:08:53','2015-10-15 12:08:53'),('2013-04-02426','CSE','2015-10-15 12:08:34','2015-10-15 12:08:34'),('2013-04-02427','CSE','2015-10-15 12:10:30','2015-10-15 12:10:30'),('2013-04-02429','CSE','2015-10-15 12:10:12','2015-10-15 12:10:12'),('2013-04-02430','CSE','2015-10-15 12:09:38','2015-10-15 12:09:38'),('2013-04-02431','CSE','2015-10-15 12:09:29','2015-10-15 12:09:29'),('2013-04-02432','CSE','2015-10-15 12:08:39','2015-10-15 12:08:39'),('2013-04-02433','CSE','2015-10-15 12:10:08','2015-10-15 12:10:08'),('2013-04-02434','CSE','2015-10-15 12:09:12','2015-10-15 12:09:12'),('2013-04-02435','CSE','2015-10-15 12:08:36','2015-10-15 12:08:36'),('2013-04-02436','ETE','2015-10-15 12:10:15','2015-10-15 12:10:15'),('2013-04-02437','ETE','2015-10-15 12:10:24','2015-10-15 12:10:24'),('2013-04-02438','ETE','2015-10-15 12:08:37','2015-10-15 12:08:37'),('2013-04-02439','ETE','2015-10-15 12:08:55','2015-10-15 12:08:55'),('2013-04-02441','ETE','2015-10-15 12:10:27','2015-10-15 12:10:27'),('2013-04-02442','ETE','2015-10-15 12:08:44','2015-10-15 12:08:44'),('2013-04-02443','ETE','2015-10-15 12:09:28','2015-10-15 12:09:28'),('2013-04-02444','ETE','2015-10-15 12:09:10','2015-10-15 12:09:10'),('2013-04-02446','ETE','2015-10-15 12:08:37','2015-10-15 12:08:37'),('2013-04-02447','ETE','2015-10-15 12:10:13','2015-10-15 12:10:13'),('2013-04-02448','ETE','2015-10-15 12:10:21','2015-10-15 12:10:21'),('2013-04-02449','ETE','2015-10-15 12:08:27','2015-10-15 12:08:27'),('2013-04-02450','ETE','2015-10-15 12:09:20','2015-10-15 12:09:20'),('2013-04-02451','ETE','2015-10-15 12:09:35','2015-10-15 12:09:35'),('2013-04-02452','ETE','2015-10-15 12:08:42','2015-10-15 12:08:42'),('2013-04-02453','ETE','2015-10-15 12:10:02','2015-10-15 12:10:02'),('2013-04-02454','ETE','2015-10-15 12:08:28','2015-10-15 12:08:28'),('2013-04-02455','ETE','2015-10-15 12:09:55','2015-10-15 12:09:55'),('2013-04-02456','ETE','2015-10-15 12:08:51','2015-10-15 12:08:51'),('2013-04-02457','ETE','2015-10-15 12:08:30','2015-10-15 12:08:30'),('2013-04-02458','ETE','2015-10-15 12:08:32','2015-10-15 12:08:32'),('2013-04-02459','ETE','2015-10-15 12:08:40','2015-10-15 12:08:40'),('2013-04-02460','ETE','2015-10-15 12:10:06','2015-10-15 12:10:06'),('2013-04-02461','ETE','2015-10-15 12:09:53','2015-10-15 12:09:53'),('2013-04-02462','ETE','2015-10-15 12:10:15','2015-10-15 12:10:15'),('2013-04-02463','ETE','2015-10-15 12:08:44','2015-10-15 12:08:44'),('2013-04-02464','ETE','2015-10-15 12:09:34','2015-10-15 12:09:34'),('2013-04-02465','ETE','2015-10-15 12:08:45','2015-10-15 12:08:45'),('2013-04-02466','ETE','2015-10-15 12:09:52','2015-10-15 12:09:52'),('2013-04-02467','ETE','2015-10-15 12:09:35','2015-10-15 12:09:35'),('2013-04-02468','ETE','2015-10-15 12:10:30','2015-10-15 12:10:30'),('2013-04-02469','ETE','2015-10-15 12:09:58','2015-10-15 12:09:58'),('2013-04-02470','ETE','2015-10-15 12:09:09','2015-10-15 12:09:09'),('2013-04-02471','ETE','2015-10-15 12:08:27','2015-10-15 12:08:27'),('2013-04-02472','ETE','2015-10-15 12:08:30','2015-10-15 12:08:30'),('2013-04-02473','ETE','2015-10-15 12:09:03','2015-10-15 12:09:03'),('2013-04-02475','ETE','2015-10-15 12:08:27','2015-10-15 12:08:27'),('2013-04-02476','ETE','2015-10-15 12:08:42','2015-10-15 12:08:42'),('2013-04-02477','ETE','2015-10-15 12:08:51','2015-10-15 12:08:51'),('2013-04-02479','ETE','2015-10-15 12:08:33','2015-10-15 12:08:33'),('2013-04-02481','ETE','2015-10-15 12:08:47','2015-10-15 12:08:47'),('2013-04-02482','ETE','2015-10-15 12:09:07','2015-10-15 12:09:07'),('2013-04-02483','ETE','2015-10-15 12:10:25','2015-10-15 12:10:25'),('2013-04-02484','ETE','2015-10-15 12:09:01','2015-10-15 12:09:01'),('2013-04-02486','ETE','2015-10-15 12:09:42','2015-10-15 12:09:42'),('2013-04-02487','ETE','2015-10-15 12:10:08','2015-10-15 12:10:08'),('2013-04-02488','ETE','2015-10-15 12:08:56','2015-10-15 12:08:56'),('2013-04-02489','ETE','2015-10-15 12:09:19','2015-10-15 12:09:19'),('2013-04-02490','ETE','2015-10-15 12:08:50','2015-10-15 12:08:50'),('2013-04-02491','ETE','2015-10-15 12:08:56','2015-10-15 12:08:56'),('2013-04-02492','ETE','2015-10-15 12:09:41','2015-10-15 12:09:41'),('2013-04-02493','ETE','2015-10-15 12:08:46','2015-10-15 12:08:46'),('2013-04-02496','ETE','2015-10-15 12:10:14','2015-10-15 12:10:14'),('2013-04-02498','CSE','2015-10-15 12:10:29','2015-10-15 12:10:29'),('2013-04-02504','CSE','2015-10-15 12:10:14','2015-10-15 12:10:14'),('2013-04-02507','CSE','2015-10-15 12:10:13','2015-10-15 12:10:13'),('2013-04-02513','CSE','2015-10-15 12:09:33','2015-10-15 12:09:33'),('2013-04-02516','CSE','2015-10-15 12:09:57','2015-10-15 12:09:57'),('2013-04-02521','CSE','2015-10-15 12:10:04','2015-10-15 12:10:04'),('2013-04-02525','CSE','2015-10-15 12:09:31','2015-10-15 12:09:31'),('2013-04-02526','MIE','2015-10-15 12:10:39','2015-10-15 12:10:39'),('2013-04-02527','CSE','2015-10-15 12:09:09','2015-10-15 12:09:09'),('2013-04-02529','CSE','2015-10-15 12:09:02','2015-10-15 12:09:02'),('2013-04-02530','CSE','2015-10-15 12:09:20','2015-10-15 12:09:20'),('2013-04-02535','CSE','2015-10-15 12:08:30','2015-10-15 12:08:30'),('2013-04-02536','CSE','2015-10-15 12:08:27','2015-10-15 12:08:27'),('2013-04-02539','CSE','2015-10-15 12:08:43','2015-10-15 12:08:43'),('2013-04-02541','CSE','2015-10-15 12:09:38','2015-10-15 12:09:38'),('2013-04-02544','CSE','2015-10-15 12:10:14','2015-10-15 12:10:14'),('2013-04-02549','CSE','2015-10-15 12:09:37','2015-10-15 12:09:37'),('2013-04-02554','ETE','2015-10-15 12:08:23','2015-10-15 12:08:23'),('2013-04-02555','ETE','2015-10-15 12:10:24','2015-10-15 12:10:24'),('2013-04-02556','ETE','2015-10-15 12:08:49','2015-10-15 12:08:49'),('2013-04-02557','ETE','2015-10-15 12:09:52','2015-10-15 12:09:52'),('2013-04-02559','ETE','2015-10-15 12:09:50','2015-10-15 12:09:50'),('2013-04-02560','ETE','2015-10-15 12:09:40','2015-10-15 12:09:40'),('2013-04-02563','ETE','2015-10-15 12:10:04','2015-10-15 12:10:04'),('2013-04-02564','ETE','2015-10-15 12:09:27','2015-10-15 12:09:27'),('2013-04-02565','ETE','2015-10-15 12:09:05','2015-10-15 12:09:05'),('2013-04-02566','ETE','2015-10-15 12:09:19','2015-10-15 12:09:19'),('2013-04-02567','ETE','2015-10-15 12:08:45','2015-10-15 12:08:45'),('2013-04-02571','ETE','2015-10-15 12:09:14','2015-10-15 12:09:14'),('2013-04-02572','ETE','2015-10-15 12:08:32','2015-10-15 12:08:32'),('2013-04-02575','ETE','2015-10-15 12:10:05','2015-10-15 12:10:05'),('2013-04-02576','ETE','2015-10-15 12:08:39','2015-10-15 12:08:39'),('2013-04-02581','CSE','2015-10-15 12:08:57','2015-10-15 12:08:57'),('2013-04-02583','CSE','2015-10-15 12:08:25','2015-10-15 12:08:25'),('2013-04-02584','CSE','2015-10-15 12:09:26','2015-10-15 12:09:26'),('2013-04-02585','CSE','2015-10-15 12:09:20','2015-10-15 12:09:20'),('2013-04-02588','CSE','2015-10-15 12:09:54','2015-10-15 12:09:54'),('2013-04-02592','CSE','2015-10-15 12:08:45','2015-10-15 12:08:45'),('2013-04-02598','CSE','2015-10-15 12:08:23','2015-10-15 12:08:23'),('2013-04-06728','MIE','2015-10-15 12:10:45','2015-10-15 12:10:45'),('2013-04-06729','MIE','2015-10-15 12:10:34','2015-10-15 12:10:34'),('2013-04-06730','MIE','2015-10-15 12:10:51','2015-10-15 12:10:51'),('2013-04-06735','CSE','2015-10-15 12:09:30','2015-10-15 12:09:30'),('2013-04-06740','ETE','2015-10-15 12:10:04','2015-10-15 12:10:04'),('2013-04-06742','ETE','2015-10-15 12:09:43','2015-10-15 12:09:43'),('2013-04-06743','ETE','2015-10-15 12:10:14','2015-10-15 12:10:14'),('2013-04-06744','ETE','2015-10-15 12:08:35','2015-10-15 12:08:35'),('2013-04-06747','ETE','2015-10-15 12:08:26','2015-10-15 12:08:26'),('2013-04-06881','CSE','2015-10-15 12:09:06','2015-10-15 12:09:06'),('2013-04-06882','CSE','2015-10-15 12:10:21','2015-10-15 12:10:21'),('2013-04-06939','ETE','2015-10-15 12:08:46','2015-10-15 12:08:46'),('2013-04-06975','CSE','2015-10-15 12:09:02','2015-10-15 12:09:02'),('2013-04-07020','CSE','2015-10-15 12:10:06','2015-10-15 12:10:06'),('2014-04-00020','MIE','2015-10-15 12:11:05','2015-10-15 12:11:05'),('2014-04-02284','MIE','2015-10-15 12:10:39','2015-10-15 12:10:39'),('2014-04-02314','MIE','2015-10-15 12:10:50','2015-10-15 12:10:50'),('2014-04-02315','MIE','2015-10-15 12:10:38','2015-10-15 12:10:38'),('2014-04-02316','MIE','2015-10-15 12:10:55','2015-10-15 12:10:55'),('2014-04-02317','MIE','2015-10-15 12:10:43','2015-10-15 12:10:43'),('2014-04-02318','MIE','2015-10-15 12:11:00','2015-10-15 12:11:00'),('2014-04-02319','MIE','2015-10-15 12:10:49','2015-10-15 12:10:49'),('2014-04-02320','MIE','2015-10-15 12:10:37','2015-10-15 12:10:37'),('2014-04-02321','MIE','2015-10-15 12:10:54','2015-10-15 12:10:54'),('2014-04-02322','MIE','2015-10-15 12:10:42','2015-10-15 12:10:42'),('2014-04-02323','MIE','2015-10-15 12:10:59','2015-10-15 12:10:59'),('2014-04-02324','MIE','2015-10-15 12:10:48','2015-10-15 12:10:48'),('2014-04-02325','MIE','2015-10-15 12:10:36','2015-10-15 12:10:36'),('2014-04-02326','MIE','2015-10-15 12:10:53','2015-10-15 12:10:53'),('2014-04-02327','MIE','2015-10-15 12:10:42','2015-10-15 12:10:42'),('2014-04-02328','MIE','2015-10-15 12:10:59','2015-10-15 12:10:59'),('2014-04-02329','MIE','2015-10-15 12:10:47','2015-10-15 12:10:47'),('2014-04-02330','MIE','2015-10-15 12:10:36','2015-10-15 12:10:36'),('2014-04-02331','MIE','2015-10-15 12:10:52','2015-10-15 12:10:52'),('2014-04-02332','MIE','2015-10-15 12:10:41','2015-10-15 12:10:41'),('2014-04-02333','MIE','2015-10-15 12:10:58','2015-10-15 12:10:58'),('2014-04-02334','MIE','2015-10-15 12:10:46','2015-10-15 12:10:46'),('2014-04-02335','MIE','2015-10-15 12:10:35','2015-10-15 12:10:35'),('2014-04-02336','MIE','2015-10-15 12:10:52','2015-10-15 12:10:52'),('2014-04-02337','MIE','2015-10-15 12:10:40','2015-10-15 12:10:40'),('2014-04-02338','MIE','2015-10-15 12:10:57','2015-10-15 12:10:57'),('2014-04-02339','MIE','2015-10-15 12:10:45','2015-10-15 12:10:45'),('2014-04-02340','MIE','2015-10-15 12:10:34','2015-10-15 12:10:34'),('2014-04-02341','MIE','2015-10-15 12:10:51','2015-10-15 12:10:51'),('2014-04-02342','MIE','2015-10-15 12:10:39','2015-10-15 12:10:39'),('2014-04-02343','MIE','2015-10-15 12:10:56','2015-10-15 12:10:56'),('2014-04-02344','MIE','2015-10-15 12:10:44','2015-10-15 12:10:44'),('2014-04-02345','MIE','2015-10-15 12:10:33','2015-10-15 12:10:33'),('2014-04-02346','MIE','2015-10-15 12:10:50','2015-10-15 12:10:50'),('2014-04-02347','MIE','2015-10-15 12:10:37','2015-10-15 12:10:37'),('2014-04-02348','MIE','2015-10-15 12:10:54','2015-10-15 12:10:54'),('2014-04-02349','MIE','2015-10-15 12:10:43','2015-10-15 12:10:43'),('2014-04-02350','MIE','2015-10-15 12:11:00','2015-10-15 12:11:00'),('2014-04-02351','MIE','2015-10-15 12:10:48','2015-10-15 12:10:48'),('2014-04-02352','MIE','2015-10-15 12:10:37','2015-10-15 12:10:37'),('2014-04-02353','MIE','2015-10-15 12:10:54','2015-10-15 12:10:54'),('2014-04-02354','MIE','2015-10-15 12:10:42','2015-10-15 12:10:42'),('2014-04-02355','MIE','2015-10-15 12:10:59','2015-10-15 12:10:59'),('2014-04-02356','MIE','2015-10-15 12:10:47','2015-10-15 12:10:47'),('2014-04-02357','MIE','2015-10-15 12:10:36','2015-10-15 12:10:36'),('2014-04-02358','MIE','2015-10-15 12:10:53','2015-10-15 12:10:53'),('2014-04-02359','MIE','2015-10-15 12:10:41','2015-10-15 12:10:41'),('2014-04-02360','MIE','2015-10-15 12:10:58','2015-10-15 12:10:58'),('2014-04-02361','MIE','2015-10-15 12:10:47','2015-10-15 12:10:47'),('2014-04-02362','MIE','2015-10-15 12:10:35','2015-10-15 12:10:35'),('2014-04-02363','MIE','2015-10-15 12:10:52','2015-10-15 12:10:52'),('2014-04-02364','MIE','2015-10-15 12:10:40','2015-10-15 12:10:40'),('2014-04-02366','MIE','2015-10-15 12:10:57','2015-10-15 12:10:57'),('2014-04-02367','MIE','2015-10-15 12:10:46','2015-10-15 12:10:46'),('2014-04-02368','MIE','2015-10-15 12:10:34','2015-10-15 12:10:34'),('2014-04-02369','MIE','2015-10-15 12:10:51','2015-10-15 12:10:51'),('2014-04-02370','MIE','2015-10-15 12:10:39','2015-10-15 12:10:39'),('2014-04-02371','MIE','2015-10-15 12:11:10','2015-10-15 12:11:10'),('2014-04-02373','MIE','2015-10-15 12:11:03','2015-10-15 12:11:03'),('2014-04-02374','MIE','2015-10-15 12:11:13','2015-10-15 12:11:13'),('2014-04-02375','MIE','2015-10-15 12:11:06','2015-10-15 12:11:06'),('2014-04-02376','MIE','2015-10-15 12:11:15','2015-10-15 12:11:15'),('2014-04-02377','MIE','2015-10-15 12:11:09','2015-10-15 12:11:09'),('2014-04-02378','MIE','2015-10-15 12:11:02','2015-10-15 12:11:02'),('2014-04-02379','MIE','2015-10-15 12:11:12','2015-10-15 12:11:12'),('2014-04-02380','MIE','2015-10-15 12:11:06','2015-10-15 12:11:06'),('2014-04-02381','MIE','2015-10-15 12:11:15','2015-10-15 12:11:15'),('2014-04-02382','MIE','2015-10-15 12:11:09','2015-10-15 12:11:09'),('2014-04-02383','MIE','2015-10-15 12:11:01','2015-10-15 12:11:01'),('2014-04-02384','MIE','2015-10-15 12:11:11','2015-10-15 12:11:11'),('2014-04-02385','MIE','2015-10-15 12:11:04','2015-10-15 12:11:04'),('2014-04-02386','MIE','2015-10-15 12:11:14','2015-10-15 12:11:14'),('2014-04-02387','MIE','2015-10-15 12:11:08','2015-10-15 12:11:08'),('2014-04-02388','MIE','2015-10-15 12:11:01','2015-10-15 12:11:01'),('2014-04-02389','MIE','2015-10-15 12:11:11','2015-10-15 12:11:11'),('2014-04-02390','MIE','2015-10-15 12:11:04','2015-10-15 12:11:04'),('2014-04-02391','MIE','2015-10-15 12:11:14','2015-10-15 12:11:14'),('2014-04-02392','MIE','2015-10-15 12:11:07','2015-10-15 12:11:07'),('2014-04-02393','MIE','2015-10-15 12:11:01','2015-10-15 12:11:01'),('2014-04-02394','MIE','2015-10-15 12:11:10','2015-10-15 12:11:10'),('2014-04-02395','MIE','2015-10-15 12:11:04','2015-10-15 12:11:04'),('2014-04-02396','MIE','2015-10-15 12:11:13','2015-10-15 12:11:13'),('2014-04-02397','MIE','2015-10-15 12:11:07','2015-10-15 12:11:07'),('2014-04-02398','MIE','2015-10-15 12:11:00','2015-10-15 12:11:00'),('2014-04-02399','MIE','2015-10-15 12:11:10','2015-10-15 12:11:10'),('2014-04-02400','MIE','2015-10-15 12:11:03','2015-10-15 12:11:03'),('2014-04-02401','MIE','2015-10-15 12:11:13','2015-10-15 12:11:13'),('2014-04-02402','MIE','2015-10-15 12:11:07','2015-10-15 12:11:07'),('2014-04-02403','MIE','2015-10-15 12:11:16','2015-10-15 12:11:16'),('2014-04-02404','MIE','2015-10-15 12:11:09','2015-10-15 12:11:09'),('2014-04-02405','MIE','2015-10-15 12:11:03','2015-10-15 12:11:03'),('2014-04-02406','MIE','2015-10-15 12:11:12','2015-10-15 12:11:12'),('2014-04-02626','CSE','2015-10-15 12:10:23','2015-10-15 12:10:23'),('2014-04-02627','CSE','2015-10-15 12:09:50','2015-10-15 12:09:50'),('2014-04-02628','CSE','2015-10-15 12:10:20','2015-10-15 12:10:20'),('2014-04-02629','CSE','2015-10-15 12:09:03','2015-10-15 12:09:03'),('2014-04-02630','CSE','2015-10-15 12:09:44','2015-10-15 12:09:44'),('2014-04-02631','CSE','2015-10-15 12:08:59','2015-10-15 12:08:59'),('2014-04-02632','CSE','2015-10-15 12:09:12','2015-10-15 12:09:12'),('2014-04-02633','CSE','2015-10-15 12:08:38','2015-10-15 12:08:38'),('2014-04-02634','CSE','2015-10-15 12:09:08','2015-10-15 12:09:08'),('2014-04-02635','CSE','2015-10-15 12:08:58','2015-10-15 12:08:58'),('2014-04-02636','CSE','2015-10-15 12:10:26','2015-10-15 12:10:26'),('2014-04-02637','CSE','2015-10-15 12:09:15','2015-10-15 12:09:15'),('2014-04-02638','CSE','2015-10-15 12:09:05','2015-10-15 12:09:05'),('2014-04-02639','CSE','2015-10-15 12:08:58','2015-10-15 12:08:58'),('2014-04-02640','CSE','2015-10-15 12:10:10','2015-10-15 12:10:10'),('2014-04-02641','CSE','2015-10-15 12:09:59','2015-10-15 12:09:59'),('2014-04-02642','CSE','2015-10-15 12:08:30','2015-10-15 12:08:30'),('2014-04-02643','CSE','2015-10-15 12:09:39','2015-10-15 12:09:39'),('2014-04-02644','CSE','2015-10-15 12:09:32','2015-10-15 12:09:32'),('2014-04-02645','CSE','2015-10-15 12:09:11','2015-10-15 12:09:11'),('2014-04-02646','CSE','2015-10-15 12:10:26','2015-10-15 12:10:26'),('2014-04-02647','CSE','2015-10-15 12:08:56','2015-10-15 12:08:56'),('2014-04-02648','CSE','2015-10-15 12:10:29','2015-10-15 12:10:29'),('2014-04-02649','CSE','2015-10-15 12:09:32','2015-10-15 12:09:32'),('2014-04-02650','CSE','2015-10-15 12:09:36','2015-10-15 12:09:36'),('2014-04-02651','CSE','2015-10-15 12:08:40','2015-10-15 12:08:40'),('2014-04-02652','CSE','2015-10-15 12:09:26','2015-10-15 12:09:26'),('2014-04-02653','CSE','2015-10-15 12:08:32','2015-10-15 12:08:32'),('2014-04-02654','CSE','2015-10-15 12:09:08','2015-10-15 12:09:08'),('2014-04-02656','CSE','2015-10-15 12:08:52','2015-10-15 12:08:52'),('2014-04-02657','CSE','2015-10-15 12:09:21','2015-10-15 12:09:21'),('2014-04-02658','CSE','2015-10-15 12:10:11','2015-10-15 12:10:11'),('2014-04-02659','CSE','2015-10-15 12:09:57','2015-10-15 12:09:57'),('2014-04-02660','CSE','2015-10-15 12:09:34','2015-10-15 12:09:34'),('2014-04-02661','CSE','2015-10-15 12:08:50','2015-10-15 12:08:50'),('2014-04-02662','CSE','2015-10-15 12:10:09','2015-10-15 12:10:09'),('2014-04-02663','CSE','2015-10-15 12:08:57','2015-10-15 12:08:57'),('2014-04-02664','CSE','2015-10-15 12:08:47','2015-10-15 12:08:47'),('2014-04-02665','CSE','2015-10-15 12:08:26','2015-10-15 12:08:26'),('2014-04-02666','CSE','2015-10-15 12:09:43','2015-10-15 12:09:43'),('2014-04-02667','CSE','2015-10-15 12:08:57','2015-10-15 12:08:57'),('2014-04-02668','CSE','2015-10-15 12:09:51','2015-10-15 12:09:51'),('2014-04-02669','CSE','2015-10-15 12:09:53','2015-10-15 12:09:53'),('2014-04-02670','CSE','2015-10-15 12:09:55','2015-10-15 12:09:55'),('2014-04-02671','CSE','2015-10-15 12:09:14','2015-10-15 12:09:14'),('2014-04-02672','CSE','2015-10-15 12:10:18','2015-10-15 12:10:18'),('2014-04-02673','CSE','2015-10-15 12:09:39','2015-10-15 12:09:39'),('2014-04-02674','CSE','2015-10-15 12:09:02','2015-10-15 12:09:02'),('2014-04-02675','CSE','2015-10-15 12:10:24','2015-10-15 12:10:24'),('2014-04-02676','CSE','2015-10-15 12:09:28','2015-10-15 12:09:28'),('2014-04-02677','CSE','2015-10-15 12:09:24','2015-10-15 12:09:24'),('2014-04-02678','CSE','2015-10-15 12:09:08','2015-10-15 12:09:08'),('2014-04-02679','CSE','2015-10-15 12:09:25','2015-10-15 12:09:25'),('2014-04-02680','CSE','2015-10-15 12:09:53','2015-10-15 12:09:53'),('2014-04-02681','CSE','2015-10-15 12:09:21','2015-10-15 12:09:21'),('2014-04-02682','CSE','2015-10-15 12:08:41','2015-10-15 12:08:41'),('2014-04-02683','CSE','2015-10-15 12:10:31','2015-10-15 12:10:31'),('2014-04-02684','CSE','2015-10-15 12:10:02','2015-10-15 12:10:02'),('2014-04-02685','ETE','2015-10-15 12:09:02','2015-10-15 12:09:02'),('2014-04-02686','ETE','2015-10-15 12:10:27','2015-10-15 12:10:27'),('2014-04-02687','ETE','2015-10-15 12:10:26','2015-10-15 12:10:26'),('2014-04-02688','ETE','2015-10-15 12:10:31','2015-10-15 12:10:31'),('2014-04-02689','ETE','2015-10-15 12:08:54','2015-10-15 12:08:54'),('2014-04-02690','ETE','2015-10-15 12:09:28','2015-10-15 12:09:28'),('2014-04-02691','ETE','2015-10-15 12:09:15','2015-10-15 12:09:15'),('2014-04-02692','ETE','2015-10-15 12:09:46','2015-10-15 12:09:46'),('2014-04-02693','ETE','2015-10-15 12:09:17','2015-10-15 12:09:17'),('2014-04-02694','ETE','2015-10-15 12:08:29','2015-10-15 12:08:29'),('2014-04-02695','ETE','2015-10-15 12:09:33','2015-10-15 12:09:33'),('2014-04-02696','ETE','2015-10-15 12:10:28','2015-10-15 12:10:28'),('2014-04-02697','ETE','2015-10-15 12:08:28','2015-10-15 12:08:28'),('2014-04-02698','ETE','2015-10-15 12:10:26','2015-10-15 12:10:26'),('2014-04-02699','ETE','2015-10-15 12:08:49','2015-10-15 12:08:49'),('2014-04-02700','ETE','2015-10-15 12:10:12','2015-10-15 12:10:12'),('2014-04-02701','ETE','2015-10-15 12:09:01','2015-10-15 12:09:01'),('2014-04-02702','ETE','2015-10-15 12:10:31','2015-10-15 12:10:31'),('2014-04-02703','ETE','2015-10-15 12:09:23','2015-10-15 12:09:23'),('2014-04-02704','ETE','2015-10-15 12:09:30','2015-10-15 12:09:30'),('2014-04-02705','ETE','2015-10-15 12:08:52','2015-10-15 12:08:52'),('2014-04-02706','ETE','2015-10-15 12:09:22','2015-10-15 12:09:22'),('2014-04-02707','ETE','2015-10-15 12:09:56','2015-10-15 12:09:56'),('2014-04-02708','ETE','2015-10-15 12:09:18','2015-10-15 12:09:18'),('2014-04-02709','ETE','2015-10-15 12:09:54','2015-10-15 12:09:54'),('2014-04-02710','ETE','2015-10-15 12:08:53','2015-10-15 12:08:53'),('2014-04-02711','ETE','2015-10-15 12:09:45','2015-10-15 12:09:45'),('2014-04-02712','ETE','2015-10-15 12:10:20','2015-10-15 12:10:20'),('2014-04-02713','ETE','2015-10-15 12:10:01','2015-10-15 12:10:01'),('2014-04-02714','ETE','2015-10-15 12:09:03','2015-10-15 12:09:03'),('2014-04-02715','ETE','2015-10-15 12:10:10','2015-10-15 12:10:10'),('2014-04-02716','ETE','2015-10-15 12:10:28','2015-10-15 12:10:28'),('2014-04-02717','ETE','2015-10-15 12:09:27','2015-10-15 12:09:27'),('2014-04-02718','ETE','2015-10-15 12:09:38','2015-10-15 12:09:38'),('2014-04-02719','ETE','2015-10-15 12:09:10','2015-10-15 12:09:10'),('2014-04-02720','ETE','2015-10-15 12:08:40','2015-10-15 12:08:40'),('2014-04-02721','ETE','2015-10-15 12:10:01','2015-10-15 12:10:01'),('2014-04-02722','ETE','2015-10-15 12:10:16','2015-10-15 12:10:16'),('2014-04-02723','ETE','2015-10-15 12:10:02','2015-10-15 12:10:02'),('2014-04-02724','ETE','2015-10-15 12:08:27','2015-10-15 12:08:27'),('2014-04-02725','ETE','2015-10-15 12:08:29','2015-10-15 12:08:29'),('2014-04-02726','ETE','2015-10-15 12:09:00','2015-10-15 12:09:00'),('2014-04-02727','ETE','2015-10-15 12:10:25','2015-10-15 12:10:25'),('2014-04-02728','ETE','2015-10-15 12:10:00','2015-10-15 12:10:00'),('2014-04-02729','ETE','2015-10-15 12:10:14','2015-10-15 12:10:14'),('2014-04-02730','ETE','2015-10-15 12:08:43','2015-10-15 12:08:43'),('2014-04-02731','ETE','2015-10-15 12:09:35','2015-10-15 12:09:35'),('2014-04-02732','ETE','2015-10-15 12:10:21','2015-10-15 12:10:21'),('2014-04-02733','ETE','2015-10-15 12:08:48','2015-10-15 12:08:48'),('2014-04-02734','ETE','2015-10-15 12:08:23','2015-10-15 12:08:23'),('2014-04-02735','ETE','2015-10-15 12:09:06','2015-10-15 12:09:06'),('2014-04-02736','ETE','2015-10-15 12:09:17','2015-10-15 12:09:17'),('2014-04-02737','ETE','2015-10-15 12:08:25','2015-10-15 12:08:25'),('2014-04-02738','ETE','2015-10-15 12:09:01','2015-10-15 12:09:01'),('2014-04-02739','ETE','2015-10-15 12:08:37','2015-10-15 12:08:37'),('2014-04-02740','ETE','2015-10-15 12:09:19','2015-10-15 12:09:19'),('2014-04-02741','ETE','2015-10-15 12:09:15','2015-10-15 12:09:15'),('2014-04-02742','ETE','2015-10-15 12:09:33','2015-10-15 12:09:33'),('2014-04-02744','ETE','2015-10-15 12:09:44','2015-10-15 12:09:44'),('2014-04-02745','ETE','2015-10-15 12:10:20','2015-10-15 12:10:20'),('2014-04-02746','CSE','2015-10-15 12:08:22','2015-10-15 12:08:22'),('2014-04-02747','CSE','2015-10-15 12:08:24','2015-10-15 12:08:24'),('2014-04-02748','CSE','2015-10-15 12:10:25','2015-10-15 12:10:25'),('2014-04-02749','CSE','2015-10-15 12:08:33','2015-10-15 12:08:33'),('2014-04-02750','CSE','2015-10-15 12:09:30','2015-10-15 12:09:30'),('2014-04-02751','CSE','2015-10-15 12:09:49','2015-10-15 12:09:49'),('2014-04-02752','CSE','2015-10-15 12:09:39','2015-10-15 12:09:39'),('2014-04-02753','CSE','2015-10-15 12:09:57','2015-10-15 12:09:57'),('2014-04-02754','CSE','2015-10-15 12:10:10','2015-10-15 12:10:10'),('2014-04-02755','CSE','2015-10-15 12:08:31','2015-10-15 12:08:31'),('2014-04-02756','CSE','2015-10-15 12:09:35','2015-10-15 12:09:35'),('2014-04-02757','CSE','2015-10-15 12:09:29','2015-10-15 12:09:29'),('2014-04-02758','CSE','2015-10-15 12:10:09','2015-10-15 12:10:09'),('2014-04-02759','CSE','2015-10-15 12:08:39','2015-10-15 12:08:39'),('2014-04-02760','CSE','2015-10-15 12:09:18','2015-10-15 12:09:18'),('2014-04-02761','CSE','2015-10-15 12:09:32','2015-10-15 12:09:32'),('2014-04-02762','CSE','2015-10-15 12:09:11','2015-10-15 12:09:11'),('2014-04-02763','CSE','2015-10-15 12:10:19','2015-10-15 12:10:19'),('2014-04-02764','CSE','2015-10-15 12:10:13','2015-10-15 12:10:13'),('2014-04-02765','CSE','2015-10-15 12:09:30','2015-10-15 12:09:30'),('2014-04-02766','CSE','2015-10-15 12:09:58','2015-10-15 12:09:58'),('2014-04-02767','CSE','2015-10-15 12:09:15','2015-10-15 12:09:15'),('2014-04-02768','CSE','2015-10-15 12:09:48','2015-10-15 12:09:48'),('2014-04-02769','CSE','2015-10-15 12:08:24','2015-10-15 12:08:24'),('2014-04-02770','CSE','2015-10-15 12:08:26','2015-10-15 12:08:26'),('2014-04-02771','CSE','2015-10-15 12:08:26','2015-10-15 12:08:26'),('2014-04-02772','CSE','2015-10-15 12:08:27','2015-10-15 12:08:27'),('2014-04-02773','CSE','2015-10-15 12:08:29','2015-10-15 12:08:29'),('2014-04-02774','CSE','2015-10-15 12:08:29','2015-10-15 12:08:29'),('2014-04-02775','CSE','2015-10-15 12:08:32','2015-10-15 12:08:32'),('2014-04-02776','CSE','2015-10-15 12:08:41','2015-10-15 12:08:41'),('2014-04-02777','CSE','2015-10-15 12:08:34','2015-10-15 12:08:34'),('2014-04-02778','CSE','2015-10-15 12:08:36','2015-10-15 12:08:36'),('2014-04-02780','CSE','2015-10-15 12:08:37','2015-10-15 12:08:37'),('2014-04-02781','CSE','2015-10-15 12:08:38','2015-10-15 12:08:38'),('2014-04-02782','CSE','2015-10-15 12:08:39','2015-10-15 12:08:39'),('2014-04-02783','CSE','2015-10-15 12:08:41','2015-10-15 12:08:41'),('2014-04-02784','CSE','2015-10-15 12:08:42','2015-10-15 12:08:42'),('2014-04-02785','CSE','2015-10-15 12:08:45','2015-10-15 12:08:45'),('2014-04-02786','CSE','2015-10-15 12:08:47','2015-10-15 12:08:47'),('2014-04-02787','CSE','2015-10-15 12:08:48','2015-10-15 12:08:48'),('2014-04-02788','CSE','2015-10-15 12:08:48','2015-10-15 12:08:48'),('2014-04-02789','CSE','2015-10-15 12:08:49','2015-10-15 12:08:49'),('2014-04-02790','CSE','2015-10-15 12:08:52','2015-10-15 12:08:52'),('2014-04-02791','CSE','2015-10-15 12:08:55','2015-10-15 12:08:55'),('2014-04-02792','CSE','2015-10-15 12:08:56','2015-10-15 12:08:56'),('2014-04-02793','ETE','2015-10-15 12:08:56','2015-10-15 12:08:56'),('2014-04-02794','ETE','2015-10-15 12:08:59','2015-10-15 12:08:59'),('2014-04-02795','CSE','2015-10-15 12:08:59','2015-10-15 12:08:59'),('2014-04-02796','CSE','2015-10-15 12:09:02','2015-10-15 12:09:02'),('2014-04-02797','CSE','2015-10-15 12:09:06','2015-10-15 12:09:06'),('2014-04-02798','CSE','2015-10-15 12:09:07','2015-10-15 12:09:07'),('2014-04-02799','CSE','2015-10-15 12:09:08','2015-10-15 12:09:08'),('2014-04-02800','CSE','2015-10-15 12:09:14','2015-10-15 12:09:14'),('2014-04-02801','CSE','2015-10-15 12:09:16','2015-10-15 12:09:16'),('2014-04-02802','CSE','2015-10-15 12:09:17','2015-10-15 12:09:17'),('2014-04-02803','CSE','2015-10-15 12:09:18','2015-10-15 12:09:18'),('2014-04-02804','CSE','2015-10-15 12:09:18','2015-10-15 12:09:18'),('2014-04-02805','CSE','2015-10-15 12:09:20','2015-10-15 12:09:20'),('2014-04-02806','CSE','2015-10-15 12:09:21','2015-10-15 12:09:21'),('2014-04-02807','CSE','2015-10-15 12:09:22','2015-10-15 12:09:22'),('2014-04-02808','CSE','2015-10-15 12:09:22','2015-10-15 12:09:22'),('2014-04-02809','CSE','2015-10-15 12:09:23','2015-10-15 12:09:23'),('2014-04-02810','CSE','2015-10-15 12:09:28','2015-10-15 12:09:28'),('2014-04-02811','CSE','2015-10-15 12:09:29','2015-10-15 12:09:29'),('2014-04-02812','CSE','2015-10-15 12:09:29','2015-10-15 12:09:29'),('2014-04-02813','CSE','2015-10-15 12:09:32','2015-10-15 12:09:32'),('2014-04-02814','CSE','2015-10-15 12:09:32','2015-10-15 12:09:32'),('2014-04-02815','ETE','2015-10-15 12:09:33','2015-10-15 12:09:33'),('2014-04-02816','CSE','2015-10-15 12:09:36','2015-10-15 12:09:36'),('2014-04-02817','CSE','2015-10-15 12:09:36','2015-10-15 12:09:36'),('2014-04-02818','CSE','2015-10-15 12:09:41','2015-10-15 12:09:41'),('2014-04-02819','CSE','2015-10-15 12:09:42','2015-10-15 12:09:42'),('2014-04-02820','CSE','2015-10-15 12:09:43','2015-10-15 12:09:43'),('2014-04-02821','CSE','2015-10-15 12:09:46','2015-10-15 12:09:46'),('2014-04-02822','CSE','2015-10-15 12:09:47','2015-10-15 12:09:47'),('2014-04-02823','CSE','2015-10-15 12:09:48','2015-10-15 12:09:48'),('2014-04-02824','CSE','2015-10-15 12:09:49','2015-10-15 12:09:49'),('2014-04-02825','CSE','2015-10-15 12:09:49','2015-10-15 12:09:49'),('2014-04-02826','CSE','2015-10-15 12:09:49','2015-10-15 12:09:49'),('2014-04-02827','CSE','2015-10-15 12:09:50','2015-10-15 12:09:50'),('2014-04-02829','CSE','2015-10-15 12:09:53','2015-10-15 12:09:53'),('2014-04-02830','CSE','2015-10-15 12:09:54','2015-10-15 12:09:54'),('2014-04-02831','CSE','2015-10-15 12:09:57','2015-10-15 12:09:57'),('2014-04-02832','CSE','2015-10-15 12:09:57','2015-10-15 12:09:57'),('2014-04-02833','CSE','2015-10-15 12:09:59','2015-10-15 12:09:59'),('2014-04-02834','CSE','2015-10-15 12:10:01','2015-10-15 12:10:01'),('2014-04-02835','CSE','2015-10-15 12:10:02','2015-10-15 12:10:02'),('2014-04-02836','CSE','2015-10-15 12:10:02','2015-10-15 12:10:02'),('2014-04-02837','CSE','2015-10-15 12:10:02','2015-10-15 12:10:02'),('2014-04-02838','CSE','2015-10-15 12:10:03','2015-10-15 12:10:03'),('2014-04-02839','CSE','2015-10-15 12:10:06','2015-10-15 12:10:06'),('2014-04-02840','CSE','2015-10-15 12:10:09','2015-10-15 12:10:09'),('2014-04-02841','CSE','2015-10-15 12:10:09','2015-10-15 12:10:09'),('2014-04-02842','CSE','2015-10-15 12:10:11','2015-10-15 12:10:11'),('2014-04-02843','CSE','2015-10-15 12:10:13','2015-10-15 12:10:13'),('2014-04-02844','CSE','2015-10-15 12:10:13','2015-10-15 12:10:13'),('2014-04-02845','CSE','2015-10-15 12:10:15','2015-10-15 12:10:15'),('2014-04-02847','CSE','2015-10-15 12:10:18','2015-10-15 12:10:18'),('2014-04-02848','CSE','2015-10-15 12:10:20','2015-10-15 12:10:20'),('2014-04-02849','CSE','2015-10-15 12:10:20','2015-10-15 12:10:20'),('2014-04-02850','CSE','2015-10-15 12:10:21','2015-10-15 12:10:21'),('2014-04-02851','CSE','2015-10-15 12:10:22','2015-10-15 12:10:22'),('2014-04-02852','CSE','2015-10-15 12:10:22','2015-10-15 12:10:22'),('2014-04-02853','CSE','2015-10-15 12:10:22','2015-10-15 12:10:22'),('2014-04-02854','CSE','2015-10-15 12:10:23','2015-10-15 12:10:23'),('2014-04-02855','CSE','2015-10-15 12:10:28','2015-10-15 12:10:28'),('2014-04-02856','CSE','2015-10-15 12:10:29','2015-10-15 12:10:29'),('2014-04-02857','CSE','2015-10-15 12:09:13','2015-10-15 12:09:13'),('2014-04-02858','CSE','2015-10-15 12:09:52','2015-10-15 12:09:52'),('2014-04-02859','CSE','2015-10-15 12:09:42','2015-10-15 12:09:42'),('2014-04-02860','CSE','2015-10-15 12:09:44','2015-10-15 12:09:44'),('2014-04-02861','CSE','2015-10-15 12:09:25','2015-10-15 12:09:25'),('2014-04-02862','CSE','2015-10-15 12:09:13','2015-10-15 12:09:13'),('2014-04-02863','CSE','2015-10-15 12:10:22','2015-10-15 12:10:22'),('2014-04-02864','CSE','2015-10-15 12:10:32','2015-10-15 12:10:32'),('2014-04-02865','ETE','2015-10-15 12:09:03','2015-10-15 12:09:03'),('2014-04-02866','ETE','2015-10-15 12:08:35','2015-10-15 12:08:35'),('2014-04-02867','ETE','2015-10-15 12:09:25','2015-10-15 12:09:25'),('2014-04-02868','MIE','2015-10-15 12:10:44','2015-10-15 12:10:44'),('2014-04-02869','ETE','2015-10-15 12:08:29','2015-10-15 12:08:29'),('2014-04-02870','ETE','2015-10-15 12:08:36','2015-10-15 12:08:36'),('2014-04-02871','ETE','2015-10-15 12:08:29','2015-10-15 12:08:29'),('2014-04-02872','ETE','2015-10-15 12:08:32','2015-10-15 12:08:32'),('2014-04-02873','ETE','2015-10-15 12:09:24','2015-10-15 12:09:24'),('2014-04-02874','ETE','2015-10-15 12:08:59','2015-10-15 12:08:59'),('2014-04-02875','ETE','2015-10-15 12:08:25','2015-10-15 12:08:25'),('2014-04-02876','ETE','2015-10-15 12:10:28','2015-10-15 12:10:28'),('2014-04-02877','ETE','2015-10-15 12:09:24','2015-10-15 12:09:24'),('2014-04-02878','ETE','2015-10-15 12:09:20','2015-10-15 12:09:20'),('2014-04-02879','ETE','2015-10-15 12:09:04','2015-10-15 12:09:04'),('2014-04-02880','ETE','2015-10-15 12:08:55','2015-10-15 12:08:55'),('2014-04-02881','ETE','2015-10-15 12:09:36','2015-10-15 12:09:36'),('2014-04-02882','ETE','2015-10-15 12:09:25','2015-10-15 12:09:25'),('2014-04-02883','ETE','2015-10-15 12:08:51','2015-10-15 12:08:51'),('2014-04-02884','ETE','2015-10-15 12:10:20','2015-10-15 12:10:20'),('2014-04-02885','ETE','2015-10-15 12:08:47','2015-10-15 12:08:47'),('2014-04-02886','ETE','2015-10-15 12:08:59','2015-10-15 12:08:59'),('2014-04-02887','ETE','2015-10-15 12:09:05','2015-10-15 12:09:05'),('2014-04-02888','ETE','2015-10-15 12:09:07','2015-10-15 12:09:07'),('2014-04-02889','ETE','2015-10-15 12:09:09','2015-10-15 12:09:09'),('2014-04-02890','ETE','2015-10-15 12:09:11','2015-10-15 12:09:11'),('2014-04-02891','ETE','2015-10-15 12:09:58','2015-10-15 12:09:58'),('2014-04-02892','ETE','2015-10-15 12:09:22','2015-10-15 12:09:22'),('2014-04-02893','ETE','2015-10-15 12:09:22','2015-10-15 12:09:22'),('2014-04-02894','ETE','2015-10-15 12:09:25','2015-10-15 12:09:25'),('2014-04-02895','ETE','2015-10-15 12:09:31','2015-10-15 12:09:31'),('2014-04-02896','ETE','2015-10-15 12:09:33','2015-10-15 12:09:33'),('2014-04-02897','ETE','2015-10-15 12:09:44','2015-10-15 12:09:44'),('2014-04-02898','ETE','2015-10-15 12:09:45','2015-10-15 12:09:45'),('2014-04-02899','ETE','2015-10-15 12:09:45','2015-10-15 12:09:45'),('2014-04-02900','ETE','2015-10-15 12:09:48','2015-10-15 12:09:48'),('2014-04-02901','ETE','2015-10-15 12:09:49','2015-10-15 12:09:49'),('2014-04-02902','ETE','2015-10-15 12:09:51','2015-10-15 12:09:51'),('2014-04-02903','ETE','2015-10-15 12:09:51','2015-10-15 12:09:51'),('2014-04-02904','ETE','2015-10-15 12:09:55','2015-10-15 12:09:55'),('2014-04-02905','ETE','2015-10-15 12:10:08','2015-10-15 12:10:08'),('2014-04-02906','ETE','2015-10-15 12:10:09','2015-10-15 12:10:09'),('2014-04-02907','ETE','2015-10-15 12:10:16','2015-10-15 12:10:16'),('2014-04-02908','ETE','2015-10-15 12:10:18','2015-10-15 12:10:18'),('2014-04-02909','ETE','2015-10-15 12:10:19','2015-10-15 12:10:19'),('2014-04-02910','ETE','2015-10-15 12:10:23','2015-10-15 12:10:23'),('2014-04-02911','ETE','2015-10-15 12:10:24','2015-10-15 12:10:24'),('2014-04-02912','ETE','2015-10-15 12:10:31','2015-10-15 12:10:31'),('2014-04-02913','CSE','2015-10-15 12:08:23','2015-10-15 12:08:23'),('2014-04-02914','CSE','2015-10-15 12:08:24','2015-10-15 12:08:24'),('2014-04-02915','CSE','2015-10-15 12:08:48','2015-10-15 12:08:48'),('2014-04-02916','CSE','2015-10-15 12:09:07','2015-10-15 12:09:07'),('2014-04-02917','ETE','2015-10-15 12:08:24','2015-10-15 12:08:24'),('2014-04-02918','CSE','2015-10-15 12:08:31','2015-10-15 12:08:31'),('2014-04-02919','CSE','2015-10-15 12:08:32','2015-10-15 12:08:32'),('2014-04-02920','CSE','2015-10-15 12:08:34','2015-10-15 12:08:34'),('2014-04-02921','CSE','2015-10-15 12:08:35','2015-10-15 12:08:35'),('2014-04-02922','CSE','2015-10-15 12:08:36','2015-10-15 12:08:36'),('2014-04-02924','CSE','2015-10-15 12:08:44','2015-10-15 12:08:44'),('2014-04-02925','CSE','2015-10-15 12:08:50','2015-10-15 12:08:50'),('2014-04-02926','CSE','2015-10-15 12:08:50','2015-10-15 12:08:50'),('2014-04-02927','CSE','2015-10-15 12:08:50','2015-10-15 12:08:50'),('2014-04-02928','CSE','2015-10-15 12:08:52','2015-10-15 12:08:52'),('2014-04-02930','CSE','2015-10-15 12:08:54','2015-10-15 12:08:54'),('2014-04-02931','CSE','2015-10-15 12:08:57','2015-10-15 12:08:57'),('2014-04-02932','CSE','2015-10-15 12:09:01','2015-10-15 12:09:01'),('2014-04-02933','CSE','2015-10-15 12:09:00','2015-10-15 12:09:00'),('2014-04-02934','CSE','2015-10-15 12:09:00','2015-10-15 12:09:00'),('2014-04-02935','CSE','2015-10-15 12:09:00','2015-10-15 12:09:00'),('2014-04-02936','CSE','2015-10-15 12:09:00','2015-10-15 12:09:00'),('2014-04-02937','CSE','2015-10-15 12:09:02','2015-10-15 12:09:02'),('2014-04-02938','CSE','2015-10-15 12:09:06','2015-10-15 12:09:06'),('2014-04-02939','ETE','2015-10-15 12:09:07','2015-10-15 12:09:07'),('2014-04-02940','CSE','2015-10-15 12:09:09','2015-10-15 12:09:09'),('2014-04-02941','CSE','2015-10-15 12:09:10','2015-10-15 12:09:10'),('2014-04-02942','CSE','2015-10-15 12:09:10','2015-10-15 12:09:10'),('2014-04-02943','MIE','2015-10-15 12:10:55','2015-10-15 12:10:55'),('2014-04-02944','CSE','2015-10-15 12:09:13','2015-10-15 12:09:13'),('2014-04-02945','CSE','2015-10-15 12:09:13','2015-10-15 12:09:13'),('2014-04-02946','CSE','2015-10-15 12:09:14','2015-10-15 12:09:14'),('2014-04-02947','CSE','2015-10-15 12:09:16','2015-10-15 12:09:16'),('2014-04-02948','CSE','2015-10-15 12:09:15','2015-10-15 12:09:15'),('2014-04-02949','MIE','2015-10-15 12:10:50','2015-10-15 12:10:50'),('2014-04-02950','CSE','2015-10-15 12:09:17','2015-10-15 12:09:17'),('2014-04-02951','CSE','2015-10-15 12:09:18','2015-10-15 12:09:18'),('2014-04-02952','CSE','2015-10-15 12:09:19','2015-10-15 12:09:19'),('2014-04-02953','CSE','2015-10-15 12:09:20','2015-10-15 12:09:20'),('2014-04-02954','CSE','2015-10-15 12:09:21','2015-10-15 12:09:21'),('2014-04-02955','CSE','2015-10-15 12:09:23','2015-10-15 12:09:23'),('2014-04-02956','CSE','2015-10-15 12:09:27','2015-10-15 12:09:27'),('2014-04-02957','CSE','2015-10-15 12:09:28','2015-10-15 12:09:28'),('2014-04-02959','CSE','2015-10-15 12:09:34','2015-10-15 12:09:34'),('2014-04-02960','CSE','2015-10-15 12:09:35','2015-10-15 12:09:35'),('2014-04-02961','ETE','2015-10-15 12:09:36','2015-10-15 12:09:36'),('2014-04-02962','CSE','2015-10-15 12:09:37','2015-10-15 12:09:37'),('2014-04-02963','CSE','2015-10-15 12:09:37','2015-10-15 12:09:37'),('2014-04-02964','CSE','2015-10-15 12:09:39','2015-10-15 12:09:39'),('2014-04-02965','CSE','2015-10-15 12:09:39','2015-10-15 12:09:39'),('2014-04-02966','CSE','2015-10-15 12:09:40','2015-10-15 12:09:40'),('2014-04-02967','ETE','2015-10-15 12:09:42','2015-10-15 12:09:42'),('2014-04-02968','CSE','2015-10-15 12:09:44','2015-10-15 12:09:44'),('2014-04-02969','CSE','2015-10-15 12:09:44','2015-10-15 12:09:44'),('2014-04-02970','CSE','2015-10-15 12:09:47','2015-10-15 12:09:47'),('2014-04-02971','ETE','2015-10-15 12:09:49','2015-10-15 12:09:49'),('2014-04-02972','CSE','2015-10-15 12:09:50','2015-10-15 12:09:50'),('2014-04-02973','CSE','2015-10-15 12:09:52','2015-10-15 12:09:52'),('2014-04-02974','CSE','2015-10-15 12:09:54','2015-10-15 12:09:54'),('2014-04-02975','CSE','2015-10-15 12:09:54','2015-10-15 12:09:54'),('2014-04-02976','CSE','2015-10-15 12:09:58','2015-10-15 12:09:58'),('2014-04-02977','CSE','2015-10-15 12:09:59','2015-10-15 12:09:59'),('2014-04-02978','CSE','2015-10-15 12:10:00','2015-10-15 12:10:00'),('2014-04-02979','CSE','2015-10-15 12:10:02','2015-10-15 12:10:02'),('2014-04-02980','CSE','2015-10-15 12:10:03','2015-10-15 12:10:03'),('2014-04-02982','CSE','2015-10-15 12:10:05','2015-10-15 12:10:05'),('2014-04-02983','CSE','2015-10-15 12:10:05','2015-10-15 12:10:05'),('2014-04-02984','CSE','2015-10-15 12:10:07','2015-10-15 12:10:07'),('2014-04-02985','ETE','2015-10-15 12:10:10','2015-10-15 12:10:10'),('2014-04-02986','CSE','2015-10-15 12:10:11','2015-10-15 12:10:11'),('2014-04-02987','CSE','2015-10-15 12:10:11','2015-10-15 12:10:11'),('2014-04-02988','CSE','2015-10-15 12:10:12','2015-10-15 12:10:12'),('2014-04-02989','CSE','2015-10-15 12:10:12','2015-10-15 12:10:12'),('2014-04-02990','CSE','2015-10-15 12:10:13','2015-10-15 12:10:13'),('2014-04-02991','CSE','2015-10-15 12:10:15','2015-10-15 12:10:15'),('2014-04-02992','CSE','2015-10-15 12:10:15','2015-10-15 12:10:15'),('2014-04-02993','CSE','2015-10-15 12:10:16','2015-10-15 12:10:16'),('2014-04-02994','CSE','2015-10-15 12:10:17','2015-10-15 12:10:17'),('2014-04-02995','CSE','2015-10-15 12:10:16','2015-10-15 12:10:16'),('2014-04-02996','CSE','2015-10-15 12:10:17','2015-10-15 12:10:17'),('2014-04-02997','CSE','2015-10-15 12:10:19','2015-10-15 12:10:19'),('2014-04-02998','CSE','2015-10-15 12:10:29','2015-10-15 12:10:29'),('2014-04-02999','CSE','2015-10-15 12:10:30','2015-10-15 12:10:30'),('2014-04-03000','CSE','2015-10-15 12:10:32','2015-10-15 12:10:32'),('2014-04-03001','CSE','2015-10-15 12:08:26','2015-10-15 12:08:26'),('2014-04-07755','CSE','2015-10-15 12:08:28','2015-10-15 12:08:28'),('2014-04-07773','MIE','2015-10-15 12:10:32','2015-10-15 12:10:32'),('2014-04-07786','MIE','2015-10-15 12:10:56','2015-10-15 12:10:56'),('2014-04-07787','MIE','2015-10-15 12:10:45','2015-10-15 12:10:45'),('2014-04-07788','MIE','2015-10-15 12:10:33','2015-10-15 12:10:33'),('2014-04-07789','MIE','2015-10-15 12:11:15','2015-10-15 12:11:15'),('2014-04-07790','MIE','2015-10-15 12:11:09','2015-10-15 12:11:09'),('2014-04-07791','MIE','2015-10-15 12:11:02','2015-10-15 12:11:02'),('2014-04-07792','MIE','2015-10-15 12:11:12','2015-10-15 12:11:12'),('2014-04-07793','MIE','2015-10-15 12:11:06','2015-10-15 12:11:06'),('2014-04-08141','CSE','2015-10-15 12:10:00','2015-10-15 12:10:00'),('2014-04-08150','CSE','2015-10-15 12:09:18','2015-10-15 12:09:18'),('2014-04-08173','ETE','2015-10-15 12:10:15','2015-10-15 12:10:15'),('2014-04-08237','CSE','2015-10-15 12:08:55','2015-10-15 12:08:55'),('2014-04-08247','ETE','2015-10-15 12:08:42','2015-10-15 12:08:42'),('2014-04-08258','MIE','2015-10-15 12:10:49','2015-10-15 12:10:49');
/*!40000 ALTER TABLE `students` ENABLE KEYS */;
UNLOCK TABLES;

--
-- Table structure for table `users`
--

DROP TABLE IF EXISTS `users`;
/*!40101 SET @saved_cs_client     = @@character_set_client */;
/*!40101 SET character_set_client = utf8 */;
CREATE TABLE `users` (
  `id` varchar(255) COLLATE utf8_unicode_ci NOT NULL,
  `first_name` varchar(255) COLLATE utf8_unicode_ci NOT NULL,
  `middle_name` varchar(255) COLLATE utf8_unicode_ci NOT NULL,
  `last_name` varchar(255) COLLATE utf8_unicode_ci NOT NULL,
  `title` varchar(255) COLLATE utf8_unicode_ci NOT NULL,
  `password` varchar(60) COLLATE utf8_unicode_ci NOT NULL,
  `user_type` varchar(255) COLLATE utf8_unicode_ci NOT NULL,
  `remember_token` varchar(100) COLLATE utf8_unicode_ci NOT NULL,
  `created_at` timestamp NOT NULL DEFAULT '0000-00-00 00:00:00',
  `updated_at` timestamp NOT NULL DEFAULT '0000-00-00 00:00:00',
  PRIMARY KEY (`id`)
) ENGINE=InnoDB DEFAULT CHARSET=utf8 COLLATE=utf8_unicode_ci;
/*!40101 SET character_set_client = @saved_cs_client */;

--
-- Dumping data for table `users`
--

LOCK TABLES `users` WRITE;
/*!40000 ALTER TABLE `users` DISABLE KEYS */;
INSERT INTO `users` VALUES ('2010-04-01881','Alex','','Mwaibambe','','$2y$10$2CXovuZpy.Yi/CYUFz8gOuQqvoZvttjgmbM9Ce2huj.DZJ6ku5OL2','Student','','2015-10-15 12:10:32','2015-10-15 12:10:32'),('2011-04-00064','Mbarouk','Omary','Maleta','','$2y$10$puFQWB5ivUU/OlQDXSDKNuHxtlQRsta2VZiWu3Ymo1I4vgFgLxlDS','Student','','2015-10-15 12:09:50','2015-10-15 12:09:50'),('2011-04-00090','Samwel','','Katwale','','$2y$10$19ea.bh/TFLVwVDt.UO7Ze4nYvGfGh78siCFuOQWE2NjO7V7Dh3jm','Student','','2015-10-15 12:10:16','2015-10-15 12:10:16'),('2011-04-00142','Evarist','Silayo','Richard','','$2y$10$Oi21D3GVr88.hi.vJ0CPVO37jQBfFpUXZZpHJAz56tS0InR/xfsNG','Student','','2015-10-15 12:09:04','2015-10-15 12:09:04'),('2011-04-00180','Gasper','','Benedict','','$2y$10$cluIxvtbuG2l4A7lP/5EnuYcFasYk6sOYBDRxQ.owZfxBs.EiZnFq','Student','','2015-10-15 12:09:11','2015-10-15 12:09:11'),('2011-04-00327','Erick','','Michael','','$2y$10$qK2coavwsjq7G/bv6Jp//OAcFLKykrYuEcGj2sg0KUKeUlh95d0eW','Student','','2015-10-15 12:10:48','2015-10-15 12:10:48'),('2011-04-00346','Carlos','','John','','$2y$10$16iyQlwKJvKbZewCiToxrOGRHkIVh/oweJEInmIpeknOGPZ1duh7a','Student','','2015-10-15 12:08:42','2015-10-15 12:08:42'),('2011-04-00404','Jonathan','','Bugado','','$2y$10$vRsB2MbIeoktyI7LdIuLr.hQFOTzs9kq.TBit3Z.y49LPWwaAal/q','Student','','2015-10-15 12:09:32','2015-10-15 12:09:32'),('2011-04-00408','Baraka','Williams','Jackson','','$2y$10$Cn5/KHSUVj0Gawy9Z10V5eLiOCw8/lFractywU4LBhLozTjUa7U6i','Student','','2015-10-15 12:08:37','2015-10-15 12:08:37'),('2011-04-00469','Ziada','','Omary','','$2y$10$lzY48w4h0KMpVqj.2qSL0uz9drNTPmV5/dVaXTYjXmg/5jrERmnOi','Student','','2015-10-15 12:10:32','2015-10-15 12:10:32'),('2011-04-00503','Gasper','','Mallya','','$2y$10$yn9lwVZp3GbgN2yGyRxzt.XLbnI9GbEsYY5.dU8HGv4cWNpsdXtmW','Student','','2015-10-15 12:09:11','2015-10-15 12:09:11'),('2011-04-00681','Tumaini','Izahaki','Mosha','','$2y$10$e.1T0Ao0/t/TqNzlGs9Rg.CzhfPHAelCB/9RXYR2hXaBrlVwjl8Za','Student','','2015-10-15 12:10:25','2015-10-15 12:10:25'),('2011-04-00697','Richard','Elisaeli','Urassa','','$2y$10$W4pX/AwxRY5VvWUi9J0owOvclpEm3VI8AFS1511BWe12X/L0PiNpG','Student','','2015-10-15 12:10:11','2015-10-15 12:10:11'),('2011-04-00859','Yahaya','','Ibrahimu','','$2y$10$jnPyV4x5GBy0UZetl//83.TGI09LIBYidrEPB0AunsX1/at88Y6U6','Student','','2015-10-15 12:10:29','2015-10-15 12:10:29'),('2011-04-00861','Emmanuel','','Masele','','$2y$10$DUyJLwBjFHrp0fCdF3dC5eRLiq7.MoE7Ch.UbyWptwN3ITzzThP5m','Student','','2015-10-15 12:08:58','2015-10-15 12:08:58'),('2011-04-00930','Mandela','Edmund','Mtui','','$2y$10$1OfpxhAzAKij0UO1nZGj2O7igXpwyspfW6fllcnFQjeSSLsS3gkVK','Student','','2015-10-15 12:09:45','2015-10-15 12:09:45'),('2011-04-01022','George','Mtunzi','Felix','','$2y$10$uLnUf4Q70EkcqZEXoiAAF.46f2pefRBJoqGm8cNce9MqrZ2.Q24sm','Student','','2015-10-15 12:09:12','2015-10-15 12:09:12'),('2011-04-01156','Stanley','Betuel','Raphael','','$2y$10$mZUSbJHitSNxW6TJudaBwumXTgZ7RTwtvnH2bVROYugOjGWDQHYMq','Student','','2015-10-15 12:10:21','2015-10-15 12:10:21'),('2011-04-01176','Amiri','','Rasuli','','$2y$10$tGsZ83RwDoEJ8BBvprSKy.1mU2S31qkSyyFXfods9Gu.reVC4RoSq','Student','','2015-10-15 12:10:38','2015-10-15 12:10:38'),('2011-04-01188','Benson','','Urio','','$2y$10$m88gcf8AnPXfQOCNQZAQEe8nCB2na5a6Z5gE5GN83A1iq5ZYmYVOy','Student','UhVspgoy5lCwxSpBOutZkQc6fsekBhNTn7HOVOheJHBtH7BylO3MHI8deFOs','2015-10-15 12:08:40','2015-10-28 14:45:11'),('2011-04-01251','Henry','Goodluck','Msuya','','$2y$10$tKuM5AfIqUIpXIcVo1E1h.oB4h5ndhbvoqNHNe4FyiA5Ey.Eb370e','Student','','2015-10-15 12:10:49','2015-10-15 12:10:49'),('2011-04-01265','Yohana','','Joseph','','$2y$10$H0xMA79UrUcnBo9P4Ps3yOALXST3.tWFdWgbjuUvEu4u4zEU7n/Le','Student','','2015-10-15 12:10:30','2015-10-15 12:10:30'),('2011-04-01266','Jacksoni','','Richard','','$2y$10$JSIbEVLI28i/uWNJHp6FG.tnW5f7A.rFnUBnfdDifFgc8fYiOtjku','Student','','2015-10-15 12:10:50','2015-10-15 12:10:50'),('2011-04-01294','Chrisantus','','Norbert','','$2y$10$fOLz9aIysoVxGKZdLvibROoWaBa.iU5M/xEWdkv0TOV6RCY6f7Xh6','Student','','2015-10-15 12:08:44','2015-10-15 12:08:44'),('2011-04-01296','Karen','','Katabwa','','$2y$10$4hiyTTG6lOagkG/XqNH9B.d2lhZ/6k0kN87uYkCj7z8hdxkCNnsae','Student','','2015-10-15 12:09:38','2015-10-15 12:09:38'),('2011-04-01319','Richard','Renatus','Matanga','','$2y$10$Q4RPpHOYeJhPwVfp05MVL.qZ4H9kfnmniGOENREVgowIeLtBUsXaS','Student','','2015-10-15 12:10:10','2015-10-15 12:10:10'),('2011-04-01488','Boniventure','','Musa','','$2y$10$mgfD9wfUDRkLon9z1JCZGOtUkpsYXBRlC.wTPyzpca/2sqo5estdW','Student','','2015-10-15 12:10:32','2015-10-15 12:10:32'),('2011-04-01560','Daud','Sylvester','Matandiko','','$2y$10$Tdg..glbV.OZxZ0zyfwP4ezDllgEStYWpI427MoPKWeiKYP1D3.gm','Student','','2015-10-15 12:08:48','2015-10-15 12:08:48'),('2011-04-01573','Steven','Severin','Msesega','','$2y$10$bmhesHcIA1g.f0ExER3mM.wRj75E/r8LzCjCvOW6CRennoFP9kWYe','Student','','2015-10-15 12:10:38','2015-10-15 12:10:38'),('2011-04-01732','Emmanuel','Hanington','Mrema','','$2y$10$i53Gx0xvEoCJCtojSmv7nOT.H3pB5OT7DuAXAbueoMwNIOfKqFEES','Student','','2015-10-15 12:08:58','2015-10-15 12:08:58'),('2011-04-01750','Mussa','','David','','$2y$10$G9VGUeWTxjJLhDsqfN1vx.82Eg8DuKjeeSPDb6hbLn8opFAi/k6ky','Student','','2015-10-15 12:09:55','2015-10-15 12:09:55'),('2011-04-01751','Evaresto','Daniel','Nyanga','','$2y$10$.G.KdGh/GKzyEOUZla8yU.zG2IJ8p.DxWuXJXstZnGerLYtiP0GB2','Student','','2015-10-15 12:10:55','2015-10-15 12:10:55'),('2011-04-01891','Beatrice','','Charles','','$2y$10$pAZ3v6P3ipFyxrAZg.EfGey2Bb3VjHwGrYFTIvSUYrI8XILuGTUwO','Student','','2015-10-15 12:08:38','2015-10-15 12:08:38'),('2011-04-01967','Peter','Augustine','Kisinga','','$2y$10$NuJu33bw9yrve1rifBgcD.Xpy/mBy/X0d0f6DQloxmD8KWuYRbBuC','Student','','2015-10-15 12:10:04','2015-10-15 12:10:04'),('2011-04-01998','Obadia','','Kapinga','','$2y$10$f1m0hbr8QnzLgYG0sM4iDuDvGf/FFjuFpXqFlqqu1R4yVrvj.ppI2','Student','','2015-10-15 12:10:00','2015-10-15 12:10:00'),('2011-04-02083','Noel','','Nicholaus','','$2y$10$pRRRAX1jhy9LXf.BRUvLAeGU3.1EgRZuezpUlgTudQdmQOniFZQw2','Student','','2015-10-15 12:09:59','2015-10-15 12:09:59'),('2011-04-02120','Thomas','Didas','Kavishe','','$2y$10$/Scyf8IHeMiYOvH.Txe54u1XGNx.GIoqsc8vsFGR58ZfRKGq4J6Iq','Student','','2015-10-15 12:10:24','2015-10-15 12:10:24'),('2011-04-02209','Rashid','','Gembe','','$2y$10$6u/jX8tFm1x5WXAJl8zatuWki2nBUZt/LKEujNV/85B3iVR.kTZj6','Student','','2015-10-15 12:10:08','2015-10-15 12:10:08'),('2011-04-02271','Thomas','','Nyakia','','$2y$10$ylUMleB44vCOM1VrxGB2zOvRtb03WUJ5GjzrEPaBnr92buTVSXxQO','Student','','2015-10-15 12:10:24','2015-10-15 12:10:24'),('2011-04-02389','Paulo','','Longino','','$2y$10$ewxxcDBwsSyYGGZJs/Q91OmokjSDT2e2UDqxAk/HrN1EOvjhJ5Glq','Student','','2015-10-15 12:10:03','2015-10-15 12:10:03'),('2011-04-02428','Ibrahim','','Jengela','','$2y$10$auOkyjqHsYqIbW/s/zafFeTsNzDom2kBoOmFbylCffRkXSf87TdxS','Student','','2015-10-15 12:09:22','2015-10-15 12:09:22'),('2011-04-02529','Ezekiel','','Lumato','','$2y$10$3gfd/qddI8g7sGxH07IZYe5OkmmRjuyRyR7rc7JtD2NWlIMqEliBK','Student','','2015-10-15 12:09:05','2015-10-15 12:09:05'),('2011-04-02555','Idda','','Felician','','$2y$10$LgqFgqFG160Y9Z3sA9KsIeSPIdcYFelh.BfqnneHNzTMFAkNaIrmS','Student','','2015-10-15 12:09:23','2015-10-15 12:09:23'),('2011-04-02603','Evance','','Josephat','','$2y$10$nSBdfbx2aVPZWF53mw.27.D1nHroanp3wm.DthOZIiW9U61Ll6ub.','Student','','2015-10-15 12:09:04','2015-10-15 12:09:04'),('2011-04-02720','David','','Malekela','','$2y$10$bfya.wPq27tfupp7cnWm7uKGjwI9bCsiyD642msXcLa1ZeaY/kyt.','Student','','2015-10-15 12:10:55','2015-10-15 12:10:55'),('2011-04-02797','Dani','','Yakobo','','$2y$10$9cx5bu/3B06Vt4KeOotk8Ow720rsB8U/ld5yGV2tmNtKHWh3Ed/Q6','Student','','2015-10-15 12:08:47','2015-10-15 12:08:47'),('2011-04-02849','Jacqueline','Mushi','Jackson','','$2y$10$EwbUd7DyP3cDLus6VptsM.bGlvd/.sRCEaDtT/04gLIzmBISalspq','Student','','2015-10-15 12:09:27','2015-10-15 12:09:27'),('2011-04-02912','Cynthia','','Kyungai','','$2y$10$bAYvZA/HH1jNRQaWjQzJeelLoI1J2p7LIuaLEWI/t0UGLm/RltlsS','Student','','2015-10-15 12:08:47','2015-10-15 12:08:47'),('2011-04-02985','Amani','','Michael','','$2y$10$CJDZgQROfluURMkdHMaOjOstv0WceLym0KQymk93Mcyi31Ixut6hy','Student','','2015-10-15 12:08:30','2015-10-15 12:08:30'),('2011-04-03006','Shaban','','Omary','','$2y$10$QO2awzrZnt//qsKKSLn7XOzkZlkk6qazjoG.GFeKdYRwr/cbSZYfq','Student','','2015-10-15 12:10:19','2015-10-15 12:10:19'),('2011-04-03032','George','','Benson','','$2y$10$awcRMkxJweq7knYFlLBqp.usVciNFZHpLtjz2Xzd1ixtdiX0ZXqDa','Student','','2015-10-15 12:10:42','2015-10-15 12:10:42'),('2011-04-03075','Mwajuma','H','Kibuta','','$2y$10$BhljobGP2Tp2nDZhIpN9UeuI/F8MRicXNHTvpN.phVlFjE4VTfj4G','Student','','2015-10-15 12:09:56','2015-10-15 12:09:56'),('2011-04-03207','Kenedy','','Sungu','','$2y$10$t16ZjekGBSKDzlppEhnudOGLoli0AbscO3HlPJzwLh0OTTN0uqYlO','Student','','2015-10-15 12:09:40','2015-10-15 12:09:40'),('2011-04-03213','Davies','','Mchwampaka','','$2y$10$eZezWYKsQ3Mbh1pMrhlLNO4V/bJmy6DoSBkwDUzExk1xuk7XUz2qe','Student','','2015-10-15 12:08:50','2015-10-15 12:08:50'),('2011-04-03221','Manny','','Gatahwa','','$2y$10$ZcQvk8G/QkEF/WR.WVzqruFNeysPVz3fRbD91H1bvJS1ZSIwM4s5e','Student','','2015-10-15 12:09:46','2015-10-15 12:09:46'),('2011-04-03232','Joseph','','Ndidi','','$2y$10$1ObuiNXyet3z6OIU3RAp.OTnFJH2SS9m0SGD1PFDEgYPmkih.6LgS','Student','','2015-10-15 12:09:33','2015-10-15 12:09:33'),('2011-04-03362','Mathias','Sebastian','Halinga','','$2y$10$o3ftOc3tbkGMwmRPSdaeW..a9Gd5a4217mOExhjH2ap72n8XleEFW','Student','','2015-10-15 12:10:37','2015-10-15 12:10:37'),('2011-04-03497','Daria','Venerabilis','Kululetera','','$2y$10$VdUOQCw13lfTJjZ4/cGMa.3PMgWklO1XKA1hAdsiMJHRjs/BY.vQG','Student','','2015-10-15 12:08:48','2015-10-15 12:08:48'),('2011-04-03546','Symreng','Ben','Nyagwa','','$2y$10$0/HAO/RLPHSsEwEWb0vQo.2cXREhRxC9EV0NKjLtEglZnaxcAxRsC','Student','','2015-10-15 12:10:23','2015-10-15 12:10:23'),('2011-04-03562','Nsajigwa','Ezekiel','Mwankenja','','$2y$10$XIbG6kBD4Ss/BRRtwzXCsOTHY7e9X0ATYRVfbatOMq807y/aCQrne','Student','','2015-10-15 12:10:44','2015-10-15 12:10:44'),('2011-04-03651','Gerwalda','Anastas','Mbawala','','$2y$10$pDQB3jbej2Y9OLK6knMzSeO/qcKkC2XS.JB0Q6ET3w193esVv1wtS','Student','','2015-10-15 12:09:13','2015-10-15 12:09:13'),('2011-04-03668','Malikito','','Abdallah','','$2y$10$CHIQJ8vcwnR7PV9D8f704ezezAyHyAFV4ptj.m5zHXrYNxD/YKLdS','Student','','2015-10-15 12:09:45','2015-10-15 12:09:45'),('2011-04-03754','Paul','Simon','Basondole','','$2y$10$aWhP.7AZTvinenxqzT/ewuiLpfXhydd2E5GtN2E/YdE.OVZrkWb52','Student','','2015-10-15 12:10:03','2015-10-15 12:10:03'),('2011-04-03770','Najma','Mohamed','Hussein','','$2y$10$Mgoi0cfdgFW8EAfHiX8nwOkW3vtRwVo2QmbMvQjh8Y7JbK3Oy4Qr6','Student','','2015-10-15 12:09:56','2015-10-15 12:09:56'),('2011-04-03908','Mariam','Hussein','Shelukindo','','$2y$10$kz/xJNb39KOJ/oLV.tukFujpLYJtVGQQg5jtetzvDs/TElcI2ruFa','Student','','2015-10-15 12:09:47','2015-10-15 12:09:47'),('2011-04-03949','Japhet','Evarist','Mbalama','','$2y$10$NfyvlnGpgLXwc2Lrq4whPu1ejJOCYipCDiTRldN2QTe4x.PGm/WjS','Student','','2015-10-15 12:09:29','2015-10-15 12:09:29'),('2011-04-03951','Witnes','','Kihega','','$2y$10$4XDkINxatJSCHa0FKTQzVuHPcFM2AQ0S.uPfw.Xe8gjVTkjbZm5XK','Student','','2015-10-15 12:10:29','2015-10-15 12:10:29'),('2011-04-04075','Isaya','Alanus','Hindi','','$2y$10$2IITqKVV0MAUZuopB4r4LeALVN3atUQeKx1CMQq0pTV.ECAO.BuxG','Student','','2015-10-15 12:10:49','2015-10-15 12:10:49'),('2011-04-04108','Joyce','Emmanuel','Mboma','','$2y$10$Gl4guCqITit.C.9YAVjxBOXaDRc.s/uGYtxfwmKV3BuOn432NtxUW','Student','','2015-10-15 12:09:35','2015-10-15 12:09:35'),('2011-04-04161','George','','Nguvava','','$2y$10$.KKRjnAKcjNJpFOBr93.SeMM6TpEk7mU49sBo05Q08XU29Ym5MMAq','Student','','2015-10-15 12:09:12','2015-10-15 12:09:12'),('2011-04-04174','David','','Lucas','','$2y$10$63N2VX5HGuRIGg1Dwtu3v.3MXhrVm/iPPsg08ZF4Or2p9YboJ0TZq','Student','','2015-10-15 12:10:43','2015-10-15 12:10:43'),('2011-04-04193','Ramla','Laiser','Ibrahim','','$2y$10$qMa2r0eQsOAYuU6Wk.k/2.AP2kx60WMpvCcv9Jz/gDa/0OmjTLpQq','Student','','2015-10-15 12:10:07','2015-10-15 12:10:07'),('2011-04-04221','Rahabu','','Mwang\'amba','','$2y$10$tPifEYPGxJFnNnpIG8XEJOTWbBrMdX8PzTtUmtI4nIkW722SpnchC','Student','','2015-10-15 12:10:06','2015-10-15 12:10:06'),('2011-04-04224','Leah','Anastazi','Wantiko','','$2y$10$NKsFZdV9kOvifGhsIGbFXO4mnaVn91jCSdTwYBEUsbYP/CKDYQDy.','Student','','2015-10-15 12:09:41','2015-10-15 12:09:41'),('2011-04-04234','Malaba','','Zanzibar','','$2y$10$7Nm3prOj55esGkScTtV51.cGvYsC0h9GmHjpqdgRkuOFnaNXvi92m','Student','','2015-10-15 12:10:57','2015-10-15 12:10:57'),('2011-04-04387','Mukama','','Abdalazake','','$2y$10$zB99FqViDTYFFFjw9w9utONT8/srJ9KYELy6pIQSrDaZ4We/4veSS','Student','','2015-10-15 12:09:55','2015-10-15 12:09:55'),('2011-04-04400','Lucas','','Yona','','$2y$10$EZxG4rngEq/keNwufPDRWuWc.7PQ02Zro/1Q223ORGS9ofCBCTa1C','Student','','2015-10-15 12:09:42','2015-10-15 12:09:42'),('2011-04-04412','Togolani','','Shabani','','$2y$10$04gV2AWTYcriuvvhJeivXegqPgsO8WMYeyBQCFpuTZTJMu8EuQntW','Student','','2015-10-15 12:10:33','2015-10-15 12:10:33'),('2011-04-04424','Christine','Kokunyegeza','Kahindi','','$2y$10$cjYHpDmnfpZVv11IKs8tAOGahG4MIfD86dq1utizryMkHfnoymM2S','Student','','2015-10-15 12:08:45','2015-10-15 12:08:45'),('2011-04-04463','Rajabu','Ashiraphy','Ismail','','$2y$10$Qn3g655J3MRY52zut8GnTegVt3ZODMWtflDHMYHAHqzTQo4VGUKzO','Student','','2015-10-15 12:10:06','2015-10-15 12:10:06'),('2011-04-04471','Adelhard','','Kyamuhangile','','$2y$10$rLilcLzn7gkuUPDizsuI9eb36uTs37PU7gIblDv6TS5ZcDtRdycce','Student','','2015-10-15 12:08:24','2015-10-15 12:08:24'),('2011-04-04488','Shadia','','Ayoub','','$2y$10$CGzZU/C0fpUhZflDDzCttOPTxoF84fAeCrjl9cjqqlZ6/PIIVujqS','Student','','2015-10-15 12:10:19','2015-10-15 12:10:19'),('2011-04-04512','Timoth','','Nathaniel','','$2y$10$7Fv4MGPwJF9UISoHxm3TCehzwzJ14Q7kFfOjQm7n2BUkxiKYqlWRG','Student','','2015-10-15 12:10:25','2015-10-15 12:10:25'),('2011-04-04548','Silas','','Musa','','$2y$10$ai5r/rth8k.PDYIFGFR3XuXm3hDwt9G8N3QGbWS3m9wi3siWFYyxq','Student','','2015-10-15 12:10:19','2015-10-15 12:10:19'),('2011-04-04552','Frank','','Lekule','','$2y$10$DIH5iICJdhFjV3Mvc0p87OkJzGPx0h3jXn9TtcU35GhAPyL/DlRv.','Student','','2015-10-15 12:09:09','2015-10-15 12:09:09'),('2011-04-04650','Emanuel','Nicas','Temu','','$2y$10$9dHZ0mwRHyXNlWFigI5IF.o2qBrFoPT6RpVWPaMlHSyiIQPIo0HTi','Student','','2015-10-15 12:10:45','2015-10-15 12:10:45'),('2011-04-04676','Paul','Petro','Dekka','','$2y$10$IzyPUHUyVWC5dE1WUkiHluDjgE/E0RlwrYd3dDzutTkw.xbmiEK1K','Student','','2015-10-15 12:10:03','2015-10-15 12:10:03'),('2011-04-04824','Karim','','Khalid','','$2y$10$a4zqZZKUtwt/ty5aFVtCju8rSIsazSta71NlHiWgHx6yyusC0sQhW','Student','','2015-10-15 12:09:38','2015-10-15 12:09:38'),('2011-04-04855','Emmanuel','','Lyimo','','$2y$10$w3a3goZarjZt3JPVEtn8T.RjgcR/vkTlAZBretjDtotg6kjU1YgY2','Student','','2015-10-15 12:08:58','2015-10-15 12:08:58'),('2011-04-04873','Maria','Peter','Fovo','','$2y$10$AicD1lR5WAQYfyibxhqdD.UFCrDXG53TJUvCb4OELmxjsM9ZHEoem','Student','','2015-10-15 12:09:46','2015-10-15 12:09:46'),('2011-04-05030','Mary','','Lala','','$2y$10$aEFZegVCJ8Tkhr/5NVUaUeuD8BoO.jqHylhMu5GZWRZwLekIaSbN.','Student','','2015-10-15 12:09:48','2015-10-15 12:09:48'),('2011-04-05039','Stephen','','Kahabi','','$2y$10$6hm0bDr4UpWpwlBWc531TOM1UgQ9LF42C6PhNpJww8gfhTx2MIRtK','Student','','2015-10-15 12:11:00','2015-10-15 12:11:00'),('2011-04-05110','Abdueli','Paulo','Mdee','','$2y$10$PD8w0gz3DNHqn0myPGqEWuprFkpsZvQZigPsu2W4n.6BWrOrCJTgS','Student','','2015-10-15 12:08:22','2015-10-15 12:08:22'),('2011-04-05129','Godwin','Praygod','Kessy','','$2y$10$5XctJQ9TmYHj2BEPAhZ6cuX/btxqjtuYGeRhwlfRbS2VzilAfl0bi','Student','','2015-10-15 12:09:16','2015-10-15 12:09:16'),('2011-04-05428','Yohana','Masiana','Mahende','','$2y$10$NpgkFthvg9utK9vYbhPz7Odnw2kYbmKgEzTdu5WPOnkSeiOtNdE6S','Student','','2015-10-15 12:10:30','2015-10-15 12:10:30'),('2011-04-05522','Vanessa-marie','John','Massoy','','$2y$10$1PmwRL6iudh10hIKz1/AVeX8qGCfFMAaNl9B2qJdO7okU/VoXR1Fq','Student','','2015-10-15 12:10:26','2015-10-15 12:10:26'),('2011-04-05578','Charles','Daniel','Sira','','$2y$10$iYxdGkNEp77Hw7c4cX/60.ciZUrhSg4pfDTfftSNth.ktdjFNGOS.','Student','','2015-10-15 12:08:44','2015-10-15 12:08:44'),('2011-04-05721','Issa','','Hemedi','','$2y$10$.6eWCGa9qBSBNDQyMYS2A.1wSyFAnVF340jKRqG/YpRyGQg/F1dbW','Student','','2015-10-15 12:10:40','2015-10-15 12:10:40'),('2011-04-05839','Raphael','','Nicoraus','','$2y$10$ItKu5eRJ98W0pL07wK73seQUXj2D3v4DKlHHkVfYZTPmh81kjQ4ju','Student','','2015-10-15 12:10:08','2015-10-15 12:10:08'),('2011-04-05855','Privatus','','Paschal','','$2y$10$ZC0/OJ94NPUkxvHOH.qA/e98OcSUj3NLQqJBuOsDyQLerh9MzaG2e','Student','','2015-10-15 12:10:05','2015-10-15 12:10:05'),('2011-04-05861','Raymond','Emanuel','Ndambo','','$2y$10$AMIAtn9PJJhhgmEe97cUzO4eDL6TOWCo8IsYYq0K5W5Sh8eC6wg2q','Student','','2015-10-15 12:10:09','2015-10-15 12:10:09'),('2011-04-05886','Comman','','Nduru','','$2y$10$kB545M6MFNxQOu7cFldKnOdAb0d4Pq.FbI/kZtiTNDihMeWzNF.0K','Student','','2015-10-15 12:08:46','2015-10-15 12:08:46'),('2011-04-05947','Athuman','','Abdul','','$2y$10$0C6zqYheN93NbjNVDkklG.VZUKYxkB30aTurLKd9hsCRcsNyvtgdq','Student','','2015-10-15 12:10:59','2015-10-15 12:10:59'),('2011-04-06111','Muhagachi','Peter','Chacha','','$2y$10$q04c0xex2hOe/ZSAVVxZH.YfeyZuJwrN8bllQZ7W2DZx.d0qGTHgG','Student','','2015-10-15 12:09:55','2015-10-15 12:09:55'),('2011-04-06202','Juma','','Lukuni','','$2y$10$jUrDCYTJrn/uSHq.487Wournjlgkqwg3oDPlFWqfaLpU7eCwZ.9EC','Student','','2015-10-15 12:09:37','2015-10-15 12:09:37'),('2011-04-06300','Manfred','','Kibona','','$2y$10$jUoGVivqcK4FJVsyFum.iulaczrPih/AGAqd0JUX3h9iCYyvVkdSG','Student','','2015-10-15 12:09:45','2015-10-15 12:09:45'),('2011-04-06324','Jabiri','Halifa','Irunga','','$2y$10$fpE1TiQVGTFaEo2i7h2a3u8OFtW3zTui6Q3uThEkErif17W5LIEcS','Student','','2015-10-15 12:09:26','2015-10-15 12:09:26'),('2011-04-06493','Ramadhani','','Maulid','','$2y$10$VgXbzVpWryF1sNWpf01lMu0y4ND49g/cH0aBp0KX6bW/hVlX3hLIm','Student','','2015-10-15 12:10:07','2015-10-15 12:10:07'),('2011-04-06545','Muhaji','Ali','Bindeh','','$2y$10$KyX2aCXMWOwLOsPW8hDWz.LjTQy8M3bFJvPiOcuKrY/o5RBHD5xX.','Student','','2015-10-15 12:10:54','2015-10-15 12:10:54'),('2011-04-06864','Arnold','Doste Prosper','Kinabo','','$2y$10$c5ROJrrWgjZ1GyoGlxV3nuZ7OwtCd9IrmtKOSrF4y1W0YJoJX4WnC','Student','','2015-10-15 12:08:34','2015-10-15 12:08:34'),('2011-04-07070','Ferdinand','','Habinshuti','','$2y$10$ssHX1WlBsmFY1wz8YD1KHuMwlKrdUlAtk6/DxjxkXVNy8dMlRrMPG','Student','','2015-10-15 12:10:36','2015-10-15 12:10:36'),('2011-04-07101','Mireille','Shema','Bucyeye','','$2y$10$0wuVFRNAZeH8aD5pBlRo/O0NI1aQpGZNxDvrHpCHZVWU4./voyJge','Student','','2015-10-15 12:10:53','2015-10-15 12:10:53'),('2011-04-07102','Gilbert','','Kwizera','','$2y$10$4UweB8QGSez.mR5Cm/WWyeNdiVGexFowbg5OZCzZynzlURJWqaz/m','Student','','2015-10-15 12:10:41','2015-10-15 12:10:41'),('2012-04-01982','Belnadino','','Mgimba','','$2y$10$uLy/W8u3bayvirtAINBvi.n1vJ4iLcOvssed3G2SdTFrAFg0fSxeq','Student','','2015-10-15 12:08:39','2015-10-15 12:08:39'),('2012-04-02057','Moses','Peter','Abdoni','','$2y$10$OQIbjt9lkBcnVs6pgge7veag3zweK2FufJj9W6mBr9Wja.G8An8iK','Student','','2015-10-15 12:11:13','2015-10-15 12:11:13'),('2012-04-02058','Hussein','','Abdulahman','','$2y$10$19X1yG43bQ7mpfP4kTsD/.S38y9iGZ0vfWWp6SmGT5CyU2yCzcZmm','Student','','2015-10-15 12:10:58','2015-10-15 12:10:58'),('2012-04-02060','Irene','Damian','Badundwa','','$2y$10$9D7BqQQKZet6fGJseGmE1u3O/46A//fcAZenulvNn5fcA3iKuAGxq','Student','','2015-10-15 12:10:47','2015-10-15 12:10:47'),('2012-04-02063','Edwin','','Chipaga','','$2y$10$WXy6owqxkKlyLuy1W8LZfeuQQXncrUfNUQxk9c2ouojMt2GJcTqxO','Student','','2015-10-15 12:11:16','2015-10-15 12:11:16'),('2012-04-02065','Renifrida','','Christian','','$2y$10$d1Kev2/IpWasPIoGDoBBgeQAnMYoSkxhf3OGGeFLOiR/AbKs7lTMS','Student','','2015-10-15 12:11:11','2015-10-15 12:11:11'),('2012-04-02066','Isaya','','Daudi','','$2y$10$KubZZZ.v8rfBVrQSaF8KQebI0FJTRuyRNxn4XAjisImgZ/m4A3SYW','Student','','2015-10-15 12:10:35','2015-10-15 12:10:35'),('2012-04-02068','Selemani','','Doya','','$2y$10$Nl0tikCMjs3JjTZy4H95Z./B/FMOeigkrVp30Y232kIX8DR3ZPFnO','Student','','2015-10-15 12:11:11','2015-10-15 12:11:11'),('2012-04-02072','Israel','','Emmanuel','','$2y$10$MBk0p1rFbL2RmWOfucLcVOW5h.ayss5Re/QF/JYN1MyzpupHx7YHm','Student','','2015-10-15 12:10:52','2015-10-15 12:10:52'),('2012-04-02073','August','','Erasmus','','$2y$10$4bw1vHZi3t40MGX24M22xuPDwLrW.UlPNX1.XkyAUL28ivdyX73fy','Student','','2015-10-15 12:10:41','2015-10-15 12:10:41'),('2012-04-02074','Samson','Mndumi','Fatael','','$2y$10$gMxXnVVAke0l9Cqd3WR0H.kF2xXwtDweGPKO2.qJ6tm5bIUDzjBNG','Student','','2015-10-15 12:10:58','2015-10-15 12:10:58'),('2012-04-02075','Anthon','','Frank','','$2y$10$lJ526D6v7p5l0Kg5ulcH4.jDLlAIyae6CPqUtByteKtF7KuFmmH4i','Student','','2015-10-15 12:11:02','2015-10-15 12:11:02'),('2012-04-02076','George','','Gwisu','','$2y$10$XSoXzu0YzPWdVleC1hMX1.fHZSI5eXuKe0Phof1BxKTJOrUzHH.yW','Student','','2015-10-15 12:10:46','2015-10-15 12:10:46'),('2012-04-02079','Bakari','Kondo','Hassan','','$2y$10$3uyjVmiqrNyfSlDr96zSD.xK/cNJsT0nODe4RHRJjJea5lKSI0XvG','Student','','2015-10-15 12:11:05','2015-10-15 12:11:05'),('2012-04-02080','Maico','','Haule','','$2y$10$p6hoAlSg77DxmKp494CL0uuKlMhu2PQyVrtAzNXomgi6odFJTu3EC','Student','','2015-10-15 12:10:48','2015-10-15 12:10:48'),('2012-04-02081','Joshwa','','Isack','','$2y$10$tFXSJAdRN0e0vtX.JTJR2ecb0gFOWuhUroQ/iCl4jyZcdzdAQrJwG','Student','','2015-10-15 12:10:35','2015-10-15 12:10:35'),('2012-04-02082','Rosemary','','Jerome','','$2y$10$hpifszQDR9l/X7LuniiF2.i/1XCcYSe.hStybaPp5ZgLGXxm9EGXC','Student','','2015-10-15 12:11:08','2015-10-15 12:11:08'),('2012-04-02084','Priscus','Shao','John','','$2y$10$t/qrRT6nMRR3Kderz0XVEutjULtySMi9YuVRj9RHBgvXaVnLLKrN6','Student','','2015-10-15 12:11:02','2015-10-15 12:11:02'),('2012-04-02085','Paulo','','Johnson','','$2y$10$keeu65uTa8tAAV7XO5Mc8.i3Fe6CseVr/5XCRs0FAhSDmpBzgR4uW','Student','','2015-10-15 12:11:09','2015-10-15 12:11:09'),('2012-04-02086','Samwel','','Joseph','','$2y$10$Xu3shDDcgOvpKXGWgaWZoeN5XUCm7FS4UuVVf1fL6NHh29Nzzd9W2','Student','','2015-10-15 12:11:03','2015-10-15 12:11:03'),('2012-04-02087','Ibrahim','','Joseph','','$2y$10$zhK8yhKLCa9.f17RraX5HOa3mo.6pEbXyKg5XmTmY9BM0YA9K57KG','Student','','2015-10-15 12:11:03','2015-10-15 12:11:03'),('2012-04-02088','Mgunga','','Jumaa','','$2y$10$dZQO6e23C896l169Z5DN0.yOM78xtqQGHeIByRXtbbiVWmICfibmy','Student','','2015-10-15 12:11:15','2015-10-15 12:11:15'),('2012-04-02089','Ignatius','','Kabanga','','$2y$10$WFZLH.qgPzebby5pevcGSuwMt66Qm6fuWqz97dJ/kZSdT0ahOBAni','Student','','2015-10-15 12:11:14','2015-10-15 12:11:14'),('2012-04-02092','Singu','Marco','Kasongi','','$2y$10$fyMu5mxXGmd58nktCeCvNeK.t0DcKeb4ebvlZKuXU6JwQPKW3Uw..','Student','','2015-10-15 12:10:51','2015-10-15 12:10:51'),('2012-04-02093','Ahadi','Yassin','Katera','','$2y$10$6d152tBO3N08Tm3TCTOE2uPl/domZ4keBw5qbE8JM7AtDe8Y9m5Y6','Student','','2015-10-15 12:11:16','2015-10-15 12:11:16'),('2012-04-02094','Cleophas','','Kidungu','','$2y$10$BVhYZwGmUl2Iolq42Ma/Nez2jPt796.A4ZxEClYR9QRqIjIy8CfJG','Student','','2015-10-15 12:10:40','2015-10-15 12:10:40'),('2012-04-02097','Richard','Dismas','Kiondo','','$2y$10$1CZuLnOxPeFB62erbanch.Jk.0i3a6UknAsQ648CDVuSsz/cSCeHK','Student','','2015-10-15 12:10:57','2015-10-15 12:10:57'),('2012-04-02098','Tuntufye','Andulile','Kyusa','','$2y$10$DBd9QwnPLqtX0EWbDQFm../yxpYu3vl8leuK/qjHOXPpm/z0wXoci','Student','','2015-10-15 12:10:45','2015-10-15 12:10:45'),('2012-04-02101','Immaculate','Venance','Magolyo','','$2y$10$psLiyrP1ThBBW9qp9SuEaOfQYcWmeSqR.5qArCD8SsXVYq9BCE0Ne','Student','','2015-10-15 12:11:01','2015-10-15 12:11:01'),('2012-04-02102','Imani','','Malakalinga','','$2y$10$0sY/4RonBbsPRJgezAOkru4Qc03el1PUly8aLvMdjKIFcHgCEPGxW','Student','','2015-10-15 12:11:06','2015-10-15 12:11:06'),('2012-04-02104','Said','','Marco','','$2y$10$tLMT3JhcBtgLtB96ufof9ue31nkWsRsoi7ZQ1sTPN52i4gfbDma6C','Student','','2015-10-15 12:11:08','2015-10-15 12:11:08'),('2012-04-02105','Delton','Eliud','Mariki','','$2y$10$tR4gqloZyMUPecghyRpyS.z4lM5aUnhe7LalewWeM3o9PQd7w3jwy','Student','','2015-10-15 12:11:08','2015-10-15 12:11:08'),('2012-04-02106','Sebastian','','Masanja','','$2y$10$6bX1BVtJD1O1MkXeFdxwj.utdnFmmi5SrXSHQ2rbkI0VcXOkRoQzu','Student','','2015-10-15 12:10:34','2015-10-15 12:10:34'),('2012-04-02108','Ahmed','Salum','Mbarak','','$2y$10$7PUaPAZS43B01WuK1pBKjux6Ya9trLGcZX7AH1LagfBXQqNAHqyza','Student','','2015-10-15 12:10:51','2015-10-15 12:10:51'),('2012-04-02110','Rosalia','Benigno','Mbila','','$2y$10$czL.96IdoCkg2/qbGWCSzuY0IjtdNqf62B0/caGt7Lxjo9GBoCSHG','Student','','2015-10-15 12:10:39','2015-10-15 12:10:39'),('2012-04-02113','Gideon','Simon','Mduma','','$2y$10$AoQzCdg9X4TygQ54pcMQteH7ls/4tkIwp9chaiamxdjpNVgEo3h1K','Student','','2015-10-15 12:10:56','2015-10-15 12:10:56'),('2012-04-02114','Peter','','Mgalega','','$2y$10$HNpDN5spIjPZbQnb.KAKEOA0DdWNi3VjsrAPQFAuEO5i9Wfksto9i','Student','','2015-10-15 12:10:44','2015-10-15 12:10:44'),('2012-04-02115','Salome','Josephat','Mgaya','','$2y$10$fpQmDd9TX0JRi4jxksry1.8fiidk6smc0pYHFO0/C2emvxrTaRMze','Student','','2015-10-15 12:10:44','2015-10-15 12:10:44'),('2012-04-02116','Grace','Thomas','Mgulisi','','$2y$10$BzMnKkjag/kAhNZxIHp40.a2zSNhNYP.p7i7odplvtL7lGmHfDWUu','Student','','2015-10-15 12:11:12','2015-10-15 12:11:12'),('2012-04-02118','Gabriel','Godfrey','Mlay','','$2y$10$Z9TZq8ccqPZCCdrmHwEcAeZyhcYAvvC4tBwwXsQeZXv8.ggh2HGKC','Student','','2015-10-15 12:10:33','2015-10-15 12:10:33'),('2012-04-02119','Vehael','Abiathar','Mmari','','$2y$10$Rm/CHfZMiWZWZuH.19NY.Ow9.2XS0k8dWljeqJzYRz1ml79oMUhO6','Student','','2015-10-15 12:11:14','2015-10-15 12:11:14'),('2012-04-02121','Amani','Martin','Mollel','','$2y$10$8ddEy6.GFDVsSISoPLF41.AgV/.ARWT9IJZl6ofrHtl481NBDjVNS','Student','','2015-10-15 12:10:50','2015-10-15 12:10:50'),('2012-04-02124','Christian','Jonas','Mrimia','','$2y$10$arxqFTKlYMD9kb600DfoSOAVs0jpRavo8nKxD8CSQDr8s9DyiQl/i','Student','','2015-10-15 12:11:07','2015-10-15 12:11:07'),('2012-04-02125','Answary','Aidani','Msuya','','$2y$10$luhdm5PcooCTmpxrix/fIegLVLTkOzvmpj77d5ttHf4YCo8LWAgPG','Student','','2015-10-15 12:11:10','2015-10-15 12:11:10'),('2012-04-02132','Maxmillian','Wilhelmi','Ngowi','','$2y$10$/jphgGoxmU6rP3FXA9he0OgxzYBFXSVu2PmiygrqZPTUZpw5.x6A2','Student','','2015-10-15 12:10:38','2015-10-15 12:10:38'),('2012-04-02133','Omega','Goodson','Njilamhadza','','$2y$10$MK9xe7BowxZ4A.X8iFPtt.nmgD3bX4jbj281BXB3xXMxeOo6g1jLO','Student','','2015-10-15 12:10:55','2015-10-15 12:10:55'),('2012-04-02134','Deodath','Peter','Nyaki','','$2y$10$Vr98huB4q6pYumeb1G6aj./gcoIJ2EylqBKoDl5PEuj5879xWAeZG','Student','','2015-10-15 12:10:43','2015-10-15 12:10:43'),('2012-04-02138','Christian','','Renny','','$2y$10$GPIm.GLDEfupccYNoSQmIOKS.T0zB6kNpe1BPYBXq0HEwYn4kmi0C','Student','','2015-10-15 12:11:00','2015-10-15 12:11:00'),('2012-04-02139','Revocatus','','Robert','','$2y$10$LwP0KDCbP1BB1g3uRPiJGu8Z8.fghCsOWROPFx3N5G.FXNouI0WQW','Student','','2015-10-15 12:11:06','2015-10-15 12:11:06'),('2012-04-02140','Priscus','Shirima','Rogasian','','$2y$10$F.K6GZpW.t9/kiqQKhsU9.qvN2FicUDuNhMjLT1MZKlR9clUUimci','Student','','2015-10-15 12:11:05','2015-10-15 12:11:05'),('2012-04-02141','Jovina','Hildephonce','Rubonela','','$2y$10$uU43a0rQUUN19u5Ab8hJW.5Mx4bt/aN1PG7N7KvB46otWpx.mT1sm','Student','','2015-10-15 12:10:49','2015-10-15 12:10:49'),('2012-04-02145','Rahimu','Juma','Salimu','','$2y$10$spxYa7itl0uSA5HjSwbtrek6uB6F3TETZOx6y9Bohdvdnsl1PTU4.','Student','','2015-10-15 12:11:11','2015-10-15 12:11:11'),('2012-04-02148','Aizea','','Shimwela','','$2y$10$aX2XVFTZnioxZ8suZAY7gOBGf7WvaZEoCewONq5fqG41p.mmyCbWq','Student','','2015-10-15 12:10:37','2015-10-15 12:10:37'),('2012-04-02150','Timothy','','Suleiman','','$2y$10$wC7.7S28v41Y1ENgd7W2ZOwoPeAOTrdgIgPHmnvTm4jj0S1719Se2','Student','','2015-10-15 12:10:54','2015-10-15 12:10:54'),('2012-04-02151','Emilian','','Sylivanus','','$2y$10$em5Xh4Ns7AB1ojGCtXUaHOiLp45TMa/hvpTN3TEI755GpMMg1Q92C','Student','','2015-10-15 12:10:43','2015-10-15 12:10:43'),('2012-04-02152','Kelvin','Wilbert','Tarimo','','$2y$10$8cuk.ah8JjzQaeeu7xI6IOYytKCZAZgcya/2Z0xqeJ9vlkhZLRMVO','Student','','2015-10-15 12:10:59','2015-10-15 12:10:59'),('2012-04-02370','Peter','Mwaikambo','Abely','','$2y$10$8t3Jma2bCigL.mOXbKsA/eJTMWB9o8WFAhJA2N/sf8cK6X9Ob4si2','Student','','2015-10-15 12:10:04','2015-10-15 12:10:04'),('2012-04-02371','Iddi','Said','Amir','','$2y$10$unOJ2bIWeKib91ukhM.d0ujYy8sl9g/X2Q9GOVyQBSQk/ux066P8C','Student','','2015-10-15 12:09:23','2015-10-15 12:09:23'),('2012-04-02372','Tunukiwa','','Daudi','','$2y$10$MdRqJXvYPhORMtllEslspuYB8DAx852BaYc852ctk1mDj.5h8etIe','Student','','2015-10-15 12:10:25','2015-10-15 12:10:25'),('2012-04-02373','Arthur','Godwin','David','','$2y$10$tkxNe6zPdLerc8YVqX6q2eX.TgzjUXVD2fER0AzywcOwf9RPmEqau','Student','','2015-10-15 12:08:35','2015-10-15 12:08:35'),('2012-04-02375','Amos','','Felician','','$2y$10$1b8Q3WjW2UqNhXDdDYbZ5O86FUH9Fzp4QAJiX89OAFU2dP8Lm6Kwm','Student','','2015-10-15 12:08:31','2015-10-15 12:08:31'),('2012-04-02376','Goodluck','','Gabriel','','$2y$10$9YVyv8vy7c4E8U/okL2IWeua35HLgblQYHdZ0GXaUszyz0zWFd6l.','Student','','2015-10-15 12:09:17','2015-10-15 12:09:17'),('2012-04-02377','Amani','Jared','Ghachocha','','$2y$10$iLIWMQa/w.nfufLT04eAWO7Kos7lrLClD9lN.hbwGJeWiopjF9fHK','Student','','2015-10-15 12:08:30','2015-10-15 12:08:30'),('2012-04-02378','Bwigane','','Gideon','','$2y$10$3U0HBo1./625EcsAl65yW.0XVEUPk0anDjrYKsZnpuHLfiymKcHxC','Student','','2015-10-15 12:08:42','2015-10-15 12:08:42'),('2012-04-02380','Musa','','Jafari','','$2y$10$1fiV5OJUjwu7FMJPoY7UuO52sqZIQKsSh/E/H95dzOztTGNxsdWUq','Student','','2015-10-15 12:09:55','2015-10-15 12:09:55'),('2012-04-02381','Ediphonce','','Joseph','','$2y$10$dfP5rMYiXuKxsagGwd/uDu5CO2i4C.resc/e032y9SOM64Yaiu6n.','Student','','2015-10-15 12:08:55','2015-10-15 12:08:55'),('2012-04-02382','Josephat','','Julius','','$2y$10$VKYRYoPgiQeT5j1AtFxGJeIUXZayuYpSkNtPt24yaFlAVp4knx0qG','Student','','2015-10-15 12:09:34','2015-10-15 12:09:34'),('2012-04-02385','Brian','Dawson','Kamasho','','$2y$10$DohCVsXBrQy7uQKzjYYygeSLMH2/VPMP3m42qfShZiN/z3Z8tSa6S','Student','','2015-10-15 12:08:40','2015-10-15 12:08:40'),('2012-04-02387','Mariam','Abdi','Karata','','$2y$10$wzMkTv7gGJUQ5WXDzf/dxOV4phNfoSFRdreUlMAxxtGrrl6XZgwQK','Student','','2015-10-15 12:09:46','2015-10-15 12:09:46'),('2012-04-02389','Maryam','Serembe','Khamis','','$2y$10$yzsGkiHBAd6pTSNG37kUtuoNGIkzXZvCijOOsiDxCFu8APJ4tZsdy','Student','','2015-10-15 12:09:48','2015-10-15 12:09:48'),('2012-04-02390','Mary','Daudi','Kiangi','','$2y$10$YxJyXgvWhRqgtTPykUx2MuCsvWEP7l5oO7b4ThYuroqrPK.PCkSp6','Student','','2015-10-15 12:09:47','2015-10-15 12:09:47'),('2012-04-02391','Servas','','Kihama','','$2y$10$S8B4W7KtZNCUNd/KisF6ZOHi5JuROkRC6AznesJZz.Dks5mrOQm1y','Student','','2015-10-15 12:10:18','2015-10-15 12:10:18'),('2012-04-02392','Michael','','Kimollo','','$2y$10$QmMnB6CdNAHe.c5okDuk8uokzm7xx3dj7oldgsnkXOlGTT1FJlj.e','Student','','2015-10-15 12:09:52','2015-10-15 12:09:52'),('2012-04-02395','Brighton','Heriel','Lema','','$2y$10$98usLkJrN2rBHpgcUYNaLu5OfiVv9yyqCWPm3lIKatXve8gWFz/q6','Student','','2015-10-15 12:08:41','2015-10-15 12:08:41'),('2012-04-02396','Winifrid','','Luena','','$2y$10$1383LQecw.E04APfA2.inOh0TZjMZlP5cICULPBz3baLKekX8kkjC','Student','','2015-10-15 12:10:28','2015-10-15 12:10:28'),('2012-04-02397','Donald','Kenneth Paul','Magambo','','$2y$10$QRPT.ENM.RqnbdJNew7uZ.tnLhEdAa65lTk/JVNE/aukuMfODksVi','Student','','2015-10-15 12:08:54','2015-10-15 12:08:54'),('2012-04-02398','John','Thomas','Mahambo','','$2y$10$fnDzCDjK32zD.30TlZvBMeTj9ph.Pa6GIjJxX4Fj3afDzFN9clhWK','Student','','2015-10-15 12:09:31','2015-10-15 12:09:31'),('2012-04-02399','Gidiya','','Mapema','','$2y$10$fjxSytrpQYuwDoufqE9KRutcHB3rAF4CEaEy5Tk0dSoTCospfXXCa','Student','','2015-10-15 12:09:14','2015-10-15 12:09:14'),('2012-04-02400','Benson','Elibariki','Maruchu','','$2y$10$hqvRlCiGbY6Q8TyNztM4HuikRTwow2uJDoe.DP9oTZLWTw3Ue2vtu','Student','','2015-10-15 12:08:39','2015-10-15 12:08:39'),('2012-04-02401','Rajabu','Waziri','Mkomwa','','$2y$10$PjqIZv5z1n9aIGYR4Et3L.E9n8V44cOADoJVzS5XyB/IwP.S1tjzK','Student','','2015-10-15 12:10:06','2015-10-15 12:10:06'),('2012-04-02402','Lilian','Emmanuel','Mkonyi','','$2y$10$bIslrULmiZhzdjOrFR.I8O6SUDiOYKk.hmaOreogmzYWhef6msgCG','Student','','2015-10-15 12:09:41','2015-10-15 12:09:41'),('2012-04-02403','Mary','Stanslaus','Mkude','','$2y$10$/6QgLFr5g0iqXF67NBDpLeDMxAUlYmbk6W47fjm8J/tGqhU8XyjN.','Student','','2015-10-15 12:09:47','2015-10-15 12:09:47'),('2012-04-02404','Furaha','','Moses','','$2y$10$KihcvvzslU/Ma3Mb7PFEgu8kxFJrtJmDrXlqKvHrjWzi9yVEe8IQW','Student','','2015-10-15 12:09:10','2015-10-15 12:09:10'),('2012-04-02407','Richard','','Mpanje','','$2y$10$BLWhaXX82QBcGEXGxdIqueFCZO7LIRBU6FzZBxcF2FLRmKWBUKG9i','Student','','2015-10-15 12:10:10','2015-10-15 12:10:10'),('2012-04-02409','Rosemary','Ladislaus','Msimbira','','$2y$10$00jhr4a5noeV5Jra.89WIeW0y6DVQNl5Dkf3RkeYxHexQUUpGwne.','Student','','2015-10-15 12:10:12','2015-10-15 12:10:12'),('2012-04-02410','Peter','','Msulu','','$2y$10$JLTr7mr9LCRSlMDu1vUmEeD5.WaefLpuFMMkqfyLG1X4InuGhhcjy','Student','','2015-10-15 12:10:03','2015-10-15 12:10:03'),('2012-04-02411','Charles','Raphael','Mtenga','','$2y$10$uXfEOpgGgNEMQaCcrVGdteIKeDtyR6osc2ChTgNqNz8fUohPkxvlu','Student','','2015-10-15 12:08:43','2015-10-15 12:08:43'),('2012-04-02412','Memory','','Mwageni','','$2y$10$3w.WeUUk6Lk/GIfa4o7fzea41tQEN6IiPDE6GuFDXya/Aims12IdC','Student','','2015-10-15 12:09:51','2015-10-15 12:09:51'),('2012-04-02413','Sarah','','Mwamlima','','$2y$10$2uZN7Qe36c1hH8RogjYF9.O3MGXy5LPv6ivDOUyjLSdiPuxzTA/Ee','Student','','2015-10-15 12:10:17','2015-10-15 12:10:17'),('2012-04-02416','Elinath-rose','Elidhamini','Ndekimo','','$2y$10$r.5LJJAjeWj.KoPhbLR2R.I4yVHlQOz7fuX.IAqgCfH.9nN3n35By','Student','','2015-10-15 12:08:57','2015-10-15 12:08:57'),('2012-04-02417','Gasper','Frank','Ndosi','','$2y$10$sHNehQuefpvuGKuppSlpbuoifoPPbXBkVlrNhVqhJF.VORhMUGy5q','Student','','2015-10-15 12:09:11','2015-10-15 12:09:11'),('2012-04-02418','Mayagi','','Nestory','','$2y$10$eK05XFbBi4CkwssGjYYbjOLBl3Shl/OLwyeBHbRzb2bHEcU3Qafsi','Student','','2015-10-15 12:09:50','2015-10-15 12:09:50'),('2012-04-02419','Denito','','Noah','','$2y$10$UdyoVaO3RFElZzNMiY1/Q.3u8z8AQpBjNjgocbOuYtlDzUIpPF.Mi','Student','','2015-10-15 12:08:51','2015-10-15 12:08:51'),('2012-04-02420','Amos','Abrnery','Nzaga','','$2y$10$0zghbaCkVVxVbWYmFTPhU.0xVNS8cGD4P2IFI4s2rj3kWQoUIjzdy','Student','','2015-10-15 12:08:31','2015-10-15 12:08:31'),('2012-04-02422','Latifah','Soud','Salmin','','$2y$10$BGqUUZ.SCd0vmWwsKtjCde.bOs6D9H15sMQt24lKfmQrnrXK2KI8e','Student','','2015-10-15 12:09:41','2015-10-15 12:09:41'),('2012-04-02423','Abel','','Samson','','$2y$10$bEQuP14B0urTcCzc2mbVZu3QMGWh5cmvab5A0WFwW3jwIEL44ggZC','Student','','2015-10-15 12:08:23','2015-10-15 12:08:23'),('2012-04-02425','Noel','Mathew','Sumbe','','$2y$10$89l9ASL0yMu457IRp.fcXOFR6LO0nupzgtWwkKld8ANnE3mV.Amxa','Student','','2015-10-15 12:09:59','2015-10-15 12:09:59'),('2012-04-02426','Nicholaus','','William','','$2y$10$2D0kdxKM7j747zNTT/19Qe4lnKzpkIXzY37akZgJ6NkoORwHYEzJO','Student','','2015-10-15 12:09:58','2015-10-15 12:09:58'),('2012-04-02427','Andrew','Florian','Zemba','','$2y$10$Cj/OUPdG/St2PXDAilPUd.QpdhOVb26g6./Gs1qEKnHcxq.5ghFgq','Student','','2015-10-15 12:08:31','2015-10-15 12:08:31'),('2012-04-02428','Theresia','Prudence','Alibalio','','$2y$10$EvySWKGMfN0QWcy3eTsLCOfButT9OcKvdKDbTsOPMyks0KO2DfKCu','Student','','2015-10-15 12:10:24','2015-10-15 12:10:24'),('2012-04-02429','Mussa','','Ally','','$2y$10$EuNQoIRQPh20D1/yjRpzNOCXjrrU17SjdXLwOzNCMl96akxLVa5qW','Student','','2015-10-15 12:09:56','2015-10-15 12:09:56'),('2012-04-02430','Faith','Phillipo','Assenga','','$2y$10$K7DEk2leSANo6zD4mZLRkO/eZxehpO.vqIINfQNr1Ga5DR9wXZiky','Student','','2015-10-15 12:09:06','2015-10-15 12:09:06'),('2012-04-02431','Deodatus','Dominick','Buxay','','$2y$10$pw0xXjxHX.6fIzZ43Br4m.mvHX7invjW9gywjg3JnlKnA6atlkgg2','Student','','2015-10-15 12:08:52','2015-10-15 12:08:52'),('2012-04-02432','Cosmas','','Charles','','$2y$10$KlsRJUz3oG2tEOM64oEbqO1k/oZlyJUPKd.KaaKnNvEG8wsIiHU8q','Student','','2015-10-15 12:08:46','2015-10-15 12:08:46'),('2012-04-02433','Israel','','Chongola','','$2y$10$CB7sehNC2geBsWVBx5XszurRJXr23pCSNUH4Y4Tq0VbM9CbKMughW','Student','','2015-10-15 12:09:26','2015-10-15 12:09:26'),('2012-04-02434','Goodlucky','Kanyaga','Daud','','$2y$10$D4knmC.ZflHFPrzboR/xEOscR/wVcjpd1SHEicFEjrYzc8DL2e8QG','Student','','2015-10-15 12:09:17','2015-10-15 12:09:17'),('2012-04-02435','Dennis','','Daud','','$2y$10$qkfqaxBzsU3.wVo/.j8Zb.XIL5Q1HFtB4KmEN4UzuIALXgZjS1hqi','Student','','2015-10-15 12:08:51','2015-10-15 12:08:51'),('2012-04-02436','William','','Elisonguo','','$2y$10$I5VNfpdtOQsnu3umTpYosOIGldCd0I.RJ4XUg496fqQB6w3iLp9JG','Student','','2015-10-15 12:10:28','2015-10-15 12:10:28'),('2012-04-02437','Dionizi','','France','','$2y$10$tnruStMrPcfJ3OsC6x9dvO8EE.E/TNJ0Iz24neNhNkBCS/rqiz7We','Student','','2015-10-15 12:08:54','2015-10-15 12:08:54'),('2012-04-02438','Jackson','','Fulgency','','$2y$10$nzi/U8y7KpVApO3lhyIYHO6Iuu9EACwbD0OVIJ3OjE/FhT3v6hyP.','Student','','2015-10-15 12:09:27','2015-10-15 12:09:27'),('2012-04-02439','Abdon','','Gerase','','$2y$10$zTWVQpkDJA0axHia2LNh9OBAQd0psQFj4v7TlguNRd5ngbhS6bXkS','Student','','2015-10-15 12:08:22','2015-10-15 12:08:22'),('2012-04-02441','Exaud','Tarimo','Hadson','','$2y$10$YugsY37XuIbDPLKmDE30yeS8cboZdnIIQqUc2.f4X7I2mi.Y8nUUC','Student','','2015-10-15 12:09:04','2015-10-15 12:09:04'),('2012-04-02442','Yusuph','','Jabiri','','$2y$10$h57RPhSM6uCD/v6BtTFc0uWI0KX4Y9uG4aGlWEokCknAeKpM/.Aou','Student','','2015-10-15 12:10:31','2015-10-15 12:10:31'),('2012-04-02443','Brayan','Makunja','Jackson','','$2y$10$8Tk6mpNc1e.iwJ2gjpD.WujB3w2FQiX8eQbIRxUxfRILQhCgVKncO','Student','','2015-10-15 12:08:40','2015-10-15 12:08:40'),('2012-04-02444','Baraka','','John','','$2y$10$1QldkEb34YyKdHWHyzSsfu.8AcAlesnKfx9VFwFYKybBslCeeqEPi','Student','','2015-10-15 12:08:37','2015-10-15 12:08:37'),('2012-04-02445','Selemani','','Joseph','','$2y$10$LCqrh4sAdhK6L58HFG6TQ.tqKcQFQvNOULJB0J.WqyBotazDSH99m','Student','','2015-10-15 12:10:18','2015-10-15 12:10:18'),('2012-04-02446','Josephat',' Valery','Joseph','','$2y$10$jBkfwWCrqo45PH0q2eMeDOr3SkrX58UzMW2T30uAEpEr6Pju03HL.','Student','','2015-10-15 12:09:34','2015-10-15 12:09:34'),('2012-04-02447','Ramadhani','Juma','Jumbe','','$2y$10$x2HIIvNmc5vu3skPYB140u9kwt5p.WIGV45e3D0V7a1XJOlRNP5hy','Student','','2015-10-15 12:10:07','2015-10-15 12:10:07'),('2012-04-02448','Irene','Respicius','Kassano','','$2y$10$z01iu5qpG7wz9jJ2QPQYuO1gg/WhJZaBNS/4PGfZRXk9IpOf2imOi','Student','','2015-10-15 12:09:24','2015-10-15 12:09:24'),('2012-04-02450','Dickson','Lucian','Kikoti','','$2y$10$8QDLyw5EIc9nxQSRomwOm.juxC4HAeTQdXpfdGexYocBgOLGGZpse','Student','','2015-10-15 12:08:53','2015-10-15 12:08:53'),('2012-04-02451','Seraphin','Ferdinand','Kimaryo','','$2y$10$HgIEB.ZpD2SJK2lCjbcVOOfQAkGBRhHlRDCPxnwQQQvUV/S2WsAfi','Student','','2015-10-15 12:10:18','2015-10-15 12:10:18'),('2012-04-02452','Kenneth','Theophil','Likangaga','','$2y$10$lvRGghGjc6ItsxUUuYlCDuGZfxp/ezCAZ9cnVvN64Gz9A/cJLLs7S','Student','','2015-10-15 12:09:40','2015-10-15 12:09:40'),('2012-04-02453','Kilaki','Saibull','Loishiye','','$2y$10$/FZD8b.P6nvarfs.QIEJeOTC7nxsQsB.4KYumkqAnKpPhX.AWeuaG','Student','','2015-10-15 12:09:40','2015-10-15 12:09:40'),('2012-04-02454','Nicolous','Fredson','Lyatuu','','$2y$10$TnUe3Sl9DetjBXXpC/hzEuzcjGcNdy4yNwZ2KvkRB3lFHghVzttGe','Student','','2015-10-15 12:09:59','2015-10-15 12:09:59'),('2012-04-02455','Violet','Tyson','Makundi','','$2y$10$ADCSXPlhQ9mVG4TmFpmsOupBqcFwoREdx.jB4MSskCmtU9GCnB5nW','Student','','2015-10-15 12:10:27','2015-10-15 12:10:27'),('2012-04-02456','Emmanuel','','Manoni','','$2y$10$4qkFU2667njElk1kr/hAae/QL65jAUm2tSGIGZXbIRvX0KTy0W6cO','Student','','2015-10-15 12:09:00','2015-10-15 12:09:00'),('2012-04-02457','Alfred','Cyprian','Manyahi','','$2y$10$3gxwVuPqut5igXom25TpoOE.fkEj2wz0b156uKTH0TzHrrg/MfP2u','Student','','2015-10-15 12:08:27','2015-10-15 12:08:27'),('2012-04-02458','Jackline','','Massawe','','$2y$10$OMuJ0mkB3XgY636ltPapHuUIIRuOTqrxWUYEulM0UBV13N.pDtksC','Student','','2015-10-15 12:09:26','2015-10-15 12:09:26'),('2012-04-02460','Evarist','Agust','Mbuya','','$2y$10$oq1Y.bOYde0cXnOlij9zPeZ/eQHr8VZa2YP.BtadaHrk8abxMe0R.','Student','','2015-10-15 12:09:04','2015-10-15 12:09:04'),('2012-04-02461','Ayubu','','Mgalla','','$2y$10$XGafNcr6BTjua6dzDuBFFeqkAmu0Thlpe5cl8A597UBJ.YlUuARGK','Student','','2015-10-15 12:08:36','2015-10-15 12:08:36'),('2012-04-02462','Naomi','Julius','Mganga','','$2y$10$a6dyYkCUm8gGy8HSRMNXGOrHCIMJbRR.7GWmVp3NJ4gyuACDxsqUu','Student','','2015-10-15 12:09:57','2015-10-15 12:09:57'),('2012-04-02463','Godfrey','','Mghase','','$2y$10$FgbDRRCbcew3MPL2fML9KOQ/KwLWUPZeLbB1sPTgd64kQPwrgiP.m','Student','','2015-10-15 12:09:15','2015-10-15 12:09:15'),('2012-04-02464','Epifania','Sylivester','Mhagama','','$2y$10$K79fH9XECqUwWE0/q/CCUesOp3ztr7k7SGI8ox/R9j.PAC0p1hNNm','Student','','2015-10-15 12:09:01','2015-10-15 12:09:01'),('2012-04-02465','Domician','Kyombo','Modest','','$2y$10$JCV47Meetw597iexmKoWB.8SI9ARlF8bcyLRbjIz/3RsY32yb4JMm','Student','','2015-10-15 12:08:54','2015-10-15 12:08:54'),('2012-04-02466','Denis','','Muganda','','$2y$10$wmKeQF5hJ3DSQvpi403g.O5n49aMc5n2caVr21zxB0WkQWT2/SYtG','Student','','2015-10-15 12:08:51','2015-10-15 12:08:51'),('2012-04-02467','Edward','Daniel','Muruo','','$2y$10$nsTGrd1QIBiLyZ25YAMIk.ygKMBnO5FBlQoH19UyMG4LFV/Qtd9xS','Student','','2015-10-15 12:08:56','2015-10-15 12:08:56'),('2012-04-02470','Israel','Asubisye','Mwangoka','','$2y$10$7n73e9E1RELcZ7KLUWSI4uZcERv4komjDJgZjsGd/DOkWdpIjL5Um','Student','','2015-10-15 12:09:26','2015-10-15 12:09:26'),('2012-04-02471','Allen','Matare','Mwita','','$2y$10$SMbxTAdRHF9X3rXnt3c8KuyH7vL4QBmCGGYgOx6pZbOsq9bUbJ3Sy','Student','','2015-10-15 12:08:28','2015-10-15 12:08:28'),('2012-04-02472','Ramadhani','Bakari','Ndijuye','','$2y$10$mz.In33VBJ7icAURQ1NBXukyjLwklO9cwSFqYog1R1J.mvVWtsru2','Student','','2015-10-15 12:10:07','2015-10-15 12:10:07'),('2012-04-02473','Edmund','Venant','Ndimbo','','$2y$10$CfnTRQd.xO9c2m8774049.QgIB0QA9VMEPmAMPyc00dpsfT5s5w1.','Student','','2015-10-15 12:08:55','2015-10-15 12:08:55'),('2012-04-02474','Velena','','Ngonyani','','$2y$10$nzeDVXFRtM4fYOZgCOjf9ed5eyKsJHZzh/uMQSZbKmR8TuDrjnAhO','Student','','2015-10-15 12:10:26','2015-10-15 12:10:26'),('2012-04-02475','Evance','','Paul','','$2y$10$jn13KnHq3lVYFUBBtBoMpumdGlIq9oH.zB.qjXtcI0gtJTY/jiybu','Student','','2015-10-15 12:09:04','2015-10-15 12:09:04'),('2012-04-02477','David','','Rugeihyamu','','$2y$10$Cytjs9JHKIDKeveA2g9FkOHMs6bJ/tbOmhLfyCmgNBQHm.hpoVrO6','Student','','2015-10-15 12:08:49','2015-10-15 12:08:49'),('2012-04-02479','Sudi','','Shabani','','$2y$10$cucw9fuvd.V9TCnhUx78ueVROMocQ0rRF5e3mHf2mapNdiIKU9/M6','Student','','2015-10-15 12:10:22','2015-10-15 12:10:22'),('2012-04-02480','Ignas','','Shayo','','$2y$10$oRVClbCue4BVHWWgJzZtHerQl8.lYaKvRuz5K1DnlG5T3tZYhLJbC','Student','','2015-10-15 12:09:23','2015-10-15 12:09:23'),('2012-04-02481','Rachel','Naftal','Sigwejo','','$2y$10$STISeu2..pc8SL03/wIiYuhXqj46iO3AygI2i.i.PPyIvHRw4MTW6','Student','','2015-10-15 12:10:05','2015-10-15 12:10:05'),('2012-04-02482','Kelvin','','Simon','','$2y$10$NQdGoGiDcGHSAClUi8U7guj/TT8t1OEdALP8sXnYeVExRgvSR/iai','Student','','2015-10-15 12:09:40','2015-10-15 12:09:40'),('2012-04-02483','Owekisha','','Stanley','','$2y$10$oCv5A42W4qMscj/lvVv/netEjroX1r.B2/nyWezWlLaK1P0ljuY9a','Student','','2015-10-15 12:10:01','2015-10-15 12:10:01'),('2012-04-02484','Frank','','Starson','','$2y$10$G8jceQNNyC5iR7DLdJr41egSljZrFvz/IohkVOSPHBk4Sp9a0ZAVO','Student','','2015-10-15 12:09:09','2015-10-15 12:09:09'),('2012-04-02485','Norman','Kusirie','Swai','','$2y$10$5WCHi3EAK//uIjq5xG/OfusGkHx1ZD7bbadePz2B14QVXHgcPGvt2','Student','','2015-10-15 12:10:00','2015-10-15 12:10:00'),('2012-04-02487','Ahmed','Ahmed','Abdallah','','$2y$10$d7A7BeOYo/fmMVVI.5FXt./aMoUsOBwo6ejZ1VkYgXZUt1W.DaC9u','Student','','2015-10-15 12:08:25','2015-10-15 12:08:25'),('2012-04-02488','Israel','','Adili','','$2y$10$yiGMHiIUoeuxd6n2mWAMsegkTH6EJrdwENSSDb2MZdCA6Srl1l7nS','Student','','2015-10-15 12:09:25','2015-10-15 12:09:25'),('2012-04-02489','Emmanuel','','Akwilapo','','$2y$10$KyECrBds7UuxfhK1YXAjjeLABAtsYSnWWkKDLE18ZmIyeJcZ.1wEy','Student','','2015-10-15 12:08:59','2015-10-15 12:08:59'),('2012-04-02491','Chacha','Peter ','Chacha','','$2y$10$mz8R0frhl92BTSWu3Fc.F.cLuki82wmt71DuJ1qe8SCB03VPbIk5q','Student','','2015-10-15 12:08:43','2015-10-15 12:08:43'),('2012-04-02492','Anna','','Chamwali','','$2y$10$pwNGkmvMLff6nNzbU0PVteujTTeUf1ifUHQRQirUVH3qNqb1pKDtG','Student','','2015-10-15 12:08:33','2015-10-15 12:08:33'),('2012-04-02493','Bruno','','Damian','','$2y$10$n1XPXnAE8aw56KQ7rrbP4.yuSYYYk46P.nRP9jUtOiBkRSHAmLsu6','Student','','2015-10-15 12:08:41','2015-10-15 12:08:41'),('2012-04-02494','Mexina','Meleck','Daniel','','$2y$10$snapqU9OqJr/ZYPWyQaS.OtRflMczIrVDQ1uu1e9MEYL88q4yOwKS','Student','','2015-10-15 12:09:51','2015-10-15 12:09:51'),('2012-04-02495','Kelvin','','David','','$2y$10$InvST.W2UVwDsvHzASwH5.EfB3zD71aAFCv2Lj1Ebkq/NCUQrSYiK','Student','','2015-10-15 12:09:39','2015-10-15 12:09:39'),('2012-04-02496','Wadh-hat','Mustafa','Hamid','','$2y$10$..vl8BDeAu68ISTyPmFqn.8yCOR4QCl0ZA4gks.KAUKxCHJ4IMcrq','Student','','2015-10-15 12:10:27','2015-10-15 12:10:27'),('2012-04-02497','Mohamed','','Hussein','','$2y$10$L3hvRZ2NUtEXE/bLk9dobOIQm.jkWfNdtO/rYU2JFdcQ9TFurvJIS','Student','','2015-10-15 12:09:54','2015-10-15 12:09:54'),('2012-04-02498','John','Paul','Hyera','','$2y$10$mzdtI.gUjKQEjK5pD3qmEOnBN8sZwEbO1CDSkvaf7KwTCtF6vMHBq','Student','','2015-10-15 12:09:31','2015-10-15 12:09:31'),('2012-04-02499','Hasna','','Iddi','','$2y$10$3oivikSR19PwwlOP3GQa9eF1p602coktNpHnBS/7dC7twc5w3a2NO','Student','','2015-10-15 12:09:19','2015-10-15 12:09:19'),('2012-04-02500','Abdulatif','','Issa','','$2y$10$3IZS.jiITqz5DoEoGQRFR.WksCdneaTpi.OVc9yJ4muGOv0Rm3gIO','Student','','2015-10-15 12:08:23','2015-10-15 12:08:23'),('2012-04-02501','Cleopa','','Jackson','','$2y$10$NadZLj1XKw3Larj29YvdA.01YbD3WG3453hErhP4X8kgQSrP9u2su','Student','','2015-10-15 12:08:45','2015-10-15 12:08:45'),('2012-04-02503','George','Lucas','Kazawadi','','$2y$10$0PDubw8K.rlLEswwOrh.luNR0KfK/H5tBw61iwhWc3PWFScmmGlSi','Student','','2015-10-15 12:09:12','2015-10-15 12:09:12'),('2012-04-02505','Doreen','Godson','Kiwelu','','$2y$10$0.bzKt78lsSAyrEUDQd3WOhJhZb3XnIWyq771uwFSBjG2Gc67ZKdW','Student','','2015-10-15 12:08:54','2015-10-15 12:08:54'),('2012-04-02506','Eunice','Novatus','Laurence','','$2y$10$hMsyGAXhBOblzRVZb0aAFutArlbE3KXry7BsseOXiGZk6GVUJ9fGW','Student','','2015-10-15 12:09:03','2015-10-15 12:09:03'),('2012-04-02507','Samwel','','Laurence','','$2y$10$zZmn.kcm4hZFGUAaeFL5GOXI73pWFSu3MKMbtWmK19IpvLIFJQKtq','Student','','2015-10-15 12:10:16','2015-10-15 12:10:16'),('2012-04-02508','Charles','Alexander','Lupali','','$2y$10$g8QbByouH59385a4BLv27OxRtnK/ywgjfNV0ByK54yImncLiXpQX2','Student','','2015-10-15 12:08:43','2015-10-15 12:08:43'),('2012-04-02509','Macdonald','','Lwanga','','$2y$10$TXoP1og0JMPBevhzDGZn1.yBA9qufAiq/qoY2PhNOa/a6sluWLdfi','Student','','2015-10-15 12:09:43','2015-10-15 12:09:43'),('2012-04-02510','Mary','Raphael','Maguzo','','$2y$10$0yUP05CVPiCyZZkdluobu.ToJXEEYWeD4VzYliNkuD2Rsy5CoLnD6','Student','','2015-10-15 12:09:47','2015-10-15 12:09:47'),('2012-04-02511','Felix','','Makundi','','$2y$10$OHbtMmEWv7C9DFQNDOcukewPSriroI55BjltASJ5qgRStuaYJQRE2','Student','','2015-10-15 12:09:07','2015-10-15 12:09:07'),('2012-04-02512','Victor','Ladislaus','Malamo','','$2y$10$NzH2fazCMrBm0xR7t0Pw2OLBH0BjpMLjMUrELJNo.jyIudVHJdSpC','Student','','2015-10-15 12:10:27','2015-10-15 12:10:27'),('2012-04-02513','Allen','Telesphory','Malibate','','$2y$10$PeEzcQ7ve/lio392ZwtcHuLr8D.ehzJZDLU/NtXj5ixmZs5MJmxxy','Student','','2015-10-15 12:08:28','2015-10-15 12:08:28'),('2012-04-02514','Elizabeth','William','Mallya','','$2y$10$/1NkST50PqZxcOPS9kAohuk3dhtoyC3/taHP7veZH03W21N/1u71a','Student','','2015-10-15 12:08:57','2015-10-15 12:08:57'),('2012-04-02515','Barnabas','Kalwila','Masanja','','$2y$10$NNUvQ2K119DnxRo1F./j..lAHpnvsI50GK4FUf047Wre9GuB12hMq','Student','','2015-10-15 12:08:38','2015-10-15 12:08:38'),('2012-04-02516','Methusela','','Masunga','','$2y$10$I974.wPO3dDfTS7RDxtpN.aIcLmYn4dnsPEfJ6TkTwmMh/pus.qxG','Student','','2015-10-15 12:09:51','2015-10-15 12:09:51'),('2012-04-02518','Ezekiel','Loiruck','Mollel','','$2y$10$DpZCtY6KkFMHPHQcTyKzZ.6hKKBeY05tqZ4VKP13wBiFXzct.0crS','Student','','2015-10-15 12:09:05','2015-10-15 12:09:05'),('2012-04-02519','Barakael','Daniel','Mosi','','$2y$10$xDcGthX5icxrmVeW2e/ageW0DLXdVFt0Cj1SQV10jfmFlNrN8mGzC','Student','','2015-10-15 12:08:38','2015-10-15 12:08:38'),('2012-04-02520','Chambua','Heriel','Msanga','','$2y$10$SVorMS4e.7nreYlRfttIjOJqhOLYZSXiTM0eohCBOwHdgst.LLEk2','Student','','2015-10-15 12:08:43','2015-10-15 12:08:43'),('2012-04-02522','Zainab','Ibrahim','Mteza','','$2y$10$GAh5udCg4Qzj6zmzczzkGOxlrVRP8CEQlvR3/MZo83DzD2rlmRVjK','Student','','2015-10-15 12:10:31','2015-10-15 12:10:31'),('2012-04-02523','Godlisten','Richard ','Mtui','','$2y$10$M.DMYELWV8ehASV5xMhp4e8CAZL0m9JhAAaVdQ1anBuAklsvsQJIu','Student','','2015-10-15 12:09:16','2015-10-15 12:09:16'),('2012-04-02524','Gellane','Cuthbert','Mwakasole','','$2y$10$NP0y7T77gRYy9ENNSeq1H.Q6gnwy1IyNUNjTG1TNQE2RAILTWaRhS','Student','','2015-10-15 12:09:12','2015-10-15 12:09:12'),('2012-04-02526','Anneth','John','Ndungu','','$2y$10$1CgFJzlC5ZeMHzBNUbaWX.4VN0zi5nMUjBI8i.JLA0GvQciDWVdXu','Student','','2015-10-15 12:08:33','2015-10-15 12:08:33'),('2012-04-02527','Marc','Fredric','Ngotonie','','$2y$10$OgRkCqFYC6Lf2kChk8iArOPr7.3stocy83rTA5WJyFuUq7UIe0j/2','Student','','2015-10-15 12:09:46','2015-10-15 12:09:46'),('2012-04-02528','Roger','','Orio','','$2y$10$i.TE9iWBcaY2x9U0INqNOuyJJTmSSqnJZB4fxEcP5zS00LfhQS9w.','Student','','2015-10-15 12:10:11','2015-10-15 12:10:11'),('2012-04-02530','Allen','Justus','Rugaitika','','$2y$10$iESD5h.Jd27i38LqqnCtDOtCKtClCubXBB/zaQdTu7MQ4CjehCeJi','Student','','2015-10-15 12:08:28','2015-10-15 12:08:28'),('2012-04-02533','Ramadhan','Novatus','Senge','','$2y$10$.Vfoz24DPvF0nvI8x.KUdu1tWjZ04owYTsWu//LR1JBRgHrutaR9G','Student','','2015-10-15 12:10:06','2015-10-15 12:10:06'),('2012-04-02548','Confiance','','Mushimiyimana','','$2y$10$WBcIPNTZSPDM5MKVyFh7vul9QyRcaP/tj5p1VBAXMAmsXdeEf69Tq','Student','','2015-10-15 12:08:46','2015-10-15 12:08:46'),('2012-04-02553','Therese','','Uwiragiye','','$2y$10$LLHMoal7J4uPThQaX1xNJe/bAAuAOMFuYalE7Ie28lkHPyjPTZ4ne','Student','','2015-10-15 12:10:23','2015-10-15 12:10:23'),('2012-04-02554','Ahmed','','Abdul','','$2y$10$o.C.PhpLGKZ2KbN2PljDyeHWbwcViRB6KfGCOpjclTI2OS86Cni4q','Student','','2015-10-15 12:08:25','2015-10-15 12:08:25'),('2012-04-02555','Asha','S','Abeid','','$2y$10$tdyIzxYBzHkaw3sG.nrxWuEcyoDICGm1GplSLumtLLSl0N7Sv95IS','Student','','2015-10-15 12:08:35','2015-10-15 12:08:35'),('2012-04-02556','Joseph','','Chingalo','','$2y$10$9Gf5aW3Yc7cVbPAE0.1bFevugEdYobcLDCH0WqE7PMwNfUlxZQbp6','Student','','2015-10-15 12:09:34','2015-10-15 12:09:34'),('2012-04-02558','Anne','Enrico','Figueiredo','','$2y$10$pB4iu2/FsZqNGApUfOm2k.6EtFv/SmZPmWwZNOJ90Kv6PLZZepo3y','Student','','2015-10-15 12:08:33','2015-10-15 12:08:33'),('2012-04-02559','Masero','','Gisunte','','$2y$10$TPF1rcIkV0XdcVBBqAWOP.dFgSwNBUBk2c8NuL3elF5C2Bz.byDPO','Student','','2015-10-15 12:09:48','2015-10-15 12:09:48'),('2012-04-02560','Sophia','','Iddy','','$2y$10$aYJy/cy3YeAaZmlfeExbY.4aIaELEQmhZ7.VAJttdVlhFx708/4BW','Student','','2015-10-15 12:10:21','2015-10-15 12:10:21'),('2012-04-02561','Nuru','Hassan','Mawona','','$2y$10$sXZW5fnDDj.TKuuCH8MoFOkTI.N/xFN2qcMQcqSoRCDmbsGmR0Mbi','Student','','2015-10-15 12:10:00','2015-10-15 12:10:00'),('2012-04-02563','Rosemary','Alex','Monko','','$2y$10$zDnuoU7xBRjxVpCe9g0T0ufDrs/qpkv5JNbTTKU5lD.FHGZOOzD8C','Student','','2015-10-15 12:10:12','2015-10-15 12:10:12'),('2012-04-02565','Samweli','','Twesa','','$2y$10$8BNFu6j5pGx8ZESikg4jw.4d6hg3WtM3Xxg39TXeXRw7qseD9Rge6','Student','','2015-10-15 12:10:17','2015-10-15 12:10:17'),('2012-04-03559','Philipina','Bruno','Chezue','','$2y$10$hbiPpMmlEV1XF4fXLA5LH.R/zTXEnmQQ61M5n0HTMyjg6ucnI/HrK','Student','','2015-10-15 12:10:05','2015-10-15 12:10:05'),('2012-04-06634','Nester','Simon','Chiboko','','$2y$10$tlXxs39NlX4ESS4H5xQgA.as001IsH4CdIVhr9nZ0QGDnJEp4Unmq','Student','','2015-10-15 12:09:58','2015-10-15 12:09:58'),('2012-04-06683','Diana','Benard','Lema','','$2y$10$DqbfRwIoCirjScMU3ycgEO8N8hNrXTn/mWEDTUAluFOlkxFezAbzu','Student','','2015-10-15 12:08:53','2015-10-15 12:08:53'),('2012-04-06686','John','','Malolela','','$2y$10$Yfxq244hzzN6YKsl3FsqMeiPwzwCmV1ktqYUcJSG8BOrVJwvlz32K','Student','','2015-10-15 12:09:31','2015-10-15 12:09:31'),('2012-04-06687','Anna','Judicete','Kimaro','','$2y$10$5S1XCMOR/eEG99WG6lhptOXx0JhKir0Yi50Vktu9xAtFdRUSe6K7i','Student','','2015-10-15 12:08:33','2015-10-15 12:08:33'),('2012-04-06817','Aikande','Leslie','Lema','','$2y$10$5tFohbd1b7wKq47KTt.9UufKCIzEliMkAN19TbcTlXFxHReCLDYau','Student','','2015-10-15 12:08:26','2015-10-15 12:08:26'),('2012-04-06838','Peter','Wenceslaus Mapoli','Ntambi','','$2y$10$kNwpveuquSCkkpgiIzgBS.sLaQI8hXMmnK.2WK9Qz89e/20ZuKwCu','Student','','2015-10-15 12:10:04','2015-10-15 12:10:04'),('2013-04-01951','John','Reuben','Kainkwa','','$2y$10$lJq8ZqFd05gmt3m3wuQGjuTN/oZxObXx7J1WDTXYJgK4B1UljU6gG','Student','','2015-10-15 12:10:56','2015-10-15 12:10:56'),('2013-04-02064','Abdallah','Maulid','Mfaume','','$2y$10$oaZBy82tSMm9uJz5Q2HdCuCdhZnj5QLVH4FrvXmSZTlF6rqANFtcy','Student','','2015-10-15 12:10:36','2015-10-15 12:10:36'),('2013-04-02065','Nicholaus','','Pius','','$2y$10$wVsPAfzew5L34gQdIwDCM.E.Cz/H8YFMZm5nnhEAnsxmiA5UiBFwm','Student','','2015-10-15 12:10:53','2015-10-15 12:10:53'),('2013-04-02066','Nashon','Mahanga','Yona','','$2y$10$MhwZHA8gs8Mft6/C9DZ5/.0DDoSgWTN3zB7uejWJq8ufZQ5WgvvAi','Student','','2015-10-15 12:10:42','2015-10-15 12:10:42'),('2013-04-02067','Hussein','Moiz','Qurban','','$2y$10$aWM1ey3fvgw8h071jOrDY.iYq36NQ/LVoBBXZWK/s2iRHSVBHKGDe','Student','','2015-10-15 12:10:59','2015-10-15 12:10:59'),('2013-04-02068','Nelson','','Albogast','','$2y$10$umJODn4ZHW/1y7thGdkbQOfstxfTS2Y3/I4cnP63rfHFSOSxKjgPq','Student','','2015-10-15 12:10:47','2015-10-15 12:10:47'),('2013-04-02069','Baraka','George','Chipasula','','$2y$10$cV3Hes4EWzukIaqzKkMoNuAM.1h0jTRqJvAcbsIF8ED2N8zcRE7C6','Student','','2015-10-15 12:10:36','2015-10-15 12:10:36'),('2013-04-02070','Witness','Philemon','Saibul','','$2y$10$Fjt1VFwO.iKKFcXaupb1d.OR/i.kkiuox.3nT22NoHE67xIDqRWdu','Student','','2015-10-15 12:10:53','2015-10-15 12:10:53'),('2013-04-02071','Daniel','Kushoka','Malashi','','$2y$10$o1Gp2YrMN7iHJDT0DVotQeg..eWxGFmp8wxH6nFL6liibwH21n6aC','Student','','2015-10-15 12:10:41','2015-10-15 12:10:41'),('2013-04-02072','Mustapha','Mahanyu','Abdi','','$2y$10$6BeMRuLRBErZ1sOlVpvGt.BndawbdtaW5eFpXXXEtak0ZLuY4Kgkm','Student','','2015-10-15 12:10:58','2015-10-15 12:10:58'),('2013-04-02073','Fredy','','Ernest','','$2y$10$Cq4GAq20vS8PXoFA14izm.bb0t6TkmOipkQD6KvhnaeFUzDefoxEC','Student','','2015-10-15 12:10:46','2015-10-15 12:10:46'),('2013-04-02074','Julius','AUGUSTINO','Maroro','','$2y$10$ORjiY4EYoUKkOfPMLsxz/u8oO88rPp5Hkg89b5qVCX59943fAu5w2','Student','','2015-10-15 12:10:35','2015-10-15 12:10:35'),('2013-04-02077','Meleckzedeck','Crispo','Metili','','$2y$10$L9/Ca5HS9S/FUi4mCerNlu3EPR5FY28WSE0ZfuVq7V452WAmG3U..','Student','','2015-10-15 12:10:52','2015-10-15 12:10:52'),('2013-04-02078','Gabriel','Francis','Moshy','','$2y$10$sTHBtiA5T3uDa/4hDp4wOOVQc4gM0UVTwdPwabrEOojNNHqLrrPwW','Student','','2015-10-15 12:10:40','2015-10-15 12:10:40'),('2013-04-02079','Francisco','Gervas','James','','$2y$10$omkJEa9YDcLzF2TSyaeWv.LZeOwU3tpVwjwPhMytTOYm2SRFog98K','Student','','2015-10-15 12:10:57','2015-10-15 12:10:57'),('2013-04-02080','Emmanuel','Reuben','Haule','','$2y$10$D56lFuyHC1byUBWZSRvGWuYzrSk2LuOnLfNTBX8tQPW7nvqTvlIoe','Student','','2015-10-15 12:10:45','2015-10-15 12:10:45'),('2013-04-02081','Elvis','Erasmus','Medard','','$2y$10$V5esLS3os21JLLDtrc/VC.Ww8KV848aShpJ02yKGPgSuitAysBEfW','Student','','2015-10-15 12:10:34','2015-10-15 12:10:34'),('2013-04-02082','Yeremia','Masana','Werema','','$2y$10$DU3X1UoHPCjUJhSPcryM6.9TOau77lL.xqs2gRgLQeaxKVRqCNw0y','Student','','2015-10-15 12:10:51','2015-10-15 12:10:51'),('2013-04-02083','Baraka','Sebastian','Mahaba','','$2y$10$C3O2P4glG3yeIstxdIt/UeZIyB/sOUYF/uNgcUMxGaSAJn1QW.VTq','Student','','2015-10-15 12:10:39','2015-10-15 12:10:39'),('2013-04-02084','Ford','James','Makalula','','$2y$10$MfTUgv2.ktgQXqLRg2hbc.yTqHHGWqLc1wBkxVg6z21gOeephUzTS','Student','','2015-10-15 12:10:56','2015-10-15 12:10:56'),('2013-04-02085','Emmanuel','John','Ndonde','','$2y$10$/eBYdDSmtX7cV/8jqOUvtOh.j4/OzC1COXQMhToPkcniANqyrQ9RG','Student','','2015-10-15 12:10:46','2015-10-15 12:10:46'),('2013-04-02086','Undule','Gidion','Mwakabana','','$2y$10$/70HkzMby2aVvFUzGuvwp.1xKGw76vlaGHrWvzE5NnZ3BevC2bQaO','Student','','2015-10-15 12:10:33','2015-10-15 12:10:33'),('2013-04-02087','Erick','','Mloge','','$2y$10$vqfcJIwQ.hg1H.uizHPPUuMFIRje80H3BS4Tpd0KxgtheC2mBLmuq','Student','','2015-10-15 12:10:50','2015-10-15 12:10:50'),('2013-04-02088','Abeid','','Salum','','$2y$10$6uFttizpZKQGkwoOZ6PNAOIjwdJ6h3SrCX4Ni7ygGopo25xM4Cq02','Student','','2015-10-15 12:10:38','2015-10-15 12:10:38'),('2013-04-02089','Joel','Zabron','Masele','','$2y$10$lu85AQ5fiUeiyoTSLUW.Y.N99R10uOgXbyzjaRZ3CdVW9qxoHS2oK','Student','','2015-10-15 12:10:55','2015-10-15 12:10:55'),('2013-04-02090','Geofrey','T','Mgeni','','$2y$10$wem77jFF2x3Rw/TDnWDpaueuQm9c8I8P2KGinlABFJfSy0B9yxLPa','Student','','2015-10-15 12:10:44','2015-10-15 12:10:44'),('2013-04-02091','Sufiani','Mohamed','Gau','','$2y$10$f1Fi4SIMdRou9HLS4JuKfOY32TKt69OqLp7Joi135euHuJziXRNPq','Student','','2015-10-15 12:10:32','2015-10-15 12:10:32'),('2013-04-02093','Athuman','Mwenegoha','Juma','','$2y$10$3UPf39Vyi1RJDvbzlTkrlebBeHB42YEv/26AMWTJoxJDsPD0lQkD.','Student','','2015-10-15 12:10:49','2015-10-15 12:10:49'),('2013-04-02095','Octavian','Clement','Mpangaya','','$2y$10$LMnTYUVdkAxfP4rOxrxe2.raYIkNf.3V2gvwAqf6jzG5gCiz0qDYe','Student','','2015-10-15 12:10:38','2015-10-15 12:10:38'),('2013-04-02096','Michael','Paschal','Simbaulanga','','$2y$10$Oyi7tDbH5vz83uEYfo2Dqur6wTYfvnspAdvBN96.ufvgSX9d.sBx6','Student','','2015-10-15 12:10:54','2015-10-15 12:10:54'),('2013-04-02097','Abeid','','Juma','','$2y$10$p5gg6ofvIkGaGWgwuC1JzubcAyw.5WnDNYj8MHBOzA8J6BlW5MEra','Student','','2015-10-15 12:10:43','2015-10-15 12:10:43'),('2013-04-02098','Abdallahman','','Husseni','','$2y$10$rpNHN0sKqTniHutrhdV8.O2V6A9EOSrhgId75PJjMJmdCUB9CrNTG','Student','','2015-10-15 12:11:00','2015-10-15 12:11:00'),('2013-04-02099','Metui','Mboira','Mollel','','$2y$10$rmrBCFNJUGr/0hr0dhURMeCpM5i1.v.DiRbBEetURyvVZ/5AZcRdO','Student','','2015-10-15 12:10:48','2015-10-15 12:10:48'),('2013-04-02100','Modester','Festo','Lukosya','','$2y$10$vnbVblmhtdh.hYE.iGJ/Lu3WJ.vIjMRY9KpCpNmBi2K1dwUO9eB1y','Student','','2015-10-15 12:10:37','2015-10-15 12:10:37'),('2013-04-02101','Francis','Fabiani','Mtamba','','$2y$10$.4UYjTyj3byu/eZkeNTJau877eFcCVyeFdUEcV6IntxGnl.W3r2lq','Student','','2015-10-15 12:10:54','2015-10-15 12:10:54'),('2013-04-02103','Donard','','Tungu','','$2y$10$97.CsmxiaMMf/DCgKuR/TONAU5YxZ.0etg4ozg.7IdRbWNEi7mboO','Student','','2015-10-15 12:10:42','2015-10-15 12:10:42'),('2013-04-02104','Christopher','Octavian','Mbigi','','$2y$10$1S7Vh4bvBAWTg.wqEe4o.uW6VVgEW7dmHeHFdToOhb2BJOu8Okwui','Student','','2015-10-15 12:10:59','2015-10-15 12:10:59'),('2013-04-02105','Ramadhani','Diwa','Mango','','$2y$10$fHvzeFkdHLtwh4F1sWMBl.xXAWRcydMfWwU0kEQz2CXi/EVwIURvq','Student','','2015-10-15 12:10:48','2015-10-15 12:10:48'),('2013-04-02106','Bernard','Petter','Mallya','','$2y$10$4HtBg4ZBl/2BdHB4SRyIZOfL9XxGLlaFH2iwfj4Lz9TSavcNMaRre','Student','','2015-10-15 12:10:36','2015-10-15 12:10:36'),('2013-04-02107','Frank','','Mushi','','$2y$10$HaLJhD0rTegrKYl7wbWOouh0X2jFhgYfeqMw8FyfUz9RgxeXBFoJC','Student','','2015-10-15 12:10:53','2015-10-15 12:10:53'),('2013-04-02108','Peter','Batazaly','Manyanda','','$2y$10$/2QIj3.dXjMQFc8WLvayK.nWvNObGGr/6HrpDcYG7olq1SYjlPDqi','Student','','2015-10-15 12:10:41','2015-10-15 12:10:41'),('2013-04-02109','Jackson','Joram','Kimambo','','$2y$10$5m1ek28LbtBVHP6Lxz5RBeoVTUgVgUEbesWUenUTFWmFNImS6/M1q','Student','','2015-10-15 12:10:58','2015-10-15 12:10:58'),('2013-04-02110','Ibrahim','Robert ','Kalinga','','$2y$10$/kbf.DlW6KRhGFO57bHj1er3nc.8/kCIr5ZH6NQuyH831iADf0Uzi','Student','','2015-10-15 12:10:47','2015-10-15 12:10:47'),('2013-04-02112','Matungwa','','Peter','','$2y$10$5AUlIQksItHCIz3udv0hGeTiIb1RkLV5LRjPfhFo6Pu4N3QR5nzse','Student','','2015-10-15 12:10:35','2015-10-15 12:10:35'),('2013-04-02113','Rejeaeli','','John','','$2y$10$gKX.8EHO8Bz2hIx3JF.e1OF4q0Pqw6OIUCw5raT7RLgrLWo3RrujK','Student','','2015-10-15 12:10:52','2015-10-15 12:10:52'),('2013-04-02114','Alex','Raffy','Jaggar','','$2y$10$mZC9YQbB7OgfLWHbSD02UukMwLyERFti9EIrev8xTLlPgQQwq8xx6','Student','','2015-10-15 12:10:41','2015-10-15 12:10:41'),('2013-04-02115','Kelvin','Emanuel','Mjema','','$2y$10$HJTlKuLXw8aq6fuHreikPOn9Pqvk0gzOAVoeFak4XoVxVkDB1Azla','Student','','2015-10-15 12:10:57','2015-10-15 12:10:57'),('2013-04-02116','Jackson','R','Ntilubaza','','$2y$10$XULx2.BEshShE/Fit4FJ8e1bMNtSfEOdj5OiHYsIWFjgMSlOqmZ4K','Student','','2015-10-15 12:10:46','2015-10-15 12:10:46'),('2013-04-02117','Frank','Elias','Ntibobewe','','$2y$10$my89FfLIc0tdaoPl5ID6QOrpNBInecOoSJuAPV7y6I1c0qhxe89TW','Student','','2015-10-15 12:10:34','2015-10-15 12:10:34'),('2013-04-02118','Leonard','','Nchemba','','$2y$10$oq1ch2s8b0k1oYlRfXfUnODtx7Oqvhpbbv2prIHcoi7/ffWm/1Zcm','Student','','2015-10-15 12:10:51','2015-10-15 12:10:51'),('2013-04-02119','Ayubu','Mbwanji','Elly','','$2y$10$Og4rli9avwvTC1wHsVPyZOfhX8E1G1FxnYHkkh/l1g4mj193omZgu','Student','','2015-10-15 12:10:40','2015-10-15 12:10:40'),('2013-04-02120','Alpha','Sudai','Ngobei','','$2y$10$dDgUKdRHpsg47k4bdjHgLeDkR.HnXn0O4we8zUDR4gYkTHVXrJHQ6','Student','','2015-10-15 12:10:56','2015-10-15 12:10:56'),('2013-04-02122','Julia','Julius','William','','$2y$10$3R5VGT7WD99ya8IHlULlgeN1KEuiVQPW1SyW.r.G3ofMOA4sk22NC','Student','','2015-10-15 12:11:04','2015-10-15 12:11:04'),('2013-04-02123','Rehema','Hamis','Saadan','','$2y$10$xIYrksVUiI.TMPalCtKjbu8Kg4JwlRQnZuXtb1aJXXZE0xKs9BgDq','Student','','2015-10-15 12:11:14','2015-10-15 12:11:14'),('2013-04-02124','Prosper','Patrice','Mbilinyi','','$2y$10$Fw2WMkjmsPdTwIYG9iT64u8YHfpkvCJI2gFoSlmhmeAr8331tYPCe','Student','','2015-10-15 12:11:07','2015-10-15 12:11:07'),('2013-04-02125','Esther','Cyril','Nangawe','','$2y$10$HA.Lxy6A3Fo3Vekej1bxNO3bUddUHnLLC6w1IRvjdSYCTEL9dfdTy','Student','','2015-10-15 12:11:01','2015-10-15 12:11:01'),('2013-04-02127','Andrew','Faustine','Lengesia','','$2y$10$NePeRTvPmRgEwa2NgRwiLO0ROspXZrSpOqrhpNpSNAy.TGUvoYyYi','Student','','2015-10-15 12:11:11','2015-10-15 12:11:11'),('2013-04-02128','Kelvin','Atilio','Mtemi','','$2y$10$bN6lOYKj2q6LEMVvq3XSTe79RwV8V9FuOWS.wZ1ccSw.NeyQ3RLS6','Student','','2015-10-15 12:11:04','2015-10-15 12:11:04'),('2013-04-02129','Stephen','Chripin','Mligo','','$2y$10$dMwNjR.286ZITxUOPq1C9Oxy2TQdF9Ew8yTIOD7PFW18HkxZ5HYae','Student','','2015-10-15 12:11:13','2015-10-15 12:11:13'),('2013-04-02131','Tumain','Mecky','Msacky','','$2y$10$t/1Y9X4lfgv6azwuxoX4pevIt4ck.ww4TJLfKolluaLHh8jpLuG2S','Student','','2015-10-15 12:11:07','2015-10-15 12:11:07'),('2013-04-02132','Samwel','','Mtakati','','$2y$10$ldN2NQEV/Q9/w/SfC65KC.zXOhi4Q2Tw5I6PbYJ/SGIh60U2DwXRy','Student','','2015-10-15 12:11:01','2015-10-15 12:11:01'),('2013-04-02133','Gerini','Elias','Shayo','','$2y$10$czyk8l2ytBfMdz/dXqgB/.BW4Cur5SxN/wTpAHMTlE1auQiAkp5e2','Student','','2015-10-15 12:11:10','2015-10-15 12:11:10'),('2013-04-02134','Joyce','Athanas','Kilasi','','$2y$10$gWi1LyH3US2U8WKQzyxtreLQ0LFbZ0nbGte3l/lJNtt/BXjK4/3Y6','Student','','2015-10-15 12:11:04','2015-10-15 12:11:04'),('2013-04-02135','Nabahani','','Gesani','','$2y$10$doOMLPdztTWad8m39jY2bOEP1zCjug0rOpF30SG4dpIwQIYrrSMO2','Student','','2015-10-15 12:11:13','2015-10-15 12:11:13'),('2013-04-02136','Joshua','Winfred','Kyambile','','$2y$10$BE.rJjWBK/IZPsz96zs8seaaqoCGEyK6ED4dsQLyg98v3Bde/wyt6','Student','','2015-10-15 12:11:07','2015-10-15 12:11:07'),('2013-04-02137','Sanyenge','Lucas','Galashi','','$2y$10$J56agifgsVjMEwdm/mMb/ulzNbUmVZ/SpPTBoDdnvWSqY0wK/OoXe','Student','','2015-10-15 12:11:16','2015-10-15 12:11:16'),('2013-04-02138','Ebenezer','D','Makundi','','$2y$10$BfU6xhohpD8VwkzuJ8olh.5639frIAOCI0f5.J3m.b3d4/2E7ZUYW','Student','','2015-10-15 12:11:10','2015-10-15 12:11:10'),('2013-04-02139','Peter','Laurent','Mbunga','','$2y$10$K/28ojIv07/PxqEdr7EGneO.IeroVsNSsqI/9ydui.CNjbdCN6EFO','Student','','2015-10-15 12:11:03','2015-10-15 12:11:03'),('2013-04-02140','Mandili','','Mgimwa','','$2y$10$aicM4YIlT89f6TkJh64u6uUMPyKj416x8i1K1ySkBE21n0rNf0ilu','Student','','2015-10-15 12:11:12','2015-10-15 12:11:12'),('2013-04-02141','Dickson','Anthony','Pius','','$2y$10$CzytZvDEmw7q0jpDdmm0JupIZhaa6ZCrOwpV7GpTKJFEukpAF5Klm','Student','','2015-10-15 12:11:06','2015-10-15 12:11:06'),('2013-04-02143','Ismail','Mussa','Ismail','','$2y$10$HCHTYFbZKalDcvadAhAB4O/ZT/S.BXtfwPbgd96uWDixI/ppFBDyy','Student','','2015-10-15 12:11:15','2015-10-15 12:11:15'),('2013-04-02144','Dennis','','Kipara','','$2y$10$0cZqT4cruPWDXCqsd1VZjeE1Usxt4SzRAg0up0uJOIXVg0kkNdCX6','Student','','2015-10-15 12:11:09','2015-10-15 12:11:09'),('2013-04-02145','Rashock','Romanus','Ngailo','','$2y$10$NOnaM6TjXBWTyvpHhpCvAO9TMjC1kV2bXLrUJoik0F0W/GdYVBiYq','Student','','2015-10-15 12:11:02','2015-10-15 12:11:02'),('2013-04-02146','Laurent','Herman','Dawido','','$2y$10$oBI9NjFy37iWVGr7MFz1EO1Wr7y.8YrD.XDRf7Np5ykAxaETvsBnK','Student','','2015-10-15 12:11:12','2015-10-15 12:11:12'),('2013-04-02147','Cyprian','Christopher','Fuime','','$2y$10$at9o39DSI7nDC/mrL4BmV.xf8Gz58sVWdVKO5WeaiFVeSnH3UpenK','Student','','2015-10-15 12:11:05','2015-10-15 12:11:05'),('2013-04-02150','Leonard','Lotter','Nyumayo','','$2y$10$JixU0Q52R4vukyGH9d/DF.dUtrNrzX2yqheZSDG0M4c7H77DWAhz6','Student','','2015-10-15 12:11:15','2015-10-15 12:11:15'),('2013-04-02151','Issa','Habibu','Mfinanga','','$2y$10$4o.6FTVj07gZ.yoOlhmoie/OT53JuNehJvpp2jtLR8iKxCNoRZGm6','Student','','2015-10-15 12:11:08','2015-10-15 12:11:08'),('2013-04-02152','Paulo','S','Siria','','$2y$10$pi8/C1285xYKVmUwi3DmjeRbPTmp19ctgHq33RSaWfnNsqllpEfB6','Student','','2015-10-15 12:11:02','2015-10-15 12:11:02'),('2013-04-02153','Charles','Leonard','Mao','','$2y$10$4jxTNNuacyIH82JMa3ng3eHbuhFNPqtldf3RRORqfQ/eBeBtFnSv2','Student','','2015-10-15 12:11:11','2015-10-15 12:11:11'),('2013-04-02155','Pavin','Kagemlo','Magnus','','$2y$10$hR50tFyR1AR0HfmsNAXIMOelcmdalUkNO2VLNmQ16.s5bDO9JPK1a','Student','','2015-10-15 12:11:05','2015-10-15 12:11:05'),('2013-04-02157','Innocent','Israel','Matela','','$2y$10$jXHxcceVhdgU.ArP71r5Ku7aIhs8NttyCKWgBqoMiqFQzDJE9ASQa','Student','','2015-10-15 12:11:14','2015-10-15 12:11:14'),('2013-04-02158','Kulwa','','Mbassa','','$2y$10$x88oQvkiw8eXrHiLWicDQumkpjo8Fl0CeKW52dLqTg8rtNXa6UqYm','Student','','2015-10-15 12:11:08','2015-10-15 12:11:08'),('2013-04-02362','Michael','Moses','Kombe','','$2y$10$Sb2F9gSz3xd1waY9zLAlTO8qZ9gotTZV7qPM8DAKOTQT0bRjYy5zC','Student','','2015-10-15 12:09:52','2015-10-15 12:09:52'),('2013-04-02377','Sarah','Severin','Kimario','','$2y$10$J95C9EDE0Jam7CsUN/146.eg7Ex9O8bh2Ree6poc/31y9VIwgOaSq','Student','','2015-10-15 12:10:17','2015-10-15 12:10:17'),('2013-04-02378','Samwel','Anderson','Sirikwa','','$2y$10$lBUNgfRi8sfnT8tuUgFTIOSbrAS/UEMjlzSoTM0h.CEtDFfTGCQb2','Student','','2015-10-15 12:10:16','2015-10-15 12:10:16'),('2013-04-02379','Dickson','Nazayoel','Godwin','','$2y$10$pkhDt4ts9CrpNlYlCnhHd.a7NzkGkOV4VBMhtAcqArvO7XvSNnFI6','Student','','2015-10-15 12:08:53','2015-10-15 12:08:53'),('2013-04-02380','Baraka','Joseph','Mandi','','$2y$10$5r7bSEM9XdUK.VbD4PVzn.NKiYNjZQPg2w9uwT1YxVoyLS89UOvn6','Student','','2015-10-15 12:08:36','2015-10-15 12:08:36'),('2013-04-02381','Gladness','','Musasa','','$2y$10$yv3Kt6dKiaOxlCVOmT2tQ.iG1Rca08EAMgK713MHi1vasH.ecQXoe','Student','','2015-10-15 12:09:14','2015-10-15 12:09:14'),('2013-04-02382','Nsia','Henry','Suuma','','$2y$10$tGtMBtHA8A4v5x/B9tN/GefpkE/X8AIhaiAS7NXDz7pvz7TA76/x.','Student','','2015-10-15 12:10:00','2015-10-15 12:10:00'),('2013-04-02383','Frank','','Magoti','','$2y$10$ca5TmnK5YZ9fp3S5W2jYe.KhcK20Cdq74eTe9xq3PLhzXGSxLJPnu','Student','','2015-10-15 12:09:08','2015-10-15 12:09:08'),('2013-04-02384','Richard','Erick','Bange','','$2y$10$CdOpL6IrfdLtJyxpnWuYBOtf6odvQWvazuoABQkmbNIsjYIMWx/lC','Student','','2015-10-15 12:10:10','2015-10-15 12:10:10'),('2013-04-02385','Justine','Daudi','Mlimbilah','','$2y$10$oFD43F4bxqm68TJNnDlOuegA5ti4INdVpJ1r.guX8lsmjaxA0Jd56','Student','','2015-10-15 12:09:37','2015-10-15 12:09:37'),('2013-04-02386','Chrispin','Charles','Mwakalinga','','$2y$10$OFHG9Po7vM1kEgxEgPcBAedXLr5SMW7i/ZFBIFloaWEiZ8rJXxfde','Student','','2015-10-15 12:08:44','2015-10-15 12:08:44'),('2013-04-02387','August','Calist','Mashikao','','$2y$10$.DMf4zXMaUEtbsAlmN3eWur956x01NQhRNnjZovbRkgi5xJ5Crxpa','Student','','2015-10-15 12:08:35','2015-10-15 12:08:35'),('2013-04-02388','Mikaya','','Paul','','$2y$10$VmVUP7UBSUDxAXlw1xAUROwMOddJTjh8y/ihriAbSWKNF8JJZdMKy','Student','','2015-10-15 12:09:52','2015-10-15 12:09:52'),('2013-04-02391','Salum','Hilali','Mohamed','','$2y$10$SDw3CIEcE.5XFmXW8u8Jg.fYLD0ye02BdDGRnSXATkT9m3kTbgMgW','Student','','2015-10-15 12:10:14','2015-10-15 12:10:14'),('2013-04-02392','Barnabas','Kulindwa','Makonda','','$2y$10$0Td8lu.B3LEAoqHEHFTvJu.hiRVFVh52sKkmRG0tv4h1tBGulb9/y','Student','','2015-10-15 12:08:38','2015-10-15 12:08:38'),('2013-04-02393','John','Macelo','Manko','','$2y$10$EWR9TRwLutM7kHEAr2.TQeZTnCheZJfZOu32svn26Nkfn6fztlC9.','Student','','2015-10-15 12:09:31','2015-10-15 12:09:31'),('2013-04-02394','Raphael','Mathias','Luhelo','','$2y$10$ncddJih6D2YRGOfRyVzgpecfKC.T48e.4DsR.6GLiRPF2JgHWRvUS','Student','','2015-10-15 12:10:07','2015-10-15 12:10:07'),('2013-04-02395','Julias','Modestus','Mgimwa','','$2y$10$Ez1w82iMSjOw3bCSV6XpDOtClXv82dD6Qx8bXYvlkXJlZ7jQdqzgS','Student','','2015-10-15 12:09:36','2015-10-15 12:09:36'),('2013-04-02396','Mafuru','Sinde','Malima','','$2y$10$QkBpqST3aI/ueaERp6ZVpuzAXX/z/bFzoHqaRiiqYIxiPJwgB0X22','Student','','2015-10-15 12:09:43','2015-10-15 12:09:43'),('2013-04-02397','Andrew','','Patrick','','$2y$10$M9L5vcxCOzklx.ggsOgrpeaA2z4aIpEDugtKqVvMKRMJEp6Kc3lXa','Student','','2015-10-15 12:08:31','2015-10-15 12:08:31'),('2013-04-02398','Suzana','M ','Ng\'umbi','','$2y$10$ZMKpdrikzJxAk231r.89heMixqdp9q5sHl48Je45nVAFfmPvH55wi','Student','','2015-10-15 12:10:23','2015-10-15 12:10:23'),('2013-04-02399','Lupyana','Naboth','Mbembati','','$2y$10$0JP6vofj3vDVwuuksacXLOFLPyt67Y23hbZnfF0RHWYjWf6B2KxWi','Student','','2015-10-15 12:09:43','2015-10-15 12:09:43'),('2013-04-02400','Justine','Joseph','Njau','','$2y$10$RN7lSeSmbmFRBR529VxBMOvOeOXq.WkqetQYKiUGsgPeEV4ceBbZ.','Student','','2015-10-15 12:09:37','2015-10-15 12:09:37'),('2013-04-02401','Aneth','Prosper','Mgowano','','$2y$10$HyjG.HpjFmEezkeK0ZO4uuhYDc.VJYzA/lEr2SP/ZyKd2l5H0L0y.','Student','','2015-10-15 12:08:32','2015-10-15 12:08:32'),('2013-04-02402','Mkamba','Jaah','Mkupete','','$2y$10$zbjPlkyEGWtgcHBnJkOPL.KRRWB6RFQZp5ji1WfPKofYebM36DfLW','Student','','2015-10-15 12:09:53','2015-10-15 12:09:53'),('2013-04-02403','Deus','Pascal','Chami','','$2y$10$ZCQfNRlLeWbBdyq0C0oMI.U3RJWt5aBniC6E9jShiPzTfDbcBSB3u','Student','','2015-10-15 12:08:52','2015-10-15 12:08:52'),('2013-04-02404','Goodluck','','Shirima','','$2y$10$TdrFkaQwWcnv74uD1QmVZevn9wv7uEXbnypOFTDYlN2/vpPj3dkj.','Student','','2015-10-15 12:09:16','2015-10-15 12:09:16'),('2013-04-02405','Irene','Leslie','Dulle','','$2y$10$KIHstF0wTMXy9Fp0dLoCz.DKtDYbXJNe5oSdVlNF22WN8HW0BcZAK','Student','','2015-10-15 12:09:24','2015-10-15 12:09:24'),('2013-04-02406','Mussa','Amiry','Ngonyani','','$2y$10$Y880OZJ0Dqdo0Np7i17Vcuw7cRbGCDg/I0kKn2LVDCNEgthZfzlda','Student','','2015-10-15 12:09:56','2015-10-15 12:09:56'),('2013-04-02407','Humphrey','Kalanga','Pantaleo','','$2y$10$kMf6fhmjrdTh6Vr95b9AxeTkMqXa6rcd1L2O8R44fgng1yAt4UTd.','Student','','2015-10-15 12:09:21','2015-10-15 12:09:21'),('2013-04-02409','Ansibert','','Bengesi','','$2y$10$FRI9wXVOcxFTNt45.X3GFu0khK5RjjoWNW8W6i5z2giYSAptKo2yC','Student','','2015-10-15 12:08:34','2015-10-15 12:08:34'),('2013-04-02411','Walter','Santrumini','Silayo','','$2y$10$hqGlc4cBJOSHjlNKCA4YV.LsPeG7uhq/cQNLsQLlB07pPx7LQtMFS','Student','','2015-10-15 12:10:27','2015-10-15 12:10:27'),('2013-04-02412','Godwin','Princepius','Mwoleka','','$2y$10$m8TZx4jARd8kAMpLm8Xug.JE55dWhcXaXtHxAiHlw4OnVnd1luXC6','Student','','2015-10-15 12:09:16','2015-10-15 12:09:16'),('2013-04-02413','Jackson','Mseti','Kaiaro','','$2y$10$Eo.n53Y/.7eE0gAPIOsGWugil1RojOQAVuFz2xqsbJlrmsZeec1Bq','Student','','2015-10-15 12:09:27','2015-10-15 12:09:27'),('2013-04-02414','Fredrick','Nicodemus','Sianga','','$2y$10$z1Cq40fpJA/HN8d2woy7XeHgZ8E5e/GoVMIWXHaSiUK6EjWpc/xAW','Student','','2015-10-15 12:09:10','2015-10-15 12:09:10'),('2013-04-02415','Joan','Leornard','Massawe','','$2y$10$yrMf8NCq0k2dZqOa652W/.1JrtFhRRJBEw.OwAhIDHWcWOpV8qs/6','Student','','2015-10-15 12:09:30','2015-10-15 12:09:30'),('2013-04-02417','Emmanuel','Sembwana','Mtali','','$2y$10$sIgvZ..zg8nmzuvlixy5Au1ohOpL/.H4P71OcahcPCgqUHh3WECQG','Student','','2015-10-15 12:08:58','2015-10-15 12:08:58'),('2013-04-02418','Janeth','','Wige','','$2y$10$xeGxHjGfhhPA0JCVRFA/1e8H9R6dXwgwfe9WXt0LwhIQTVmQwBrMe','Student','','2015-10-15 12:09:28','2015-10-15 12:09:28'),('2013-04-02419','Pascal','Boniface','Bundala','','$2y$10$mNbWJKYbTZfVXaJskrR7qeAxG8b1.HSrfpBzHuLdFex1KUL0rBq/2','Student','','2015-10-15 12:10:01','2015-10-15 12:10:01'),('2013-04-02420','Happiness','Kalikwendwa','Stephen','','$2y$10$ZwnVZl63C0pwctu5yAQQ7uAYn4oSAZWQm1BmO.ous8T2eRlrou1Me','Student','','2015-10-15 12:09:19','2015-10-15 12:09:19'),('2013-04-02421','Loveness','Mustapha','Innocent','','$2y$10$UM4aNERvcZ578tVjgxXX1uoSycaO0fNz5LFI7Dvl6LKqRYy4zYEyi','Student','','2015-10-15 12:09:42','2015-10-15 12:09:42'),('2013-04-02422','Yona','Hasliar','Mahundi','','$2y$10$d6VnG7KcoE8JS.WnU5Nbsu2Xd1YHUJEPWq9baWzbBWM8qrXykpkCC','Student','','2015-10-15 12:10:30','2015-10-15 12:10:30'),('2013-04-02423','Agape','Amadeus','Kamagenge','','$2y$10$RqeDc44/YZ06SYw1vCMaU.6IE2DY.LQLg9H9K3EB.PLbaYoPA5Reu','Student','','2015-10-15 12:08:24','2015-10-15 12:08:24'),('2013-04-02424','Daniel','Eliabu','Urio','','$2y$10$x4DMH0z1xIN13m8tWpmmGOjVLSE37s4toSpffrRVoZwlr9cJbW3iu','Student','','2015-10-15 12:08:48','2015-10-15 12:08:48'),('2013-04-02425','Diana','Deonatus','Mitimingi','','$2y$10$76vHb1GPitSD4Hj4ewz.OuHdR9JEWpJLI8B0RmPcDr7kSHm/PW9Ly','Student','','2015-10-15 12:08:53','2015-10-15 12:08:53'),('2013-04-02426','Arnold','Chamu','Malando','','$2y$10$1YJ36qCc/d9YZD760tQCD.DhDdIdwjhLq1uF4Px5/FhShlInpz2aK','Student','','2015-10-15 12:08:34','2015-10-15 12:08:34'),('2013-04-02427','Yona','Meshack','Ngeleja','','$2y$10$GXj6rChtMM65ThHBLWuFvOHpfZtQ41MyK9wMdIm1qZYYjmUTPRBdq','Student','','2015-10-15 12:10:30','2015-10-15 12:10:30'),('2013-04-02429','Rosemary','','Jackson','','$2y$10$/cwjqLDNG08.beTysLAmGeZG0mqMfQFgL5cy0SjimS/g.KYv3k5im','Student','','2015-10-15 12:10:12','2015-10-15 12:10:12'),('2013-04-02430','Juvenali','','Hermenegild','','$2y$10$U0t2OklaUu/0MUs/rboYbeJ5Fn8FxEBZxQEs6Tlo4f3.L/xIFRyf6','Student','','2015-10-15 12:09:38','2015-10-15 12:09:38'),('2013-04-02431','Japhet','Budodi','Sebastian','','$2y$10$/Q0HeIPGE7Nq90R/GENbI.cG2vJCoECYadWqEzaq5Miuow.Si65Ra','Student','','2015-10-15 12:09:29','2015-10-15 12:09:29'),('2013-04-02432','Benson','Kimambo','Thomas','','$2y$10$PoK2XPFejfLeXa8vYoP7h.tCFEsV6wuRdNGE27M1UoZ0udNr4Cgp.','Student','','2015-10-15 12:08:39','2015-10-15 12:08:39'),('2013-04-02433','Rawhiya','Ali','Khamis','','$2y$10$1szdlsF9u1O896w4VcPZGelN39EWw0ODnG53ZUksXTf1KGEaGb342','Student','','2015-10-15 12:10:08','2015-10-15 12:10:08'),('2013-04-02434','Geofrey','Oswald','Kung\'unde','','$2y$10$UDuZNEaTQgkXrdqNccJtmucyPjY9UnoNx6.wXW7SSNvfT/9Fkp69m','Student','','2015-10-15 12:09:12','2015-10-15 12:09:12'),('2013-04-02435','Bahati','Ramadhani','Mkumbi','','$2y$10$JfKUIAysNUsY07YQuRuW9.9v4VGgCV5PiO40MhLNH0lBQdiOxWE3u','Student','','2015-10-15 12:08:36','2015-10-15 12:08:36'),('2013-04-02436','Samson','Shabani','Mdalingwa','','$2y$10$JD88oc2QjzNUO.7YmWyTq.sHvlis/XBMdKEcugh3HuB0DSaFlbNaO','Student','','2015-10-15 12:10:15','2015-10-15 12:10:15'),('2013-04-02437','Thomas','Vitus','Chang\'a','','$2y$10$uxn/FiL4AVzo9kZtJcAHhOTX3.h.xEp8NZLw9SLOiZp1A6Uu4VO9C','Student','','2015-10-15 12:10:24','2015-10-15 12:10:24'),('2013-04-02438','Baraka','Joseph','Mnyambi','','$2y$10$zBq.szf/YPKx7hSPZToEJupDH0K0AG6FPTKWZ0DRIpDD.RpQxrGKO','Student','','2015-10-15 12:08:37','2015-10-15 12:08:37'),('2013-04-02439','Doris','Denis','Chacha','','$2y$10$TyEahbrZiVOXuG6uDwx1R.F6/6CkXsqVTFesstJA5fqdqyUpxdU1y','Student','','2015-10-15 12:08:55','2015-10-15 12:08:55'),('2013-04-02441','Washa','','Alphonce','','$2y$10$sG8dYzFR.OSwZjOeJbm1neuKcwm8D0UKCc9XK1m/YsmjZCw2X3Bs.','Student','','2015-10-15 12:10:27','2015-10-15 12:10:27'),('2013-04-02442','Charles','','Stephen','','$2y$10$GnVFaexptY.mLuMwRxi36eoPQEFkuEV8.tKAeaFMSYQv/wheoBRda','Student','','2015-10-15 12:08:43','2015-10-15 12:08:43'),('2013-04-02443','James','Andrew','Panga','','$2y$10$y8k6Zkzp5Ua/eUTGTmjZJe4MF7f1HCaQ0pVdpJ2kskiDtEwb4nz9W','Student','','2015-10-15 12:09:28','2015-10-15 12:09:28'),('2013-04-02444','Frednand','John','Masasi','','$2y$10$xJDOKiImQrHeHdr/QwOt7OF3Bp.PsNTjlxfCqetckc95vfcv8GBge','Student','','2015-10-15 12:09:10','2015-10-15 12:09:10'),('2013-04-02446','Baraka','Nagabon','Machumu','','$2y$10$L0VgsrWHZPHf1B0Egv7WeeeORXE7/wCsGXt6TAJKW0oJHW4amwxdy','Student','','2015-10-15 12:08:37','2015-10-15 12:08:37'),('2013-04-02447','Rukia','Hussein','Kanga','','$2y$10$.YuBi71fH4Vf5nsa5eUrxuH.5lP4t30e7gutCQ/aNhPlQ7kfCiRaO','Student','','2015-10-15 12:10:13','2015-10-15 12:10:13'),('2013-04-02448','Sospeter','','Amos','','$2y$10$.ncKkRVeoNlSud3Bapp7juklFga.9pWw9cqbGM0bSeb8/xsSVQuMC','Student','','2015-10-15 12:10:21','2015-10-15 12:10:21'),('2013-04-02449','Alfred','Aloyce','Mrosso','','$2y$10$gtn6W2yYQRlEMJ7lc.hJquUIV5/9VEQCST8PWdEv.cUZd.QYOx5uG','Student','','2015-10-15 12:08:27','2015-10-15 12:08:27'),('2013-04-02450','Herman','Deusdedit','Luhanga','','$2y$10$GUS/Zo.EPmeFIH9AkFGvFeTTYFnDpJbzZ8mGNcH1XgQflGMIThtoa','Student','','2015-10-15 12:09:20','2015-10-15 12:09:20'),('2013-04-02451','Joshua','','Nziku','','$2y$10$KJcyMg.q9lzaT58T3q2wX.9GGq.LwKyUiwTWeHMjFfSgl8fQHbYKG','Student','','2015-10-15 12:09:35','2015-10-15 12:09:35'),('2013-04-02452','Calvin','Godwin','Mushi','','$2y$10$HIlnu1hBZ/qHGIXK15KQeOl9v6w5kwxX8/wtCiIMBCQOxQQIzw8zW','Student','','2015-10-15 12:08:42','2015-10-15 12:08:42'),('2013-04-02453','Paschal','John','Lucas','','$2y$10$uoQh5iHDpZHbVQ6pwNZruuiVeZiHAdPa.DIVOlkYPb6l0cWleS4qG','Student','','2015-10-15 12:10:02','2015-10-15 12:10:02'),('2013-04-02454','Alliyu','','Hausi','','$2y$10$fPR.qxu25PQEHGGNmPDS.ekOHHZEiXfEyKqP2jm3x2bAZ65nLEGIu','Student','','2015-10-15 12:08:28','2015-10-15 12:08:28'),('2013-04-02455','Mtumwa','Farahani','Mzee','','$2y$10$ScbOnCUkzxOkS1.vhUuV6uLHSMbysFK857GQ0iID6p3dxqRLOdV6S','Student','','2015-10-15 12:09:55','2015-10-15 12:09:55'),('2013-04-02456','Denis','','Adrian','','$2y$10$R8zsZ9uUXKS9UKRmAGzTjO7QTGCti4yXnEJ20N8pRciFCHpKpLzbO','Student','','2015-10-15 12:08:51','2015-10-15 12:08:51'),('2013-04-02457','Ambakisye','Mwailamula','Hebron','','$2y$10$yQgo23BYmsu6AvYVW9OPMO/Ee3Hrkb2SaCMXNqXGtPV57JKc7/.ly','Student','','2015-10-15 12:08:30','2015-10-15 12:08:30'),('2013-04-02458','Andrew','Julius','Mselem','','$2y$10$iU.4pCTTUhJwREKtFSwJ7em2TEz/D4JjFm4GhgBSMOKy67Y16NxKy','Student','','2015-10-15 12:08:31','2015-10-15 12:08:31'),('2013-04-02459','Bernadetha','Edward','Kalluvya','','$2y$10$ApiYM8IK2T0BxsrZC2USr.WTsUYiwXv6xxDowdIdxngBD74GF9n22','Student','','2015-10-15 12:08:40','2015-10-15 12:08:40'),('2013-04-02460','Rajabu','Jaffarali','Manji','','$2y$10$fU03nlBvbI.MEa1VkT4kj./8uff67hAkkPEsXm9ied0KRwr1BZFGy','Student','','2015-10-15 12:10:06','2015-10-15 12:10:06'),('2013-04-02461','Mishael','Kakengela','Josephat','','$2y$10$a2El7YqwZXZDnrj3Mijx3.ptYF2dTyDaJOpHa9Xg.cb1Ofk4KoVzm','Student','','2015-10-15 12:09:53','2015-10-15 12:09:53'),('2013-04-02462','Samson','','Bandoma','','$2y$10$PjXzaXXSUqmVmr9ZR38B..G2lQFxulrF8L8lKYFFz.bkue8.fOv5G','Student','','2015-10-15 12:10:15','2015-10-15 12:10:15'),('2013-04-02463','Christian','John','Permena','','$2y$10$dcSEzJHrFkhl77z8mm1H3.7Vq8KF/LszyZ3KLvkYnUa3eqgMcTVIy','Student','','2015-10-15 12:08:44','2015-10-15 12:08:44'),('2013-04-02464','Joseph','Clemence','Joseph','','$2y$10$Sf.XVQIm0M2HYbEF8zwpfuyLP5ClUpMRGFiFaq/5bfi3roag9TScC','Student','','2015-10-15 12:09:34','2015-10-15 12:09:34'),('2013-04-02465','Colman','Simon','Mboya','','$2y$10$V8qZe4Kwpil1O/yW4tKk6OBhr0ZfLHldCUfnGTN2aOFyHXNkg3j6a','Student','','2015-10-15 12:08:45','2015-10-15 12:08:45'),('2013-04-02466','Michael','Levis','Utouh','','$2y$10$Hps8XuiDTaKQSYuA0Rp3RuKG/A.ldICZ/ub7GxCYmhgb2uUiy95zC','Student','','2015-10-15 12:09:52','2015-10-15 12:09:52'),('2013-04-02467','Joshua','Ng\'oina','John','','$2y$10$7RWdjC5z007bf33IqWn6GODEd1RXLZE7MPL77l/0mJIxX4JV0NgLK','Student','','2015-10-15 12:09:35','2015-10-15 12:09:35'),('2013-04-02468','Yoshua','','Innocent','','$2y$10$TLYG4X3jBGK/GnmzzQKl/uz60LMBcXnj0q2XH7KTG0.s7Qa6PNUMm','Student','','2015-10-15 12:10:30','2015-10-15 12:10:30'),('2013-04-02469','Neema','Joseph','Macha','','$2y$10$zwQoXDPY3a/8T058eY6laO2ZFKEs1CCWGDim04Aohb4wxuqdfA1aq','Student','','2015-10-15 12:09:58','2015-10-15 12:09:58'),('2013-04-02470','Frank','Allen','Mwaba','','$2y$10$74mnsepvh9sExPY11lKb6OG5USCN.RXfzE3a7dD.XuyyBIeqPyeO2','Student','','2015-10-15 12:09:09','2015-10-15 12:09:09'),('2013-04-02471','Alifa','Adam','Mwakisoba','','$2y$10$UvzbS3xlTzRV2CuElHZYPOAVto7FmAjAT1nJng/Dz0zH4NcTv3Fry','Student','','2015-10-15 12:08:27','2015-10-15 12:08:27'),('2013-04-02472','Amon','Kalungura','Mfuruki','','$2y$10$vrysm8922o5pMNKLO./8Me3k.6vFNB9uQ4/tgXRcz0SxdXA4JUzp.','Student','','2015-10-15 12:08:30','2015-10-15 12:08:30'),('2013-04-02473','Eustach','','Peter','','$2y$10$z/1OBSQs/5NiOUKG7Dz.n.JAR9UrNqp5gcrntIXkbjr0Pa6Ep6OqG','Student','','2015-10-15 12:09:03','2015-10-15 12:09:03'),('2013-04-02475','Albert','Charles','Secha','','$2y$10$36iB06hFGmARV/r9tTyWpuXFl5Esg.GnTS/ZLXpiGWTazq6uVcStu','Student','','2015-10-15 12:08:26','2015-10-15 12:08:26'),('2013-04-02476','Busara','Mwisubilege','Kabuje','','$2y$10$ImcTGNvOxsd8lPC31uNb2uaKgfnKGqBFx4EeAnzoqxSbUnteJjMle','Student','','2015-10-15 12:08:41','2015-10-15 12:08:41'),('2013-04-02477','Davis','','Malemo','','$2y$10$xV2CgaNktWLnY9tVNpYeh.6564zttdyQPjqfWDwqwrfJvUYZPKFYW','Student','','2015-10-15 12:08:51','2015-10-15 12:08:51'),('2013-04-02479','Anna','Gido','Chikola','','$2y$10$FNqmmLGkPJfIno1IlBKN9uU6Z/Un4DsvvNd6qZAUnoRJaFK3Pqn1S','Student','','2015-10-15 12:08:33','2015-10-15 12:08:33'),('2013-04-02481','Costantine','Kulwa','Paschal','','$2y$10$P03/D41rB8HH9YASXlFZw.cBBTbAQOEqDrWwNOvzopb5maSg8keMm','Student','','2015-10-15 12:08:46','2015-10-15 12:08:46'),('2013-04-02482','Fidelis','Edwin','Swai','','$2y$10$MzehT/obDAdLqK4ENtNHRO9WanIKTdUffiiQh/EeSLSAuxxLO1zDi','Student','','2015-10-15 12:09:07','2015-10-15 12:09:07'),('2013-04-02483','Titus','Sylvery','Nkangaza','','$2y$10$KsNcjP2mMi462K8uHLi.fuz4ivZVP/qDD5hYh5MYasGJ3VrsG.mQa','Student','','2015-10-15 12:10:25','2015-10-15 12:10:25'),('2013-04-02484','Enock','','Sinihayo','','$2y$10$gZiZBvF6q/KffQugGnVYWe07dNmGfHNlYY/Wqg1D8dB2mMnQZfc4q','Student','','2015-10-15 12:09:01','2015-10-15 12:09:01'),('2013-04-02486','Luciana','Joachim','Kimati','','$2y$10$mlshI2ylDsRqhp/5dkVDfugpHHNsg8EnoI.IrAFIFgwu.HSoFR9/K','Student','','2015-10-15 12:09:42','2015-10-15 12:09:42'),('2013-04-02487','Raphael','Wenceslaus','Kiloga','','$2y$10$cVOpsACW.dTFik.8ThIOsOR4gS9MowBuDYVJapESF0JqI.uBnVJli','Student','','2015-10-15 12:10:08','2015-10-15 12:10:08'),('2013-04-02488','Elias','','Elisante','','$2y$10$u9x4ZcPAWA9e3UwlprrQSuT/JT7ZJkvQvm9vgtnbC/jnqpHlcv/5O','Student','','2015-10-15 12:08:56','2015-10-15 12:08:56'),('2013-04-02489','Hawa','Shabani','Adha','','$2y$10$r9UmK.JPQyVNjSgyba0dbu604k9MWHulISG0QB3LnlJjUXRWBZn7.','Student','','2015-10-15 12:09:19','2015-10-15 12:09:19'),('2013-04-02490','David','John','Lemeri','','$2y$10$ELAbh1q7WkOXie/CWOMgxeQXtoUgXGLaFBT2QImCbANrPxhZWPYJ.','Student','','2015-10-15 12:08:49','2015-10-15 12:08:49'),('2013-04-02491','Elead','Godlisten','Mrina','','$2y$10$wVAjLJrGyCy6ZXvqz9rzb.saeKDxH8.abYkz2Glw0NpMfe1rxtdOW','Student','','2015-10-15 12:08:56','2015-10-15 12:08:56'),('2013-04-02492','Lilian','K enedy','Chambiri','','$2y$10$wYPhGGAVsISJykRSfKcme.pNUdBidevDXJw43UQ/NKRU4GriK8Haq','Student','','2015-10-15 12:09:41','2015-10-15 12:09:41'),('2013-04-02493','Colman','Tarimo','Richard','','$2y$10$krGMmlR0tbrKnGgKZOgdhOCvFsCmByaXar86IXqDJL6.jO12XZLKG','Student','','2015-10-15 12:08:46','2015-10-15 12:08:46'),('2013-04-02496','Salehe','Amir','Hamis','','$2y$10$2pQWdv0qc7wntyNJlVgWE.m47YlkjEJ07OBxecuux30Eulrh1oQxO','Student','','2015-10-15 12:10:13','2015-10-15 12:10:13'),('2013-04-02498','Winnie','','Jeff','','$2y$10$biO5cS24v5oinmZ.EE1lZuafV0yTKHqyVxHu5dmWhW6hX45Ei5egi','Student','','2015-10-15 12:10:29','2015-10-15 12:10:29'),('2013-04-02504','Salim','','Maftah','','$2y$10$Qe.DaZyKM9q4h6y2ZbKwDeYcURC8GW5HwN.V8OhgBb0iJ2JjZr7X2','Student','','2015-10-15 12:10:14','2015-10-15 12:10:14'),('2013-04-02507','Saad','Hassan','Abdultwarib','','$2y$10$798wwC55dX1c50JCmJPkXuLjhHGwY1yKONBHJL2JcPIOo16FyMYOG','Student','','2015-10-15 12:10:13','2015-10-15 12:10:13'),('2013-04-02513','Joseph','Fredrick','Henry','','$2y$10$FZrxAoRcFQhzjykw6nzy9uAbWGAcjd5Bb8Q67Y77xuqZrYtqx50bS','Student','','2015-10-15 12:09:33','2015-10-15 12:09:33'),('2013-04-02516','Neema','Ndewilly','Kaaya','','$2y$10$pQZu2.CZ/qA7KKHgT0pbzeVq2Tpx5AMFEyzL87sQBoTYSM1CvlNCi','Student','','2015-10-15 12:09:57','2015-10-15 12:09:57'),('2013-04-02521','Peter','Simon','Mwililiza','','$2y$10$oZNeUTjDqB4Bj1QVnypOQOtHo9wfPXpvIGFvsapQrRO68qQ4lV2iq','Student','','2015-10-15 12:10:04','2015-10-15 12:10:04'),('2013-04-02525','Joel','','Kakuga','','$2y$10$JPlgHj53./R1xm0oV9Om5eR7xVYz6TV4XJwk8/jl.NzSh4FziZKCm','Student','','2015-10-15 12:09:30','2015-10-15 12:09:30'),('2013-04-02526','Alex','S','Elisha','','$2y$10$O8U5YK0.4rz566hiKCdUD.U6qN0LkD2t9xi4hgddJZMu/wHlJ4RsS','Student','','2015-10-15 12:10:39','2015-10-15 12:10:39'),('2013-04-02527','Frank','','Musa','','$2y$10$AA68mevU6dCHNTWU/wCtJOh9Rj2mtuA2uX2MT6/ACi4TbueXB0jYG','Student','','2015-10-15 12:09:08','2015-10-15 12:09:08'),('2013-04-02529','Erick','Francis','Sauwa','','$2y$10$bRLKrCzy8Po893hBMTLxGOHfnDEef5/JFyK/cHQJmQD0ZuCmvLcZ2','Student','','2015-10-15 12:09:02','2015-10-15 12:09:02'),('2013-04-02530','Henry','Edward','Mwanakadudu','','$2y$10$EpdMtKmWi.yZvperEhhmfOy.JL08pLTatdItWwzT9qjX.ZPYQaRLK','Student','','2015-10-15 12:09:20','2015-10-15 12:09:20'),('2013-04-02535','Amini','','Rutajwaa','','$2y$10$UpS1XNbv8o5kqlzr4csuGOFOaRVxuo3k5ZNyT00PCqrus85R2NBzu','Student','','2015-10-15 12:08:30','2015-10-15 12:08:30'),('2013-04-02536','Alex','Senkunde','Mgonja','','$2y$10$dD5Dh1RVHyDD8tdvw12Gv.8P0Ol8EiQuc2yQU.q16L7Re.KTra5wi','Student','','2015-10-15 12:08:27','2015-10-15 12:08:27'),('2013-04-02539','Charles','Simon','Karoli','','$2y$10$F.Zxw.7UbbfB2ke7zrYE6egDjSAV0Mc9IASeyLqMDEnzt/UkNeX.y','Student','','2015-10-15 12:08:43','2015-10-15 12:08:43'),('2013-04-02541','Karebu','','Mgeni','','$2y$10$o8NyLSiNyUPTb4fd6uKAFuvLI6NV9iFhDq.OmBMu8vbYWvOrw7JHO','Student','','2015-10-15 12:09:38','2015-10-15 12:09:38'),('2013-04-02544','Salma','Mahamidu','Kisoma','','$2y$10$mjhJENqPQywzAsoZ0Z3FLeWNLrCrW6sUCTvtc.8bMzIwxiH1QR8Ry','Student','','2015-10-15 12:10:14','2015-10-15 12:10:14'),('2013-04-02549','Julius','Luther','Alute','','$2y$10$Uhw8poV4F0Ls8GTM18Ln7uvTe4TWHcfGwEZ8nVNuuEjZpe8aMQvc.','Student','','2015-10-15 12:09:37','2015-10-15 12:09:37'),('2013-04-02554','Abraham','Frank','Simon','','$2y$10$uFClbl7lVhmye/VHeWarz./.EFpr43h1bDlDUBhfipy4QwoOn0COu','Student','','2015-10-15 12:08:23','2015-10-15 12:08:23'),('2013-04-02555','Thomas','Lucas','Bahati','','$2y$10$P.jmMQQovl5Abw2vKi93WOMkKXUiOKk4jsrclSnYBwYpBt1hrEdtS','Student','','2015-10-15 12:10:24','2015-10-15 12:10:24'),('2013-04-02556','Daud','Fundikila','Abel','','$2y$10$7oEALbfDIt5qHZTvodGwD.kOBnDjXb89qkAoNsvGb4wDxbGrTUicK','Student','','2015-10-15 12:08:49','2015-10-15 12:08:49'),('2013-04-02557','Michael','Elias','Gwalugano','','$2y$10$ZHnQHJZGL5hnSK9iUrsCK.Dtj8/JKQutC3VodPN8H/gUf49vzv7Gi','Student','','2015-10-15 12:09:52','2015-10-15 12:09:52'),('2013-04-02559','Maximillian','','Philberth','','$2y$10$bHp/NUMLKhGezsF9.gUfBO60A/NfhEBEgC4CH0ugQ4Otr4qKPqfVC','Student','','2015-10-15 12:09:50','2015-10-15 12:09:50'),('2013-04-02560','Kitundu','Samwel','Orgenes','','$2y$10$/HhxfbnmLBR4w9GveJTNAeMjMbI85UoQpi8g8sZNTKodPOxFor92q','Student','','2015-10-15 12:09:40','2015-10-15 12:09:40'),('2013-04-02563','Peter','Emanuel','Sagala','','$2y$10$l4lJATWInGP15i0buy.ZRe1vq0nWd48k63XRHMGtIFpPONNyh90ne','Student','','2015-10-15 12:10:04','2015-10-15 12:10:04'),('2013-04-02564','Jackson','','Adonia','','$2y$10$02D1EUeHEw85r15S5LxJ8e1hN/wnIMXxUFbebZ5hPtcntpZmq1EJ6','Student','','2015-10-15 12:09:27','2015-10-15 12:09:27'),('2013-04-02565','Fadhili','','Mgoba','','$2y$10$pKO1p8/euOIo16dfYJcYF.QysWtifWfXGuFHt7Or1pq6Vh4dbEusq','Student','','2015-10-15 12:09:05','2015-10-15 12:09:05'),('2013-04-02566','Hassani','Faki','Bakary','','$2y$10$gVq53qCi6uYdrDggDcSyHuKWzvIhp1MmdqGsj9M3G9ABcwbQfyffG','Student','','2015-10-15 12:09:19','2015-10-15 12:09:19'),('2013-04-02567','Christopher','Joseph','Pila','','$2y$10$ilQ7zftaGRcN0ohmvNutKOBj8YKVR9QRzZxDhzvPLgDuVox9kqwja','Student','','2015-10-15 12:08:45','2015-10-15 12:08:45'),('2013-04-02571','Gloria','Jordan','Mahai','','$2y$10$a/puoSKES2DhrTBlJwyECeWEQ63UlkInRVsYzn6xXOE1zmoMQ3PJ2','Student','','2015-10-15 12:09:14','2015-10-15 12:09:14'),('2013-04-02572','Aniceth','Angelo','Shumbusho','','$2y$10$4Tn8udZHvNsmcx.laY4K9ehhbVR.lchRMD.rJuDovlWZst/kg0uiW','Student','','2015-10-15 12:08:32','2015-10-15 12:08:32'),('2013-04-02575','Philemon','Michael','Kimaro','','$2y$10$QT7oQlwTRPwfiYpU5RLxYuGTmjv3HxWvHUPIFnpGuO19/JSoZubN.','Student','','2015-10-15 12:10:05','2015-10-15 12:10:05'),('2013-04-02576','Benignus','Stephen','Moshi','','$2y$10$skoeigo08u4Da/c7K7Zva.nn4e5NR1HNhlCmXndVd7feHg5Mc9eX2','Student','','2015-10-15 12:08:39','2015-10-15 12:08:39'),('2013-04-02581','Elisaria','Sadoki','Matafu','','$2y$10$CJF5nwbIr75ie0lf83FZp.9iXzPTyYRB6l/9gNIewA8w3oI/ZnOJe','Student','','2015-10-15 12:08:57','2015-10-15 12:08:57'),('2013-04-02583','Agness','Everson','Meena','','$2y$10$6M4nRHEWADDoBwFnmTqIpOs3ZOWoghJLlnd5iqMngle.2M4644SAu','Student','','2015-10-15 12:08:25','2015-10-15 12:08:25'),('2013-04-02584','Jackline','Jephta','Makalwe','','$2y$10$adW0nOwE1jFqlwnYoGI7Vu/ob.ZFG3wPiNpQVEQ3JKo0e6ycfwxui','Student','','2015-10-15 12:09:26','2015-10-15 12:09:26'),('2013-04-02585','Herieth','Stephen','Mwambashi','','$2y$10$VF5d.N5R9rTwYeU.P0thrO4JCJgmdXl29YqmhYvNu6t/qHd3QjHoG','Student','','2015-10-15 12:09:20','2015-10-15 12:09:20'),('2013-04-02588','Moleni','Julius','Kajega','','$2y$10$kAfHbXtBVmkkDopEvF21I.p/4.QYt8JlW/C7G4WQF8AJxjwSXDiCu','Student','','2015-10-15 12:09:54','2015-10-15 12:09:54'),('2013-04-02592','Christina','Wilfred','Mariki','','$2y$10$Xm56wv1tUnbU6wdZR3l66eiCvoDxb..XA.8KLy7cSU4WTHLJHhNre','Student','','2015-10-15 12:08:44','2015-10-15 12:08:44'),('2013-04-02598','Abdulhamid','Ally','Ibrahim','','$2y$10$31xWQV9XndGGEZpRxorruuyTjoa3UTJ/uiX85hzvUov4Dlwtp.gyq','Student','','2015-10-15 12:08:23','2015-10-15 12:08:23'),('2013-04-06728','Herry','Iddi','Mkilaha','','$2y$10$nRyU8AtlqCsS8weHyO1MAu9PO2e9CqJzGrvlOGk08WYQUlua/Ki52','Student','','2015-10-15 12:10:45','2015-10-15 12:10:45'),('2013-04-06729','Melksedeck','Thomas','Mgendera','','$2y$10$BsrxrizEtmYVfGeQZZRlXup76iXYmuiuW01LV010a66I5QeFVEp7m','Student','','2015-10-15 12:10:34','2015-10-15 12:10:34'),('2013-04-06730','Enock','Kang\'wenya','Peter','','$2y$10$VyGVA4t5Sa/qanxLamWdR.oSIYgB5chLHWkGOVxoeFQPUm6V8iAjK','Student','','2015-10-15 12:10:50','2015-10-15 12:10:50'),('2013-04-06735','Jesca','Moses','Ndeutwa','','$2y$10$R9.bdOJtUgm/KATypQHeBOcZ51zOILiBXd7FTM1.YCLp0aUy.Jum.','Student','','2015-10-15 12:09:30','2015-10-15 12:09:30'),('2013-04-06740','Peter','Muniko','Thomas','','$2y$10$C/4QtS1NYV0mzKcRdEg2n.cUkpUKO56l.t3YJh9jjngrnBkvchpAy','Student','','2015-10-15 12:10:04','2015-10-15 12:10:04'),('2013-04-06742','Maenzi','','Rashid','','$2y$10$0UbiK9gOoN1L5yofpU6JJ.D2TJuC8Q7cOWxPYqPeqDkLtIBsoZtZi','Student','','2015-10-15 12:09:43','2015-10-15 12:09:43'),('2013-04-06743','Salome','James','Alladin','','$2y$10$Qx3AA69JuDr3ZBuBdtmvhewLV7ANlfeNc6amXeGQUgzWvFxFHC69C','Student','','2015-10-15 12:10:14','2015-10-15 12:10:14'),('2013-04-06744','Augustine','Nyahenga','Khicheny','','$2y$10$/Wrb6uRubKAnF3Dhwd0jpuljlxkMftRQbKn5lQrfyckpAycNE98a6','Student','','2015-10-15 12:08:35','2015-10-15 12:08:35'),('2013-04-06747','Albert','Alfred','Akaro','','$2y$10$y392h.O0a0qcg9lH33LW6e.vGVnflxWSdtMDf2k1Lg/WtOfqHPoBy','Student','','2015-10-15 12:08:26','2015-10-15 12:08:26'),('2013-04-06881','Fatuma','','Halfani','','$2y$10$OcuIHosURixYF2vQ2wmZDuoJX78G.JO2IgfvgAKtH1BHV5PGEnakq','Student','','2015-10-15 12:09:06','2015-10-15 12:09:06'),('2013-04-06882','Stella','','Nsule','','$2y$10$uBJ1GMvLnJ0s15FFNSPvYuOPRF0ur5DzKgC8UiRLBGD0uzT8mGGcq','Student','','2015-10-15 12:10:21','2015-10-15 12:10:21'),('2013-04-06939','Costa','Antonio','Chiore','','$2y$10$7iP.EcwukkZZTMre6iqf8eoBPRWZkLi.wP1mYKWZNJLNV5h3mMwXW','Student','','2015-10-15 12:08:46','2015-10-15 12:08:46'),('2013-04-06975','Eric','Kelvin','Emmanuel','','$2y$10$UnVzxeyJ6eVxA9SZp16si.tSLEIi6zfjn.mXpghf793rOezXdl/Bm','Student','','2015-10-15 12:09:02','2015-10-15 12:09:02'),('2013-04-07020','Rahimu','Hamisi','Shamte','','$2y$10$q1qlKblq.k35mK74au/zRuk5Q7QmJ5jfqYGQiwxYb/j.5iYjxvECu','Student','','2015-10-15 12:10:06','2015-10-15 12:10:06'),('2014-04-00020','Lucia','','John','','$2y$10$.y.r6HYbuuBNkYZlphs5E.4Kfzqh/rpc.n.tW2JhcIr8r/fEqqive','Student','','2015-10-15 12:11:05','2015-10-15 12:11:05'),('2014-04-02284','Abdala','Mohamedi','Shabani','','$2y$10$51eOXs.zKvI29mmzFyMbHOtIW4zbgmcQ7koLaFnIX6fqs7XTTlqC.','Student','','2015-10-15 12:10:39','2015-10-15 12:10:39'),('2014-04-02314','Maisam','Gulamabbas','Pyarali','','$2y$10$3m3elhCo/xCGx8gjXbYMd.CF5zkY8iqROhx3whan34m42hKBn53Ui','Student','','2015-10-15 12:10:49','2015-10-15 12:10:49'),('2014-04-02315','Araban','H','Suleman','','$2y$10$tzMCyCeRUgRd.5dI7L3FUuRmYQIdxde.qEtt9VyauJIAVTxjjegea','Student','','2015-10-15 12:10:38','2015-10-15 12:10:38'),('2014-04-02316','Hussein','','Ghor','','$2y$10$wPdb74sqUjmq22tUlVxBZ.yA4UhOnsyl5SioHlY.R7bbCpwcSfgxm','Student','','2015-10-15 12:10:55','2015-10-15 12:10:55'),('2014-04-02317','Peter','Raphael','Bokango','','$2y$10$Dj6sTUpVOAsXAoIekR6miuUo7BQgM9EAl0Y4nCq0WuYu2UxZw9Izm','Student','','2015-10-15 12:10:43','2015-10-15 12:10:43'),('2014-04-02318','Pius','E','Pius','','$2y$10$sWCwQT.DhNXXjOjkUdTKy.kImOFrrfoYhT7bsmVgCaRuoA.aH6H2q','Student','','2015-10-15 12:11:00','2015-10-15 12:11:00'),('2014-04-02319','James','A ','Msigwa','','$2y$10$r5IGodFmPV9z/PFbD1s2J.GjmdJTp5DBpGUmn/AVioazPgtgs.dfS','Student','','2015-10-15 12:10:49','2015-10-15 12:10:49'),('2014-04-02320','Ladislaus','','Ishengoma','','$2y$10$iEf7zioXYlK66mIfGj0Ov.24gOmgiI4Hzg5JVqQwBXz1KV8paGzAy','Student','','2015-10-15 12:10:37','2015-10-15 12:10:37'),('2014-04-02321','Erick','G','Mwakyendenge','','$2y$10$ywDeqUIBt3LOx9z1/IN0HOjXljPEAcLsVQ2KM95DBcETCubNC9bda','Student','','2015-10-15 12:10:54','2015-10-15 12:10:54'),('2014-04-02322','Silvanus','S','Songoye','','$2y$10$zDFdctR3GoqTw2UbsQooV.kxmL1Nt4c054a7N.w0UnY3wMd29PNO.','Student','','2015-10-15 12:10:42','2015-10-15 12:10:42'),('2014-04-02323','Dishan','Kishor','Bachu','','$2y$10$eV7cxyYgGSh4kkHorWOrvOQEEXByz.LBGhjmGocvElfUxGNaJo7..','Student','','2015-10-15 12:10:59','2015-10-15 12:10:59'),('2014-04-02324','Simion','M','Marwa','','$2y$10$DNSRvoHLaqqoXu1IzKqSlO6u.tZLJXmAAJHnPjsJspFg7r26u/6We','Student','','2015-10-15 12:10:48','2015-10-15 12:10:48'),('2014-04-02325','Ally','','Hashimu','','$2y$10$Xi5hoQZnmsgCJD/3SHCCQeatHSMji9W3voO2wTHl7WX1.sV6RHBLy','Student','','2015-10-15 12:10:36','2015-10-15 12:10:36'),('2014-04-02326','Omary','Saidi','Mmanywa','','$2y$10$RGfzm7yySCdZPcWehfqIMeXOxkBy17SXXkHzgkb/uJ5Ez1rNJkLvW','Student','','2015-10-15 12:10:53','2015-10-15 12:10:53'),('2014-04-02327','Yoktan','Yotham','Singenda','','$2y$10$wilWM.7q2wgHRw1qnk/SdOKfDjyajf/hUQSSQIEdc6zt6NZ0NWPNm','Student','','2015-10-15 12:10:42','2015-10-15 12:10:42'),('2014-04-02328','Frank','Kategile','Joseph','','$2y$10$sGgr6lOBS02mY.4xVJg10O/AtUjpoU3lUipqo8nUP45YJV1m48gbC','Student','','2015-10-15 12:10:59','2015-10-15 12:10:59'),('2014-04-02329','Daudi','A','Daudi','','$2y$10$zxTgUTJstSuUWM2GZ7.lYeRwIfrIu2JIoBwh7HsV0QV..n4zwKJ8i','Student','','2015-10-15 12:10:47','2015-10-15 12:10:47'),('2014-04-02330','Juma','','Rajabu','','$2y$10$gFk844y7v.f45j81BNlrnermDmhUu0Swi3CcsFkIVGZjiYnfOENSC','Student','','2015-10-15 12:10:36','2015-10-15 12:10:36'),('2014-04-02331','Alihussein','','Jamalee','','$2y$10$1vMQ8FlEQCVB0P696M2ohurcOQKU214CuhbL0e3XERiEGzCow/DYe','Student','','2015-10-15 12:10:52','2015-10-15 12:10:52'),('2014-04-02332','Juma','','Mohamed','','$2y$10$z1YiispvHbAoh0lBRRTx6u8Z/AquN7zuzGaJlNJIAnxh4o4k9RmBu','Student','','2015-10-15 12:10:41','2015-10-15 12:10:41'),('2014-04-02333','Fredrick','I','Lugusi','','$2y$10$No0wFbVvAniZeJAUIqt0nuxx4cSKNnUep0WyfCuf/3UU.9PTrsByC','Student','','2015-10-15 12:10:58','2015-10-15 12:10:58'),('2014-04-02334','Antony','Charles','Minja','','$2y$10$Qn88MntAq9JTSVYgjd5aCO9bAvmQclFgXVNbgY8vgnkJU0/gKgPIe','Student','','2015-10-15 12:10:46','2015-10-15 12:10:46'),('2014-04-02335','Hamisi','','Salehe','','$2y$10$vTZdwQFJo8q4gbQ2zCkz/OMi731yV9Ib1mYW9GCLsBJbwfsl6c9qi','Student','','2015-10-15 12:10:35','2015-10-15 12:10:35'),('2014-04-02336','Mary','J','Hendry','','$2y$10$M/2/Ccc8vNtawDBDMSqyLOHietjdNBtuBGgXoSGfVak..HnNT8u3.','Student','','2015-10-15 12:10:52','2015-10-15 12:10:52'),('2014-04-02337','Charles','','Madama','','$2y$10$m01Ft0iLI2prVlZKdOOA4Ob1oQWFzNEzJzNwDsVdkR4Qm2NNJ9gQ6','Student','','2015-10-15 12:10:40','2015-10-15 12:10:40'),('2014-04-02338','Ng\'adi','','Alfred','','$2y$10$uRfSX9WxvX3sPtxkvIsw/.2VTrtvPvLAIJg6aXygYUqxyY4ZoVnMS','Student','','2015-10-15 12:10:57','2015-10-15 12:10:57'),('2014-04-02339','Frank','C','Francis','','$2y$10$wwiLpdRtz1Flfd3x3F3fKOUauPCMcjH5FaYYk48.Qes/b0g57bo2C','Student','','2015-10-15 12:10:45','2015-10-15 12:10:45'),('2014-04-02340','Joseph','','Moyo','','$2y$10$ibCLDXzB9Gar2521c2l8NON6Un2Ahd4/L5a1LHksuA4.X.AG50x..','Student','','2015-10-15 12:10:34','2015-10-15 12:10:34'),('2014-04-02341','Alex','','Ngenzi','','$2y$10$AH9N30wycvB15NeEZvFbaOEdrHK89vdtvY61zMj9BvMq/caaoKjf6','Student','','2015-10-15 12:10:51','2015-10-15 12:10:51'),('2014-04-02342','Ahmedi','Abeid','Mangalo','','$2y$10$GKmkWZPWQcxTYRckU.z49epe02aeTV3YpOgOkP2QcaDzgleWfHoZy','Student','','2015-10-15 12:10:39','2015-10-15 12:10:39'),('2014-04-02343','Tito','I ','Fungo','','$2y$10$.48Y.30IXAjc9ED9zL4.zeSZzn.jQ3cw7GhEhkbJVFKqnVWVLHIOi','Student','','2015-10-15 12:10:56','2015-10-15 12:10:56'),('2014-04-02344','Steven','Mashauri','Shadrack','','$2y$10$n/lNOoT564T3zl0SWn/SpuO7viY8Rdre/elQGiv3wqAT17gif2e36','Student','','2015-10-15 12:10:44','2015-10-15 12:10:44'),('2014-04-02345','Meshack','','Paul','','$2y$10$NUU9ageCQ.vjnZp1REgwHuf30glQX6xBeUQV5jM.nH4/b6KQPA7Gu','Student','','2015-10-15 12:10:33','2015-10-15 12:10:33'),('2014-04-02346','Faustine','','John','','$2y$10$swQdtZuyz8EdbCtN9VtDu.9mRI5yYde16LbJZipm8PG4kHA4nheWm','Student','','2015-10-15 12:10:50','2015-10-15 12:10:50'),('2014-04-02347','Mohamed','','Said','','$2y$10$0L7RAFslLFWzUH2MwzElouJl6aB/o0SCUDaxL5AiConsdazlyQDiy','Student','','2015-10-15 12:10:37','2015-10-15 12:10:37'),('2014-04-02348','Charles','Mayala','Kaswahili','','$2y$10$1MQbyuIv5ce4zi9Fqlj7KeMStZ0Pp.I9PYt6h/iAz3fDdEGctS/.S','Student','','2015-10-15 12:10:54','2015-10-15 12:10:54'),('2014-04-02349','Baidi','Zakaria','Upete','','$2y$10$cNxiWm9NFuBTLmBem2Ty0e4g5XOoz0kcrT7j1iOVo.WXFcnscAS1W','Student','','2015-10-15 12:10:43','2015-10-15 12:10:43'),('2014-04-02350','Nassoro','Hassani','Matindigana','','$2y$10$wM1GtK187Ek6CV2CJcwb/OBwGSWdLS.pIzdhSje5zAJWUpKIBhuma','Student','','2015-10-15 12:11:00','2015-10-15 12:11:00'),('2014-04-02351','Rogers','','Shempemba','','$2y$10$olalx.bg6BZYnJLrVaEJM.sknkq7wk/gCGj41RWrnu8/bCp8YoAW.','Student','','2015-10-15 12:10:48','2015-10-15 12:10:48'),('2014-04-02352','Livingstone','M','Laizer','','$2y$10$pZLykda1WNu432j5PTDvWuyfAp9D11QdlrCBuoxWLH3eXWKy/LZBK','Student','','2015-10-15 12:10:37','2015-10-15 12:10:37'),('2014-04-02353','Winifrida','Anyambi','Robert','','$2y$10$Wt2vgGRZ7a2MQ8BWDOH29uOvpJVFJ/o3qgZba1eWNZVfQXD8uc/QO','Student','','2015-10-15 12:10:54','2015-10-15 12:10:54'),('2014-04-02354','Marwa','Mgendi','Chacha','','$2y$10$k4QZ4SvmbIXSuAyhG07vd.8.unLyGV8CulYq/A0IHjfw5Vhqzib/.','Student','','2015-10-15 12:10:42','2015-10-15 12:10:42'),('2014-04-02355','David','Joseph','Lesulie','','$2y$10$npZ2wxUQEsLVcX9f48QvKeaA71.FymydbGg7Cp5K7YUOvJTcMCM/K','Student','','2015-10-15 12:10:59','2015-10-15 12:10:59'),('2014-04-02356','Mosses','','Malambugi','','$2y$10$9NftY.edo59hWVEPf.wKreX.ngPk5mol.pse5sYww.GehChCcWw7i','Student','','2015-10-15 12:10:47','2015-10-15 12:10:47'),('2014-04-02357','Benedict','Francis','Mtugani','','$2y$10$.Llb0jJgdxwsjlNymM3YKurrKQfTiNq.SCWm9mtQ.VbbhhrOPLcV2','Student','','2015-10-15 12:10:36','2015-10-15 12:10:36'),('2014-04-02358','Jaji','','Buluda','','$2y$10$yygoiyrVZ2oaek/fy6aStOKImkmm0SQT5/zDReqvq0vOMfzwOa0F.','Student','','2015-10-15 12:10:53','2015-10-15 12:10:53'),('2014-04-02359','Allen','','Kilyenyi','','$2y$10$3uqTesUe5d/HSFLXTHeW3umtEUZFHFEcPhyKJvVNlA75cdtQ2e.8.','Student','','2015-10-15 12:10:41','2015-10-15 12:10:41'),('2014-04-02360','Winstone','W','Mugarula','','$2y$10$OG6KK1Qnbg3NbmAV6Dg.S.wcWFujs204IBFKGu2xSljFBO3Y1LR6W','Student','','2015-10-15 12:10:58','2015-10-15 12:10:58'),('2014-04-02361','Eugen','Gaudence','Rogasian','','$2y$10$paoO/W94c3qZC3dO5H71a.OQUXDrgFFNkR7TePMd0uTWtCbZe0Bwu','Student','','2015-10-15 12:10:47','2015-10-15 12:10:47'),('2014-04-02362','Baraka','','Clemence','','$2y$10$BrUyNdOfC9/3m0ayfYDW/OMGp4BUzCEjLIkCPXvlStjpuhwTXE1MS','Student','','2015-10-15 12:10:35','2015-10-15 12:10:35'),('2014-04-02363','Shaban','Ally','Shaban','','$2y$10$ymWF9AtGvmj/TNC7WT9yoOT.mDaS7djU25z7FM86XNH3SBVKdR93m','Student','','2015-10-15 12:10:52','2015-10-15 12:10:52'),('2014-04-02364','Fedson','Felix','Bugulu','','$2y$10$BMcCUe4nB4WFrkNQM4zA.ehTf9rS4/euOffU5RLOvZt9LEWaffSc6','Student','','2015-10-15 12:10:40','2015-10-15 12:10:40'),('2014-04-02366','Jonathan','Zephania','Mbise','','$2y$10$m09VZFLQHQc8nlLKbuS.t.U.sXJgvwgPERvHhJUcamFVIffZCfWD2','Student','','2015-10-15 12:10:57','2015-10-15 12:10:57'),('2014-04-02367','Nicolaus','Noel','Yagile','','$2y$10$to6.fkpGrYZ0YDpp/coMweYc2UpJ3YNudp3mwIgm9gG46ehZfGVrO','Student','','2015-10-15 12:10:46','2015-10-15 12:10:46'),('2014-04-02368','Ernest','Samwel','Majenda','','$2y$10$K7ji/kGuvqTOXORoDbKkmOl78qkfU8.VwMxPmA6GBqVon/tvbYltu','Student','','2015-10-15 12:10:34','2015-10-15 12:10:34'),('2014-04-02369','Diana','','Kami','','$2y$10$te3owMz9r7vkcYhcNUeXFOT.OOoFJGF1JLQIkLseBsH.8cdTS2PH2','Student','','2015-10-15 12:10:51','2015-10-15 12:10:51'),('2014-04-02370','Ally','','Sanyunda','','$2y$10$PymnSE1Kx4iAJ0rLgHPsu.hEOllES6AN9VHe9LrYsc56aVcj4mV46','Student','','2015-10-15 12:10:39','2015-10-15 12:10:39'),('2014-04-02371','Godfrey','William','Kalagho','','$2y$10$X6qWTijYPcf3svxpHZ5Jsuxd.1H9iZldmTXYUyz2bX9qM/0bXHccK','Student','','2015-10-15 12:11:10','2015-10-15 12:11:10'),('2014-04-02373','Emmanuel','James','Andrew','','$2y$10$oGzmIhuLKlKwpLk/MbQHnezgI3eYdwEivGsYjVsde79cy/Co04U/S','Student','','2015-10-15 12:11:03','2015-10-15 12:11:03'),('2014-04-02374','Adeck','','Muganda','','$2y$10$aL.GDagcwyOWac57xW17he98m/5nWdgUzfEuG2GXA/yRUCsuxp7ai','Student','','2015-10-15 12:11:13','2015-10-15 12:11:13'),('2014-04-02375','Octavian','','Charles','','$2y$10$YNon7czglpnV9qHbB.ysPe/2Qw/mseHC.g.PjkN2de.VUwFN0abJC','Student','','2015-10-15 12:11:06','2015-10-15 12:11:06'),('2014-04-02376','Martha','','Kipusi','','$2y$10$iW3eGb768NJeKnAci9hU9.7qxElbdPlKCaLmJ0VhMxVvGSBAAKImi','Student','','2015-10-15 12:11:15','2015-10-15 12:11:15'),('2014-04-02377','Emmanuel','','Elibariki','','$2y$10$jwpz1MWJdlKPJakh8d3RuuMWKBEOjxW/vScZ20DC6MDW9CvFqwxh6','Student','','2015-10-15 12:11:09','2015-10-15 12:11:09'),('2014-04-02378','Nickson','E','Lema','','$2y$10$21eeL14fRB1wmPKcSDq4cOz8PyjA6BmdQHxbEylqqySbAzKTq/tSK','Student','','2015-10-15 12:11:02','2015-10-15 12:11:02'),('2014-04-02379','Juvent','','Philimon','','$2y$10$bu4lh/Hqh.Wqw05dYDhN1.A1NedeCP6KTpgXc8TFH/GZ0NM.Y.m9a','Student','','2015-10-15 12:11:12','2015-10-15 12:11:12'),('2014-04-02380','Omary','','Shaban','','$2y$10$CfXpCtLahfDbAJdN5YZ.WOpURCNDHJEGtfTFb.xKWQ5.xzxh88sUy','Student','','2015-10-15 12:11:05','2015-10-15 12:11:05'),('2014-04-02381','Anneth','','Mchau','','$2y$10$3XIZBi4P93zqEj3nYa6Fvu8PYV1RsQXTiBnSLzK6535lE3KVdCWMa','Student','','2015-10-15 12:11:15','2015-10-15 12:11:15'),('2014-04-02382','Joyce','','Lufingo','','$2y$10$mYPrC1osEnKX..EB6SX82eKDt8uUY2VYKRe.DEf/glan3yU30YJjC','Student','','2015-10-15 12:11:09','2015-10-15 12:11:09'),('2014-04-02383','Hamadi','','Selemani','','$2y$10$TIjZBvfiyiKy2QPgHLh7muClLsL6slOXDseY/Jfyg/Z.PSOfG5inu','Student','','2015-10-15 12:11:01','2015-10-15 12:11:01'),('2014-04-02384','Emily','Dominic','Maffa','','$2y$10$UmRTqsQTiDyBa1fO93wHaO5qXSK/42AHWMuBhd91/KLnjiEkHIT4a','Student','','2015-10-15 12:11:11','2015-10-15 12:11:11'),('2014-04-02385','Mwajuma','','Mloka','','$2y$10$61hdGT5KmV5MSpI7jtdoN.otmFKYNOkATpEna47UBxdOCcaBXfrRq','Student','','2015-10-15 12:11:04','2015-10-15 12:11:04'),('2014-04-02386','Hassan','Zuberi','Kingwaba','','$2y$10$TOUM1SqFJ01jPwWJ0oDAAeUlUi7pIWXezyrWz7PqEGYtFAOzVcKe6','Student','','2015-10-15 12:11:14','2015-10-15 12:11:14'),('2014-04-02387','Martin','Thomas','Simon','','$2y$10$2huiSDhNzO8Gft/JNQ9r8eFCbWdGRD/X7f3POoL06bQlavkGQ9wfa','Student','','2015-10-15 12:11:08','2015-10-15 12:11:08'),('2014-04-02388','Chifu','','Joseph','','$2y$10$qIAcsBEZ6xHAYfsFBvUbyelqmu/OWIkJLPLSG3Ax9zyU2iwBd3vZK','Student','','2015-10-15 12:11:01','2015-10-15 12:11:01'),('2014-04-02389','Ibrahim','','Mumba','','$2y$10$G4BmQ4mQIQdTw.bBuTGmiu0A0fc9EFMfxJ04HDOfzjW.bnRZZ3ER.','Student','','2015-10-15 12:11:11','2015-10-15 12:11:11'),('2014-04-02390','Ramadhani','Shabani','Katwana','','$2y$10$7y.0iufEVOPe.VdxypTt.uhbpicqknIGZGo1CxwZqtt5jtoQODpri','Student','','2015-10-15 12:11:04','2015-10-15 12:11:04'),('2014-04-02391','Labani','','William','','$2y$10$wmN69Gnv5rACRcHYnxVs2eB7q4um1QEWrUPbrhqqoISzh.VLRbJa2','Student','','2015-10-15 12:11:14','2015-10-15 12:11:14'),('2014-04-02392','Paul','','Edson','','$2y$10$OLPZhMWK69pImge9X0GooOznSYnWnfpsDWTpEPKgHqGMkKfl.NPby','Student','','2015-10-15 12:11:07','2015-10-15 12:11:07'),('2014-04-02393','Experius','','Gaudensi','','$2y$10$266oZMz3R6g9tLV4ZoOXtOPjfz3fuqrvaX.8bJXTODRsvLqVXtFWa','Student','','2015-10-15 12:11:01','2015-10-15 12:11:01'),('2014-04-02394','Jacob','','Mathias','','$2y$10$eSqP.7pxUMhb.2lTw50SleRC.5eJmLuIYoAWb3.xeKEL3Zgx3C3Pq','Student','','2015-10-15 12:11:10','2015-10-15 12:11:10'),('2014-04-02395','Esther','Ndemasi','Mneney','','$2y$10$oY7uUgZcd8JF9ZTZAO6bSuaxeQPrq/2wUha4B8HQcr7Cmioaai8uS','Student','','2015-10-15 12:11:04','2015-10-15 12:11:04'),('2014-04-02396','Erasto','Shija','Malula','','$2y$10$HDMjbSi6rFWQsrRWOSYTEuvdkfsJF6P69725Inf2INZhfnbSttlqG','Student','','2015-10-15 12:11:13','2015-10-15 12:11:13'),('2014-04-02397','Michael','David','Karigo','','$2y$10$wiKRC09LlVeIxBVOucX3HeMvyFTBxqG49uGH6sP9zPOhiwlKrAn5m','Student','','2015-10-15 12:11:07','2015-10-15 12:11:07'),('2014-04-02398','Habel','John','Haule','','$2y$10$NJIEEuAfz9OEqHNfT8R67.jMePyZKiAtKebfN.YPVb4pLjdTDigSW','Student','','2015-10-15 12:11:00','2015-10-15 12:11:00'),('2014-04-02399','Revocatus','','Stephen','','$2y$10$SzyaRpeHvxRcBqhYs4w9auszUayB5ApsXYv5rThLJGV9Yj7/stw8S','Student','','2015-10-15 12:11:10','2015-10-15 12:11:10'),('2014-04-02400','Reginald','Paul','Assenga','','$2y$10$.1p4so2MND8zWHB5VAjeS.GcHaTelfqmchiKiTQ8yeZwdwX8JQufq','Student','','2015-10-15 12:11:03','2015-10-15 12:11:03'),('2014-04-02401','Yusuph','','Bayu','','$2y$10$4zwqEvvtb5G31D9pnDFyMuh5OkKCFKQoHrHuklavUpLMFRWBiW13a','Student','','2015-10-15 12:11:13','2015-10-15 12:11:13'),('2014-04-02402','Thomas','Mahumbi','Philipo','','$2y$10$MLZ3HZHQM3zqkNBEDunLP.sjM8aqNW6Ax2A9duVUoRBM.0cafm5t2','Student','','2015-10-15 12:11:06','2015-10-15 12:11:06'),('2014-04-02403','Salimu','','Ally','','$2y$10$G4KkGCd8bS8UUqpeZRoMkucpZQCSN7IXLGxxNiiBngqP7UA2am/x.','Student','','2015-10-15 12:11:16','2015-10-15 12:11:16'),('2014-04-02404','John','W','Marunda','','$2y$10$lvOrM1FBUHgaqPARSXuY8eSMDRgvi/qxWWRcZEKNWZ4/TpPsav.Rq','Student','','2015-10-15 12:11:09','2015-10-15 12:11:09'),('2014-04-02405','Awami','A','Tegeza','','$2y$10$9gyifkTEzlk9c02s7qhkP.pdtGq8WIQbTT1UhByvRPLzD3PC.KnoC','Student','','2015-10-15 12:11:03','2015-10-15 12:11:03'),('2014-04-02406','Humphrey','E','Haule','','$2y$10$V3t23qDm8YLip42giY9o8eZK/eSabmaPjCyXSP/DEb6syGi6F80uK','Student','','2015-10-15 12:11:12','2015-10-15 12:11:12'),('2014-04-02626','Suzan','George','Lauwo','','$2y$10$7kNjHvMEaZtFjNlB3nt.XeJr1kvHIrf3A.vcMELzIEk2EhFTWHapy','Student','','2015-10-15 12:10:22','2015-10-15 12:10:22'),('2014-04-02627','Maxmillian','Richard','Shetto','','$2y$10$p.bcWQcSVuO9CGtVd5uekOBKfV/DJoEXd4skkl00sYp2OZ.FoLVfm','Student','','2015-10-15 12:09:50','2015-10-15 12:09:50'),('2014-04-02628','Simon','Gabriel','Mnyele','','$2y$10$BxiTyrxGjFoRSk4LVz2TEeQDGCME.kYYdpealNhlxveY8N93uYJWu','Student','','2015-10-15 12:10:20','2015-10-15 12:10:20'),('2014-04-02629','Evance','Albert','Temu','','$2y$10$yKwB/G9o39TDlKkXxJKPquobVpOJZpU7xWRd5D1NAcY3Puw/xsYTK','Student','','2015-10-15 12:09:03','2015-10-15 12:09:03'),('2014-04-02630','Makore','Amos','Nyamete','','$2y$10$nJ0WPSoggvtawbD/z8Rgg.puu0eXrk8z0l1eePzbzKFi.pP4RlF6e','Student','','2015-10-15 12:09:44','2015-10-15 12:09:44'),('2014-04-02631','Emmanuel','Alex','Kimario','','$2y$10$eQDtNNk3qVXUaQJnHoY0WuFkVMxmJ1.WLMqz4a2iT48CzCFmZW0z6','Student','','2015-10-15 12:08:59','2015-10-15 12:08:59'),('2014-04-02632','Gayi','Adam','Msangi','','$2y$10$FkxaP26ydFLoF4gCF2KZnOYOPfx5WyLFkBgOWV/5FJE2ZjNwHmRW2','Student','','2015-10-15 12:09:12','2015-10-15 12:09:12'),('2014-04-02633','Beatrice','Harry','Msechu','','$2y$10$7p3mCuXQ43lGwB875kGAce2Fo.uH2POuemmfLpvxbyPO.TO0.zNfq','Student','','2015-10-15 12:08:38','2015-10-15 12:08:38'),('2014-04-02634','Francis','Yusto','Eseko','','$2y$10$zmPzZKYQah9o4C/aeRx0BeFinYphIleipCBw5wGyLDrrUAR3IwpqO','Student','','2015-10-15 12:09:08','2015-10-15 12:09:08'),('2014-04-02635','Emmanuel','','Vedastus','','$2y$10$WyY4csXD3zezYHosELtRz.CYoGQAuPNGwOiKjUesEEJrpc.ln/i5y','Student','','2015-10-15 12:08:58','2015-10-15 12:08:58'),('2014-04-02636','Victor','','Philipo','','$2y$10$mxcCsaZdRvkdVtXgAEhLx.OfMOtb7wzRJ3x7XRY0OUcdWo0cAG0Em','Student','','2015-10-15 12:10:26','2015-10-15 12:10:26'),('2014-04-02637','Godfrey','Cosmas','Vincent','','$2y$10$ue9oU33Uirc/HRWlEQ/IXOqsp3qOlYI7A8sK8oQ5xM8czUnwG01Y.','Student','','2015-10-15 12:09:15','2015-10-15 12:09:15'),('2014-04-02638','Fabian','Tibrus','Shayo','','$2y$10$Vr.qKzQeI1hv.Il5O6lbPuIoyAl0WJ8PSFgg.09gtQKFpZiH5XkMm','Student','','2015-10-15 12:09:05','2015-10-15 12:09:05'),('2014-04-02639','Emmanuel','L','Mosha','','$2y$10$hWzXX2t1d/P3uiYZLe84jO1jp1p9LdKrtRd.2N1oumqFejvknYOci','Student','','2015-10-15 12:08:58','2015-10-15 12:08:58'),('2014-04-02640','Richard','Kanwagale','Petro','','$2y$10$THeewF6pTS7R7cNgx53J6upum/StHKQ/TcqvDOgx03O7lKA04ax6S','Student','','2015-10-15 12:10:10','2015-10-15 12:10:10'),('2014-04-02641','Nimrod','Deocles','Rutatora','','$2y$10$lqlaxRUYD2F5AFx8hvmy.Oqh8QEvRApL1SpX/9h.cMp63V4Itc4LC','Student','','2015-10-15 12:09:59','2015-10-15 12:09:59'),('2014-04-02642','Amani','Alfred','Naburi','','$2y$10$Rg3bM5iLu2Ja87s8E3vVGuelRgHJk1dzoXMkqNyalBPmvNdHzn06O','Student','','2015-10-15 12:08:30','2015-10-15 12:08:30'),('2014-04-02643','Kelvin','Abraham','Nkini','','$2y$10$DxG8MKdkD2cHNkpv3tbddeJedQWRFMumKeFHQuBZgZ/E0LTcMOSkm','Student','','2015-10-15 12:09:39','2015-10-15 12:09:39'),('2014-04-02644','Joseph','G','Mhondela','','$2y$10$tgktpYb4uJ0JbVlJXfgKtuZIXOlXThOlnuOCUx4ZFZLbEFCXxBLFW','Student','','2015-10-15 12:09:32','2015-10-15 12:09:32'),('2014-04-02645','Gabriel','Godlisten','Makuri','','$2y$10$B/6uwIyWQOUwlWeU2bAj/egX.nhNoK5kcuWs0S7Xkbyx/gF8fcXGy','Student','','2015-10-15 12:09:11','2015-10-15 12:09:11'),('2014-04-02646','Vicent','Andrew','Boymanda','','$2y$10$OUOSfSX8zWR8oCTN8hGfBuL3sRIzxQTuFXzvGNf4CXLMxuP5Q/H.2','Student','','2015-10-15 12:10:26','2015-10-15 12:10:26'),('2014-04-02647','Elia','','Joseph','','$2y$10$CELJD0cAJgo3P9VE3FwI1.TyEi31D5m/jEnppk/oD6VH/QugvcbVW','Student','','2015-10-15 12:08:56','2015-10-15 12:08:56'),('2014-04-02648','Witness','','Mtui','','$2y$10$MfodoYjmtBdu5osCInpUmOvONYtoltvqiyEzXbf9HSYdK4qORYfWi','Student','','2015-10-15 12:10:29','2015-10-15 12:10:29'),('2014-04-02649','Jordan','Ruga','Karaze','','$2y$10$fJA21wwX9117PZc6t.n0.Oz1ls.iC2UdRyjywwTr1atLzNpnSni8a','Student','','2015-10-15 12:09:32','2015-10-15 12:09:32'),('2014-04-02650','Julius','','John','','$2y$10$5ZN8Nqs7kPBl2Ol/1quaFO31wZZxgnhCTsW8/3fAXvCz4wyZlZUXS','Student','','2015-10-15 12:09:36','2015-10-15 12:09:36'),('2014-04-02651','Bonaventure','Gerald','Tesha','','$2y$10$UY7LSUBKuSu21VEV0ythHuCLPA/R0XkhoM9DXo4kOot4ZoUB2CNFi','Student','','2015-10-15 12:08:40','2015-10-15 12:08:40'),('2014-04-02652','Issa','Waziri','Mohamedi','','$2y$10$TMt2KxbSYFX4luiFvcLVE.rsSR1KoZKXTvxo5K.lG8MwkSXcBZUUy','Student','','2015-10-15 12:09:26','2015-10-15 12:09:26'),('2014-04-02653','Anna','Denis','Sangeu','','$2y$10$X37uLsZLEUVgKH6kJi7NFeBbDoayrb9nreOAtR520tsiimM9zaC6u','Student','','2015-10-15 12:08:32','2015-10-15 12:08:32'),('2014-04-02654','Frank','','Festo','','$2y$10$6dIoBIyvd.GmVmBk4.PH4..YfCkb6ZyQRQb/yhghPeITD4SIwtGfa','Student','','2015-10-15 12:09:08','2015-10-15 12:09:08'),('2014-04-02656','Devotha','','Kiwale','','$2y$10$anPzIpmsNjS8x7D0WKX/Y.9M5qGUyCL3G9xIRQv0PIi0Drc0S/xAi','Student','','2015-10-15 12:08:52','2015-10-15 12:08:52'),('2014-04-02657','Husna','','Mabroucky','','$2y$10$Wxgogh0v2hwDbnsvo1e7fulzQyaGrJ4CBEDoF3TC344OpA68H7PXW','Student','','2015-10-15 12:09:21','2015-10-15 12:09:21'),('2014-04-02658','Ritta','Ramson','Lyimo','','$2y$10$7G9zq0GnE6c2sKqN9hxqPOYFKY1fArYpxCE/S0K5IbEJMGPHLIwx2','Student','','2015-10-15 12:10:11','2015-10-15 12:10:11'),('2014-04-02659','Naomi','Peter','Laizer','','$2y$10$d9N0p./sF/EfMjrcspA2J.bsP8/3dA5qldlqb8o0CXH6EOach/yCe','Student','','2015-10-15 12:09:57','2015-10-15 12:09:57'),('2014-04-02660','Josephat','Julius','Nyamarungu','','$2y$10$eWkl.j4TfMv9ANNASPKtQ.Jxbx5XaaA85hefxYlesOJ5Va2iercNO','Student','','2015-10-15 12:09:34','2015-10-15 12:09:34'),('2014-04-02661','Davis','Joas','Tibaijuka','','$2y$10$szsRIwKgMcBBsNaT4tI66erbK2IFnX7JEViuVXe4SYKuNgngqWLO6','Student','','2015-10-15 12:08:50','2015-10-15 12:08:50'),('2014-04-02662','Reuben','Hermit','Michael','','$2y$10$YqExWuKx/icqbF1pkopibeyWnsriEkla7p/YUnFTg9FVqin3QcOBS','Student','','2015-10-15 12:10:09','2015-10-15 12:10:09'),('2014-04-02663','Emanuel','Elisha','Wilson','','$2y$10$CPbzM15GBWc0jPQOrpmgfOp/6Bv.VMvxZDHWNgfJZwGwr2cjTqNMa','Student','','2015-10-15 12:08:57','2015-10-15 12:08:57'),('2014-04-02664','Daniel','','Asagwile','','$2y$10$f0IJCOqRtlmkACvVXfJoHuibGBLug2.MuYnewa32NlAx69FSnC9mm','Student','','2015-10-15 12:08:47','2015-10-15 12:08:47'),('2014-04-02665','Aisha','Abdallah','Nduka','','$2y$10$Iseb/d/pVaIb/Mu6EeFDQ.RYl4Ahp5Lq9KBEGJ.C2C0OGLXOP8Vo.','Student','','2015-10-15 12:08:26','2015-10-15 12:08:26'),('2014-04-02666','Lydia','Daimon','Mwaipopo','','$2y$10$TFOjoAMFMNOJkdC7DcJlz.xWxtX3xE47Rc/oY2wPPKbPJxXBQaI0S','Student','','2015-10-15 12:09:43','2015-10-15 12:09:43'),('2014-04-02667','Emanuel','','Sabali','','$2y$10$3CE15VAkf4qwviZpkze1LOI9X28w2nWb.CHaBYJG7LGh9CxLiQ1p6','Student','','2015-10-15 12:08:57','2015-10-15 12:08:57'),('2014-04-02668','Michael','','Mussa','','$2y$10$BwYiRwsKy07fyi9WQrrjo.pz2fvQlT7IN9DLSodhdX8ixXoPHEcV.','Student','','2015-10-15 12:09:51','2015-10-15 12:09:51'),('2014-04-02669','Miraji','Hassan','Issa','','$2y$10$jPHPJeIHjYRi4V2BYu1u/uUup4.U4riF6BEhmhCxwENm9BcAgrzS6','Student','','2015-10-15 12:09:53','2015-10-15 12:09:53'),('2014-04-02670','Musa','Lucas','Machera','','$2y$10$WIC4QM1TL9FoCvlwWG4nyur15X21CrcCZ.4nhdZhfq8snjIcmAM.6','Student','','2015-10-15 12:09:55','2015-10-15 12:09:55'),('2014-04-02671','Gibson','','Kahindi','','$2y$10$Kj.3Beplwih5u0NfcBTC0.8vxeWnw2QI1b185N7DDN7cUmI2p3Id.','Student','','2015-10-15 12:09:14','2015-10-15 12:09:14'),('2014-04-02672','Sato','Jackson','Masele','','$2y$10$Pr04WXi0zJZm.irKg/Towu3PrBykbdUc1s/9JZJgkzVbUB62i9B5.','Student','','2015-10-15 12:10:17','2015-10-15 12:10:17'),('2014-04-02673','Kelvin','Leopold','Njwelige','','$2y$10$ihS2BGQtFY8R2tIVqtKo1uWHEcro61t9vzLsC4Ab/7AGF/NU0HbCS','Student','','2015-10-15 12:09:39','2015-10-15 12:09:39'),('2014-04-02674','Eudes','Tumainiel','Dennis','','$2y$10$sUz.z/yym/Hl0Wk6rixPe.xhhx9s9iAT.3kPttj4rU9OBMZd0z0Au','Student','','2015-10-15 12:09:02','2015-10-15 12:09:02'),('2014-04-02675','Theresia','','Mongo','','$2y$10$AsVWoArxpk4ptjzJKVe6hu96A0mDr6X.bkJjRFhIXKFPTl/IBr7sC','Student','','2015-10-15 12:10:23','2015-10-15 12:10:23'),('2014-04-02676','James','','Apolinary','','$2y$10$zYjhRH/PIght7CZ8b6ebzu2XZM8OkarJQbw8fr3bMpU23KUxiLz7y','Student','','2015-10-15 12:09:28','2015-10-15 12:09:28'),('2014-04-02677','Isabela','Allen','Ngowi','','$2y$10$b8H627zWDhgxJD2phupZSudq5Y6.ECEKG.I8XA1OdzMs5uLjHwwyC','Student','','2015-10-15 12:09:24','2015-10-15 12:09:24'),('2014-04-02678','Francis','Rogers','Sezinga','','$2y$10$ZKu5DzQimoLyzrOLGazFDe449FjCsRFh8Y5tKsoLEVBZku1YIlYBO','Student','','2015-10-15 12:09:08','2015-10-15 12:09:08'),('2014-04-02679','Ismail','Moshi','Ramadhan','','$2y$10$.9Tuv25qgmjvnwPAtdDR4.lz4pk.nfopuiVQdTcGoD4Send.mddau','Student','','2015-10-15 12:09:25','2015-10-15 12:09:25'),('2014-04-02680','Mjuni','Dennis','Binamungu','','$2y$10$IjUik50CXDFvV35rDS2l9urSrMuCCRIgNt1LiKsqZra7KvFQyHpKa','Student','','2015-10-15 12:09:53','2015-10-15 12:09:53'),('2014-04-02681','Humphrey','Emmanuel','Mosi','','$2y$10$AN.hxwaaCTpxlpGVvNed/OZS/wn9Q122yPlgfFW8Aq5wl/aspLZJW','Student','','2015-10-15 12:09:21','2015-10-15 12:09:21'),('2014-04-02682','Brighton','Edward','Kimaro','','$2y$10$DX/8ggnsFxpmGIuqNzBoXu730Ok5Lq9m7BoauZiH2faHqV.B27P7O','Student','','2015-10-15 12:08:41','2015-10-15 12:08:41'),('2014-04-02683','Yustina','Fabian','Sware','','$2y$10$/WYOx2wKaEVF8HWQP8mNL.KhgGDUIWLzD00tGD2YQlPBxrFAvGmXy','Student','','2015-10-15 12:10:31','2015-10-15 12:10:31'),('2014-04-02684','Patrick','','Kijumbe','','$2y$10$Nxs.Ds3425cFDmdPCjNBqOkcGs6VFsSF2tVPL9v64AFH/y2HeFqka','Student','','2015-10-15 12:10:02','2015-10-15 12:10:02'),('2014-04-02685','Erick','Elisaria','Paulo','','$2y$10$cPSEmrCi8bLapEOvS8XVK.tiE80a5fK.4ItZXVMx1Y5an1qBxKVqS','Student','','2015-10-15 12:09:02','2015-10-15 12:09:02'),('2014-04-02686','Victor','Benezeth','Bayona','','$2y$10$jZ3rtqLJLiCwv1TpR8KEg.P7Qo7YiCvd.wsVzVU0diPIoz.prx6am','Student','','2015-10-15 12:10:27','2015-10-15 12:10:27'),('2014-04-02687','Vicent','','Samson','','$2y$10$m7eiy6PKttIKGLgMz8LkZezbAQczUKSmyMM8PvbQmaWNxTggEVpJW','Student','','2015-10-15 12:10:26','2015-10-15 12:10:26'),('2014-04-02688','Zabron','Patrick','Nswila','','$2y$10$acddYQ3.oQsc.EsJ06.JsuM.6LncKc3aXM.gEpYmPQ.zkXoR5g5Iu','Student','','2015-10-15 12:10:31','2015-10-15 12:10:31'),('2014-04-02689','Digna','Gerald','Kalinga','','$2y$10$IqPk8WmvA1xXtyRy5lbHye1lkVfWtsBKg66yYGPpmBIQvs9KtAm4W','Student','','2015-10-15 12:08:53','2015-10-15 12:08:53'),('2014-04-02690','Jamila','Abdallah','Ngola','','$2y$10$uKEEGzBdfJ9yWzEb4.ouu.td58dJvowF54bzFc5z9ei18bIa82cM.','Student','','2015-10-15 12:09:28','2015-10-15 12:09:28'),('2014-04-02691','Godfrey','Xavery','Kivaru','','$2y$10$3FOL0AWIdkMOC5hJHy1DLuVaTBOJRd.4x69yAhHt4/8sgSMP8EB12','Student','','2015-10-15 12:09:15','2015-10-15 12:09:15'),('2014-04-02692','Maria','','Abel','','$2y$10$/nsFtfS75By5y/6eJ0kEGuzzgsQpIiU5Bc2GC9ZKKvZcTCHmJ1hKW','Student','','2015-10-15 12:09:46','2015-10-15 12:09:46'),('2014-04-02693','Grace','Willy-Alpha','Kishimbo','','$2y$10$Tc3kId/0EeueCMnMUTUgtuZpnOsRiWpUKhrq7Y4hgU00W75W0WODu','Student','','2015-10-15 12:09:17','2015-10-15 12:09:17'),('2014-04-02694','Alumbwage','Luhangano','Mchilo','','$2y$10$zZ96fWKj65JzuFW9QPgRdOtB2fOUGpHCDmBzPMLIVMxn20OczJ0Sa','Student','','2015-10-15 12:08:29','2015-10-15 12:08:29'),('2014-04-02695','Joseph','Julius','Joseph','','$2y$10$zq502kSzlFQtW96kJ45Zz.zgxsZlQqn87PoWJe1Ib/l7Ux2Ybth7i','Student','','2015-10-15 12:09:33','2015-10-15 12:09:33'),('2014-04-02696','Winchislaus','','Projestus','','$2y$10$29OK7nssJuq53FOU3lbNneMf8/Wr8gjSMWe6Oqap1OycWZLTCUeTu','Student','','2015-10-15 12:10:28','2015-10-15 12:10:28'),('2014-04-02697','Al-khadhil','','Issa','','$2y$10$qiEeUiWIIIzT2u6/jUU8O.7Uj4RVJcQXOVq2HJUD6gtyWCPLR5BaC','Student','','2015-10-15 12:08:28','2015-10-15 12:08:28'),('2014-04-02698','Ulisubisya','Rayud','Masetta','','$2y$10$xBs3PBoNL73As1TbAMZcgu5R57rWlyKNBvuM6OVTkjhiElNXUZrPO','Student','','2015-10-15 12:10:26','2015-10-15 12:10:26'),('2014-04-02699','David','Emanuel','Shayo','','$2y$10$ZeNatDw3Qk1/SDohbjCKJezSy5q/rJx.uUxZZBnyYAF31aKlKfYZe','Student','','2015-10-15 12:08:49','2015-10-15 12:08:49'),('2014-04-02700','Rose','Gregory','Urassa','','$2y$10$IlQO6WCUae15JnhKKCBtcu7rKfTVLAdBOUUeZMzP9dyc2oVkXjdIO','Student','','2015-10-15 12:10:12','2015-10-15 12:10:12'),('2014-04-02701','Erasto','Yusuph','Laizer','','$2y$10$uhRbmxJK3VV2e04yla0KbOQLgcmfQSsMiTvQzPMaMAf.QUHDIQriG','Student','','2015-10-15 12:09:01','2015-10-15 12:09:01'),('2014-04-02702','Yusuph','Katherine','Abdalah','','$2y$10$Nhvq6QFkFYvPOkMs4ePh0u0v2UMWga0V6Q0zwVOXhKVJoSu0VK26a','Student','','2015-10-15 12:10:31','2015-10-15 12:10:31'),('2014-04-02703','Ibrahim','Marwa','Benjamin','','$2y$10$aLTJuOYxwfzAqfZsYidDr.dsnrVbdSFyTCEe0hGBkAyAQRtMOV6XS','Student','','2015-10-15 12:09:23','2015-10-15 12:09:23'),('2014-04-02704','Jeremiah','James','Mazengo','','$2y$10$u51Ywfu1e2moFZ/U5caZEOl5PustMYMe40ffzf2pDTDxsxDy9Z8Gm','Student','','2015-10-15 12:09:30','2015-10-15 12:09:30'),('2014-04-02705','Derick','Kaijage','Kabyemela','','$2y$10$mcf0zYcQsxQJA32JGBRXqOmdNzqd9FKK/Lb97EzF7OZ.KznKcEl7.','Student','','2015-10-15 12:08:52','2015-10-15 12:08:52'),('2014-04-02706','Hussein','','Habibu','','$2y$10$He3BIkY7p4QDX.KxWZ7m5uGEea2lVa89b6xH./DZ.5jdFjZRh0NaK','Student','','2015-10-15 12:09:22','2015-10-15 12:09:22'),('2014-04-02707','Mwapwani','Mbaraka','Mnzava','','$2y$10$1uj9BqbNNdJPLVofTWbwUOjB3tFj6hybl5MxM.erTIrtFaQSNhOi.','Student','','2015-10-15 12:09:56','2015-10-15 12:09:56'),('2014-04-02708','Hamida','','Amri','','$2y$10$t7XG9SrZMoYYPnD1o8iz.u5/cOQP2aj7/.TXrMHFkMzUzMdEoxocq','Student','','2015-10-15 12:09:18','2015-10-15 12:09:18'),('2014-04-02709','Mosses','','Michael','','$2y$10$5c7QGd8KRpSLp9euGf0jZ./beT1ioBBxiXPnYRcChuirfxB8.m/OG','Student','','2015-10-15 12:09:54','2015-10-15 12:09:54'),('2014-04-02710','Devotha','Osmund','Mlyuka','','$2y$10$Xnnw.0W7S6GcPFknq4BdTOJ5v17AhGj3XCL8.WLxzo1Fd9shaJhSa','Student','','2015-10-15 12:08:53','2015-10-15 12:08:53'),('2014-04-02711','Malima','Faustine','Ladislaus','','$2y$10$Mx8/cOTzIMIfXkTb/g7/EOhWqrIuklWqdcrWLTJZdpWDB3y5LpKJG','Student','','2015-10-15 12:09:45','2015-10-15 12:09:45'),('2014-04-02712','Simon','Mrosso','Thomas','','$2y$10$A9GCtl99Eg74D/V7gVee2eDK3tIqPksIWzi2hqD3cK0zTFp9Bl7g2','Student','','2015-10-15 12:10:20','2015-10-15 12:10:20'),('2014-04-02713','Onesmo','Raymond','Mroki','','$2y$10$fQOmWlGNlMZtaE..JESsReOyUaonXJvHZkT4ranVeR7vx6yIF672O','Student','','2015-10-15 12:10:01','2015-10-15 12:10:01'),('2014-04-02714','Eugen','','Gasper','','$2y$10$jWsAcoNXQ/4OLdtjXa1y2uLOOborb0HD7.xIRn7ii2TArOSB.475e','Student','','2015-10-15 12:09:03','2015-10-15 12:09:03'),('2014-04-02715','Revocutus','','Pius','','$2y$10$eHX4suNzLB3eY0vFyo2WK.byrfqbCtYfTls.Kt2aZZO8LuKQRYI9u','Student','','2015-10-15 12:10:09','2015-10-15 12:10:09'),('2014-04-02716','Wilfridius','','Kasiringi','','$2y$10$xP.FKt8HsgUjHJF4sxTo4OuWWdlXIN6JGeRbO7L1EQYTYjaFNuKhq','Student','','2015-10-15 12:10:28','2015-10-15 12:10:28'),('2014-04-02717','Jamal','Shaban','Mfinanga','','$2y$10$E0M5Q9M7.UYoUdbYpK1NMuCo8aejsi3mTr.QFIqb7I.tvvoGQE0Oy','Student','','2015-10-15 12:09:27','2015-10-15 12:09:27'),('2014-04-02718','Justine','Tunzo','Emmanuel','','$2y$10$xxOBwsFrcM3EeeJZjgVsb.V0OrWy6OAJMQREO6fdOuUwLLp4lZjfC','Student','','2015-10-15 12:09:38','2015-10-15 12:09:38'),('2014-04-02719','Fredrick','Mrimi','Thomas','','$2y$10$wRBP8t3BhHjb8n2NRc4.6uqGuSexugvTd7IKcNyrKruEb0pTb1XxO','Student','','2015-10-15 12:09:10','2015-10-15 12:09:10'),('2014-04-02720','Betson','','Wilson','','$2y$10$vGgbKOH0.FMloW46MuWLQOHb4iyoOa3dlhit3bziB7EfaAJArZAyC','Student','','2015-10-15 12:08:40','2015-10-15 12:08:40'),('2014-04-02721','Omary','','Ally','','$2y$10$F7RodCfKCXR65fs8SRbBBu4V3p07z.GzikTp.8wVxmKRV605C/2sW','Student','','2015-10-15 12:10:01','2015-10-15 12:10:01'),('2014-04-02722','Samwel','','Ngwale','','$2y$10$MpTGIp8VCcHFv6.r5EThP.cg6MHf97nqNpETL.ZeydRlt27.CZfje','Student','','2015-10-15 12:10:16','2015-10-15 12:10:16'),('2014-04-02723','Patrick','Steven','Chacha','','$2y$10$EbL2ZN3MrEwzykT5PRn1hu.rJKMWE0cNgRdzlWURIqXbotFKrjYv2','Student','','2015-10-15 12:10:02','2015-10-15 12:10:02'),('2014-04-02724','Alex','Paul','Chambika','','$2y$10$Jw6axVSrpxb3ElQolRypJegR6afk6TISpjWjXcDbjEEbzlD4QjZV6','Student','','2015-10-15 12:08:27','2015-10-15 12:08:27'),('2014-04-02725','Alphonce','A','Mvile','','$2y$10$K80hEz9fml8g.pMHhs4YjeLttO/vkbRnV/Rqj6H6K5eo7p7cOezxK','Student','','2015-10-15 12:08:29','2015-10-15 12:08:29'),('2014-04-02726','Emmanuel','Mathembo','Menas','','$2y$10$00Pu8nS0xgyXdUtgAthmP.n7tRmDzSGfUKJT2L1JBwCZXYrRR75ke','Student','','2015-10-15 12:09:00','2015-10-15 12:09:00'),('2014-04-02727','Timothy','David','Sawe','','$2y$10$cvsi09/sYY402dzQiYyUWeXm5OaG8ZSjhAAksvMohhuPRrUGFZihe','Student','','2015-10-15 12:10:25','2015-10-15 12:10:25'),('2014-04-02728','Norbert','','Evarist','','$2y$10$oFI5J3aRPCI9sNRfCBhDNOrLOciTH8ZS/scDf1DHNNig8YoT1SrAm','Student','','2015-10-15 12:09:59','2015-10-15 12:09:59'),('2014-04-02729','Salum','Abdul','Rwanda','','$2y$10$obDHVoz6y4OHRLypAMR0g.kk6nQNmJXh9zj.xwG66uGi7E9mNtUTe','Student','','2015-10-15 12:10:14','2015-10-15 12:10:14'),('2014-04-02730','Catherine','Dismas','Mrema','','$2y$10$kLw8XGP7I.sEjZV3NAiQtuJZ29qwl.n7gkNEy7dH9AtsBjBqIFmCO','Student','','2015-10-15 12:08:43','2015-10-15 12:08:43'),('2014-04-02731','Jovin','Paul','Mkama','','$2y$10$M69Jck0.pRD1loeRIx2YkOJTZpjzAqbvrBibqw2FHsuA8/Qe80cI6','Student','','2015-10-15 12:09:35','2015-10-15 12:09:35'),('2014-04-02732','Stanley','Christian','Kisani','','$2y$10$JmsF1bmAgXznY.jUbP.8z.Ev4si.yaGaWR3aHBVGhTi2T5c.nH/Le','Student','','2015-10-15 12:10:21','2015-10-15 12:10:21'),('2014-04-02733','Daniel','Harold','Msuya','','$2y$10$km.zA2KK7cfNcEUVDWyMn.xpqQSUszumjg9cZCvLY9bfe2ZA2HFFq','Student','','2015-10-15 12:08:48','2015-10-15 12:08:48'),('2014-04-02734','Abel','Lusapa','Daud','','$2y$10$c0yt3manwCHdDHcFCxLJcOEmanlPjbNcTYy8auyN.nOikKG7GuOMC','Student','','2015-10-15 12:08:23','2015-10-15 12:08:23'),('2014-04-02735','Faustine','Makomango','Kuzenza','','$2y$10$T/vKrE90ke86WcpUTjXmT.1u8j/K8Tzxr8S4vynxv2tDAKwmCZXO2','Student','','2015-10-15 12:09:06','2015-10-15 12:09:06'),('2014-04-02736','Gudila','Proches','Marick','','$2y$10$fjisl/qvzdrC6C7Ib4TB5unN0Yu8SZQjmaUC141wRSrjRM0/7q4Mq','Student','','2015-10-15 12:09:17','2015-10-15 12:09:17'),('2014-04-02737','Ahmed','Faridi','Ahmed','','$2y$10$pLdQ.Uaa0k4qC6cgtK/na.laYyfT4RYtfw3Vg4EtZ4Y4KIhqRyuji','Student','','2015-10-15 12:08:25','2015-10-15 12:08:25'),('2014-04-02738','Enock','','Simkanga','','$2y$10$1FagkSbps.c72S4ThudfB.IYftULv1DujBrHfxZLVG8CGoCDeUDl6','Student','','2015-10-15 12:09:01','2015-10-15 12:09:01'),('2014-04-02739','Baraka','','Ally','','$2y$10$OZoZjID3BC9sALFKYXrlfuGzN.WwaIaKJF5CPty7oxrsMnQ7RduJe','Student','','2015-10-15 12:08:37','2015-10-15 12:08:37'),('2014-04-02740','Hassan','','Sapi','','$2y$10$R9G7W0DY.EAly/W.JsTrgOrIxfD4E3FChBc6TVu2H53vaUGHhL80C','Student','','2015-10-15 12:09:19','2015-10-15 12:09:19'),('2014-04-02741','Gloria','Leonard','Mero','','$2y$10$xcGXZ/vZMS4ShoFuzsSLaO.3DEiKVeHm0jsZvK74Oxvl8mnXPqF1.','Student','','2015-10-15 12:09:15','2015-10-15 12:09:15'),('2014-04-02742','Joseph','Mumba','Raphael','','$2y$10$u4/fqpMsoKYyc8eSrUAfve5mZSLO8n8opuVWtwA6wE2sCswPZn9F.','Student','','2015-10-15 12:09:33','2015-10-15 12:09:33'),('2014-04-02744','Mageni','','Joseph','','$2y$10$/zpt8pBRYCYeCcPxRUa0SeSvKx5MNrtO3kWldTVKVGaVWDegz3gG.','Student','','2015-10-15 12:09:44','2015-10-15 12:09:44'),('2014-04-02745','Simon','','Adoughty','','$2y$10$NljPwvz/SemY7HwdI.1dLuiZyrgB7XbrwL.DFO5JZoU9oktvekVhm','Student','','2015-10-15 12:10:20','2015-10-15 12:10:20'),('2014-04-02746','Abdallah','','Abdillah','','$2y$10$zSgQ9.CVFr3DtuH1wKGCQOAHf9DJAucrOJpcJc85bKPyRtspqHC8S','Student','','2015-10-15 12:08:22','2015-10-15 12:08:22'),('2014-04-02747','Abubakary','Yassini','Kowero','','$2y$10$B3L0mbd9y9dwfOIeWQG6FegCRrss5WKdbWi4.GwoIjpdCBIl1tczi','Student','','2015-10-15 12:08:24','2015-10-15 12:08:24'),('2014-04-02748','Timothy','','Mwaisaka','','$2y$10$7RJRL3GY9X7saP/2tAUe3.nZAcm4VLNBvKD5tJ4AjUdnYNIuhg8qO','Student','','2015-10-15 12:10:25','2015-10-15 12:10:25'),('2014-04-02749','Anna','Elias','Mwiru','','$2y$10$drqa0USvDfTiXOnjPOo53e4DSQ8P3vk70LOFYOvK5GdW4zTW7uW/K','Student','','2015-10-15 12:08:33','2015-10-15 12:08:33'),('2014-04-02750','Jesse-justin','Stephen','Mdachi','','$2y$10$8woqBfkbnFZ2LPB676I3J.8dRfgaBP1Jsq5uiRplwKmkq0vb8dOPW','Student','','2015-10-15 12:09:30','2015-10-15 12:09:30'),('2014-04-02751','Maurice','J','Mkude','','$2y$10$wprpvdyl4jupWMnQuOWCse1s.GgOFB6C7v7n1rqwjU60GzhT0XwVi','Student','','2015-10-15 12:09:49','2015-10-15 12:09:49'),('2014-04-02752','Kassimu','','Riyami','','$2y$10$9Cw1Ap3TcDwoDfagdDJZS.O8BhAydfq.bZOhK0jBWd/pX6bq980xi','Student','','2015-10-15 12:09:39','2015-10-15 12:09:39'),('2014-04-02753','Nancy','Victor','David','','$2y$10$OjN7UEeumr0uKSNgeBHFa.RR0r4d5KkOJ8aDhRv.BhB28tGpMHQWG','Student','','2015-10-15 12:09:57','2015-10-15 12:09:57'),('2014-04-02754','Richard','Daniel','Juma','','$2y$10$cfcRokGliFV9DBqUqCZ9a./kbsmDLhdlbWYiKhbiSwxFE3NR8qN9O','Student','','2015-10-15 12:10:10','2015-10-15 12:10:10'),('2014-04-02755','Amour','Ramadhan','Amour','','$2y$10$f7h8QEL0pWqHWAyt09fQE.cVyc6HQ9pU4nT0Caf5LDIvzTBCVfNse','Student','','2015-10-15 12:08:31','2015-10-15 12:08:31'),('2014-04-02756','Joshua','Japhet','Bagomwa','','$2y$10$BLjm1vh9HXWB5ZEwwrJZyuEh6bZ8pmAnj42WjcpeYJOo1qX3sBKrq','Student','','2015-10-15 12:09:35','2015-10-15 12:09:35'),('2014-04-02757','Janeth','Yohana','Mhagama','','$2y$10$96N7GV0TFFz.4hr8Y5WG3.NwOyAqds/.4kG0FnSIjX0AbJl4xmIBC','Student','','2015-10-15 12:09:29','2015-10-15 12:09:29'),('2014-04-02758','Raymond','','Chacha','','$2y$10$7goX4N9qrnqtE7ZibJy1weFi2URXtKIbONvvqPARLNfZXVs9bcclG','Student','','2015-10-15 12:10:08','2015-10-15 12:10:08'),('2014-04-02759','Benjamin','Valerian','Wandela','','$2y$10$.5eQhGpxVhJWgwjQjvG.TOSd/4NLuZXzjPcHaSCeD4nI9uEvv4EMy','Student','','2015-10-15 12:08:39','2015-10-15 12:08:39'),('2014-04-02760','Hamisi','Ally','Madikah','','$2y$10$IylZwvtJAKM7vLQMcyjs0e9K53WWeHHGUfYpGF6k5k2s12bseOTu.','Student','','2015-10-15 12:09:18','2015-10-15 12:09:18'),('2014-04-02761','Johnson','Jovin','Rwegerera','','$2y$10$8mO1rNv4bxACWieVXT9SO.5EsxVpim1zDPQLotEPJKwjbdV/vDb.i','Student','','2015-10-15 12:09:31','2015-10-15 12:09:31'),('2014-04-02762','Gabriel','Prosper','Mashalo','','$2y$10$oqIONSfeAjt.rvUp93r4juvaojA3PnYNIfs/un1.xtDdpl2jpt5wC','Student','','2015-10-15 12:09:11','2015-10-15 12:09:11'),('2014-04-02763','Shanyangi','','Daud','','$2y$10$Quh5Nbs0psQV4Ql9XWTX8uUXLJN2OR3HJUpxhAkOJU7g2KFd9RsaK','Student','','2015-10-15 12:10:19','2015-10-15 12:10:19'),('2014-04-02764','Salama','','Ngoya','','$2y$10$wGz2wCDJsibNjYYsIYsaKe6YS074HiI0leUcmhWA48Hvn9oSf45J6','Student','','2015-10-15 12:10:13','2015-10-15 12:10:13'),('2014-04-02765','Jerrold','John','Gwaseko','','$2y$10$RmlkIXU.ZCTeWQm7LlBfGOJsqD05gS9GWJ4WTNIr5E0cCiZUlYlZ2','Student','','2015-10-15 12:09:30','2015-10-15 12:09:30'),('2014-04-02766','Ng\'ambo','Jumanne','Matondo','','$2y$10$hro5WZqoQ05RuVDjT.1No.q1FSxzYKIXueu5iT2zxVZNtyw76kHs6','Student','','2015-10-15 12:09:58','2015-10-15 12:09:58'),('2014-04-02767','Godfrey','','Justus','','$2y$10$/BkpTeTex98jWRflohlZne/W2YqKBC0zQEH9itnMn1urtfJlgsL82','Student','','2015-10-15 12:09:15','2015-10-15 12:09:15'),('2014-04-02768','Masoud','','Abeid','','$2y$10$uVO5GQcnEcMiWmZzTfOADulNqfajy6.R9pOr/lMhHVV1R3x09ehjW','Student','','2015-10-15 12:09:48','2015-10-15 12:09:48'),('2014-04-02769','Agness','Charles','Mdoe','','$2y$10$Ni3c/0KGjO.CDAAGMwloqe.8awaF1dB6ljBMnidzbsvls6evmQpAu','Student','','2015-10-15 12:08:24','2015-10-15 12:08:24'),('2014-04-02770','Aisha','Rashid','Sleiman','','$2y$10$tYFJcaCAs8fpUlCwmganguFzsG45JISJm8Y.PVoIH4vPgR6jS5Bym','Student','','2015-10-15 12:08:26','2015-10-15 12:08:26'),('2014-04-02771','Aisha','','Abdulaziz','','$2y$10$GXmqUNQKTyQvxgTXYzNy2.dMlEgWK1knaVF1.zADN7w4KpDPajygC','Student','','2015-10-15 12:08:26','2015-10-15 12:08:26'),('2014-04-02772','Alex','Aris','Mzanda','','$2y$10$PYJtkEMmt1ukxvrLaxU0h.QErxzztNNU/45f939Y9WwUlsXlCX8PO','Student','','2015-10-15 12:08:27','2015-10-15 12:08:27'),('2014-04-02773','Ally','Saidi','Omari','','$2y$10$mfbSjuEevzkYQfxmKRQHDevZ5Dm7NTkpnzRsc.PzsFXJ/onN1HTD6','Student','','2015-10-15 12:08:29','2015-10-15 12:08:29'),('2014-04-02774','Amaly','Mohammed','Salum','','$2y$10$Wpgv1CRrF7rQHsRNZ7.vDOx5vofv8OojJwvd6ppcVs/VbY5Jmr5.6','Student','','2015-10-15 12:08:29','2015-10-15 12:08:29'),('2014-04-02775','Aneth','','Nemes','','$2y$10$jnhAWZKFNRITiU85H3rxqeWwyJtLG2.NJuGE8eXoqoizUU/zI/RJm','Student','','2015-10-15 12:08:32','2015-10-15 12:08:32'),('2014-04-02776','Brian','Jude','Mndeme','','$2y$10$hegq00lv3qYdL5Nq9ga.JulexcAzkqWwbtKB5fj8zwwveAqtOzeqW','Student','','2015-10-15 12:08:41','2015-10-15 12:08:41'),('2014-04-02777','Antony','','Emmanuel','','$2y$10$apTQ.gRNl4.UGmXWhMoS5.yvmexpdN/h4zi2NuMflYdl14aDaUp4K','Student','','2015-10-15 12:08:34','2015-10-15 12:08:34'),('2014-04-02778','Azizi','','Ally','','$2y$10$uvMS53rcy5MI22FL931h1uMY3eYdgOuWYHw04pCRYl7/M3/KvzShe','Student','','2015-10-15 12:08:36','2015-10-15 12:08:36'),('2014-04-02780','Baraka','','Frank','','$2y$10$3FXAOFlx5EQHpMrxjI6jOOBS03N9Wo/qu86ja.pZaN0gbk1Yo1Him','Student','','2015-10-15 12:08:37','2015-10-15 12:08:37'),('2014-04-02781','Beatrice','Mkumbo','Charles','','$2y$10$6Yforrp2Opu6CttzoWDgLuWBGSzyC2CllpP.3UIA.2QndKb9orKda','Student','','2015-10-15 12:08:38','2015-10-15 12:08:38'),('2014-04-02782','Benetius','','Benedict','','$2y$10$RltOkudZvj/Lk2OrQhRE0uRWO8Ko1PGpwsPZgFV9bPRBcBbjfD8Ta','Student','','2015-10-15 12:08:39','2015-10-15 12:08:39'),('2014-04-02783','Bruno','','Chatanda','','$2y$10$zeHo4Ib6g1we.5IIHX6ItOiHo2yYO5qUzz3Q9Jci7MbmR6tX52Prm','Student','','2015-10-15 12:08:41','2015-10-15 12:08:41'),('2014-04-02784','Catherine','','Charles','','$2y$10$jtrNaSoejypAtU1GxWyzWOxVdlpNL7JsBwxRB6gyq1ENxYseWPWP2','Student','','2015-10-15 12:08:42','2015-10-15 12:08:42'),('2014-04-02785','Clinton','Onesmo','Simime','','$2y$10$6s/EkmAvZsQOZi7/jFkExezdH9CFYWfwp82BbmloAKinhxvRM5h2y','Student','','2015-10-15 12:08:45','2015-10-15 12:08:45'),('2014-04-02786','Damari','Sarah','Maisha','','$2y$10$BZtnpYG.BoLlsK2LSbYDs.iigy5O7N/gLr24A823gHtPbkyQp8xvy','Student','','2015-10-15 12:08:47','2015-10-15 12:08:47'),('2014-04-02787','Daniel','Samwel','Lobaya','','$2y$10$6GOmYI1oIUyoXJPohEdltu5MSK5gGVVIX6e94XDHyHAEaPqSEj7Pu','Student','','2015-10-15 12:08:48','2015-10-15 12:08:48'),('2014-04-02788','Dativa','Valentine','Chuwa','','$2y$10$PXDyKcmXpwc.R8LEAIN4EeSIEU3plMHBcQ2Ivf9rU9trXASJRPh3C','Student','','2015-10-15 12:08:48','2015-10-15 12:08:48'),('2014-04-02789','Daudi','Shalali','Kajilo','','$2y$10$5vN5XPeZxYX1ylrpNK4BmOiR6xkwNd7Dwg6UzJaAMzWOo71xakc8G','Student','','2015-10-15 12:08:49','2015-10-15 12:08:49'),('2014-04-02790','Deogratius','Machupa','Japhet','','$2y$10$w0UXgxGTADkgkt14FoNnV.rl20PvrOsL1T1Nx594sypvkauWmTvsu','Student','','2015-10-15 12:08:52','2015-10-15 12:08:52'),('2014-04-02791','Edgar','Vitus','Mlowe','','$2y$10$sC2FRqfvXfos3aH80n3nUepfLTFkx68iieDXMX1MgFa2aiNE59rkO','Student','','2015-10-15 12:08:55','2015-10-15 12:08:55'),('2014-04-02792','Edson','Willfred','Mushi','','$2y$10$KzoZDInc4WuiFX1UL8HvHexuBz0T9R5QzN5RyxiK0n/9LPdmJAd5K','Student','','2015-10-15 12:08:56','2015-10-15 12:08:56'),('2014-04-02793','Edwin','','Isidory','','$2y$10$Yfm31H09rdJe8aaoP3xXguRHlnmO/mqaiVwH83aM3lmIrVKcK3J3q','Student','','2015-10-15 12:08:56','2015-10-15 12:08:56'),('2014-04-02794','Emmanuel','','Robert','','$2y$10$MFIl4NxH1q/LihfMVI0vmObCu42izAKpRpiq7huaJ5SwwuEeH1B0K','Student','','2015-10-15 12:08:59','2015-10-15 12:08:59'),('2014-04-02795','Emmanuel','','Manyhnela','','$2y$10$BFR2cS8X2k4rtsppSuYYvOF2eqgGMME7dsWI6GIGuuovNkSWE1Jh2','Student','','2015-10-15 12:08:59','2015-10-15 12:08:59'),('2014-04-02796','Ester','Yahaya','Msumi','','$2y$10$3/JnPo//Z9Of.mukuxgbL.acaj1VuIvh83on/UtXyaTAUd6SdBBtq','Student','','2015-10-15 12:09:02','2015-10-15 12:09:02'),('2014-04-02797','Faith','Martin','Akyoo','','$2y$10$NwYqYePwoDOhwREEW1tv7uOMgX4pDBABIBQUIy0C/XaOEsSPbwZsm','Student','','2015-10-15 12:09:06','2015-10-15 12:09:06'),('2014-04-02798','Festus','Flowin','Mwilenga','','$2y$10$.dCuyohRHWsobCxsaEiPqOGrOIDzty6UQR2wx16CKMHmQVPC6yKJ2','Student','','2015-10-15 12:09:07','2015-10-15 12:09:07'),('2014-04-02799','Francis','Jeremia','Tito','','$2y$10$i.U7RKpU/XwehrzMw3mAceqnVcsy5Hb42GyxuI4PPG5HXCoibAMw.','Student','','2015-10-15 12:09:08','2015-10-15 12:09:08'),('2014-04-02800','Getrude','Arcard','Alphonce','','$2y$10$lAByGt61TkJBVsKOfgUC.ul1xBgYYGi3lQiiXlCzk1.yXOLSv497.','Student','','2015-10-15 12:09:13','2015-10-15 12:09:13'),('2014-04-02801','Godson','','Derick','','$2y$10$pbXZJKt84b5xSK/CImffnOzHh4leV6ISZHvhIZJK3.yC.Z0d60no6','Student','','2015-10-15 12:09:16','2015-10-15 12:09:16'),('2014-04-02802','Haji','M','Kuhanga','','$2y$10$n.xUCQMyO9BfZtVA0wOhUut6Ze6PTZVWfY9ex/DWlfp9lDj/.Bv.6','Student','','2015-10-15 12:09:17','2015-10-15 12:09:17'),('2014-04-02803','Hamisi','','Rajabu','','$2y$10$miEko7ZF2sa7c4LhCY8/QuZ.X./ISIf8TZrSbv8ayosh2cp34jlRW','Student','','2015-10-15 12:09:18','2015-10-15 12:09:18'),('2014-04-02804','Hamphrey','Samson','Kalokola','','$2y$10$8oGU9NVBMJIdlgEh0MrYOOpqXZ9yV7FHYewEqZcEk1o8KZ1fRRW6C','Student','','2015-10-15 12:09:18','2015-10-15 12:09:18'),('2014-04-02805','Heavenlight','Pamphil','Luzinge','','$2y$10$PRhc2HLPfOinWztJyhanquWEzWBcz65eehg3OdUpoLmYu7dqPAA8C','Student','','2015-10-15 12:09:20','2015-10-15 12:09:20'),('2014-04-02806','Honesti','Tarimo','Kristofa','','$2y$10$GTh5LqXbGG24UBeZAm2L5Oy0Tey928qKfDSPhqRSkAiFP6yWqL..S','Student','','2015-10-15 12:09:21','2015-10-15 12:09:21'),('2014-04-02807','Ibrahim','Juma','Wickama','','$2y$10$T2X2SwTndnV1.c.USLa7cuT.5NdWqI19umlSjHd0jnRXI2qwdw2XK','Student','','2015-10-15 12:09:22','2015-10-15 12:09:22'),('2014-04-02808','Ibrahim','Mudabbir','Ibrahim','','$2y$10$KymaTs/2kWskqK7fwRl./us4X5ttNvvz/dqHOUP5zeIQ0NzcvHYvC','Student','','2015-10-15 12:09:22','2015-10-15 12:09:22'),('2014-04-02809','Iddi','Adam','Msangi','','$2y$10$aKnHD3vNbi.imIB2xzYG4O8BNcLR4MtoYdDQt4Wydi0.nxAO2hvZC','Student','','2015-10-15 12:09:23','2015-10-15 12:09:23'),('2014-04-02810','James','','Masolwa','','$2y$10$TQ6VQWwN1/Xa4wGQpFC4jOBR1oOTkuq9w2IiWuBNx.1xtwwdzsYSm','Student','','2015-10-15 12:09:28','2015-10-15 12:09:28'),('2014-04-02811','Japheth','Jonathan','Kashalu','','$2y$10$tZalPGTxNZiXXdpQSFZ20eyANVB6ZOS/LCvGI7mxP8usR4rhjrCBW','Student','','2015-10-15 12:09:29','2015-10-15 12:09:29'),('2014-04-02812','Jephter','John','Saganda','','$2y$10$HwdcsDGBEBWMXQkXoMlYx.oEQTGt3bXIrNFLmOMfDT.tbM3H/vtM2','Student','','2015-10-15 12:09:29','2015-10-15 12:09:29'),('2014-04-02813','Jonathan','Richard','Ishengoma','','$2y$10$ig8L01o12zlXY/ojEPj09eaOrHq7uX2EMWzkRv8RcziTBbfvfdqd.','Student','','2015-10-15 12:09:32','2015-10-15 12:09:32'),('2014-04-02814','Jones','Buberwa','Katabaro','','$2y$10$iAB1ErOFD6vmDKURFGVlre/W/XFFjLPD22XPtuxQBP0Oota81rss6','Student','','2015-10-15 12:09:32','2015-10-15 12:09:32'),('2014-04-02815','Joseph','Beatus','Andrew','','$2y$10$K64OGvyffOr0gX31EMp15eQ3mFo4v.Qhquen7EQUGL2J3T5FiiT5K','Student','','2015-10-15 12:09:33','2015-10-15 12:09:33'),('2014-04-02816','Julieth','Dionise','Damian','','$2y$10$cOXQ5miuslrP9D1FLhhRDeb3hmqa6YA0rTSwR.hZRX9PNXdGqUFA2','Student','','2015-10-15 12:09:36','2015-10-15 12:09:36'),('2014-04-02817','Julius','','Mwakajeba','','$2y$10$GOYl/uoVd/OWd1EcssNlH.HfUunBlWzTXlrCjTe4KguBrAk7Qz6gG','Student','','2015-10-15 12:09:36','2015-10-15 12:09:36'),('2014-04-02818','Laini','','Ally','','$2y$10$KwrRMsdhGx8jYSAMGhTBre7ghgGjrbJ6OFo/t2ccUJUUL/51MHLMK','Student','','2015-10-15 12:09:41','2015-10-15 12:09:41'),('2014-04-02819','Lucian','','Avenus','','$2y$10$uBTDvyNm.m9lTdrHM3J5YeQTQQ5Zjw57q1ov4YEL/uh9YfkxfDa/i','Student','','2015-10-15 12:09:42','2015-10-15 12:09:42'),('2014-04-02820','Lucidy','Kemilembe','Byemelwa','','$2y$10$ycdumjEm5CW6Re5FDT0SdeYDyLoOXWyHZPrv6woS0pWp5W/ItbxnG','Student','','2015-10-15 12:09:43','2015-10-15 12:09:43'),('2014-04-02821','Marco','','Masembo','','$2y$10$RGhMkrWTjW6ogeMDjtK7puI7aSflnO9q/R8Lj4149VYTHcevu.qVC','Student','','2015-10-15 12:09:46','2015-10-15 12:09:46'),('2014-04-02822','Martin','Baraka','Mngulwi','','$2y$10$r..e0yWnYHRgtW6BAngPiuhCbyj6ec2jcm6OfvKiBNkMZGlciF2yq','Student','','2015-10-15 12:09:47','2015-10-15 12:09:47'),('2014-04-02823','Masoud','','Sleyum','','$2y$10$cYy.lCfI4.Fj4M9sQlZtJulRptFVHKYFHsEVpDEHqzBqJ8TaZ.bZ6','Student','','2015-10-15 12:09:48','2015-10-15 12:09:48'),('2014-04-02824','Masuka','Mukungu','Manyasi','','$2y$10$cElePkZEuztqWOL5FewXWu3Jyf.40lcM8XWQqpOjr..8KdmiLKs3.','Student','','2015-10-15 12:09:49','2015-10-15 12:09:49'),('2014-04-02825','Matei','Timothy','Bategereza','','$2y$10$AK9PnybrT00pYVoKO0X2UOeqgURPHkRUh4QB.sx82pGrsqh1QysJi','Student','','2015-10-15 12:09:49','2015-10-15 12:09:49'),('2014-04-02826','Mathew','Theophilo','Kanza','','$2y$10$bdaASMfpSBuDHeGG7BJr4exEHLww3P4.xAsj/K0KMuYz2qrDrVcn2','Student','','2015-10-15 12:09:49','2015-10-15 12:09:49'),('2014-04-02827','Maximilian','','Sanga','','$2y$10$vsZfklKILILSp6VYAF/Frun7Vg5OKOLFDd.E1TkYnm8S3QJ7sBURC','Student','','2015-10-15 12:09:50','2015-10-15 12:09:50'),('2014-04-02829','Miraji','','Issa','','$2y$10$p67tZGctYso7oS.ZaR/KOuxB/MgPS5Vbcukm6fQp2NStc3mkhBDxe','Student','','2015-10-15 12:09:53','2015-10-15 12:09:53'),('2014-04-02830','Monica','Nelson','Maimu','','$2y$10$RuhCGz4wAvMxM.08SnY4huwTVywRsni3BCBcQ3bIFAW6eF3PcrVSi','Student','','2015-10-15 12:09:54','2015-10-15 12:09:54'),('2014-04-02831','Nasekele','','Peter','','$2y$10$Ci2kva.GeqYyJkQ7KoFCCeSYCNpoZg/cv4ODwnl3UeKQ4Wh99lweu','Student','','2015-10-15 12:09:57','2015-10-15 12:09:57'),('2014-04-02832','Ndulu','Andrew','Sonda','','$2y$10$nEKYvQL0Wjvdrya2BZIWKu1JwvJzZkOstrr2VcEgN.h4byXfKEvyO','Student','','2015-10-15 12:09:57','2015-10-15 12:09:57'),('2014-04-02833','Noel','John','Asenga','','$2y$10$Gl5NCIVXKqtmyqoAPGW23.6KY3UPnTUsvtHbmnSJ4nl08D3isgOgG','Student','','2015-10-15 12:09:59','2015-10-15 12:09:59'),('2014-04-02834','Oswald','Gerald','Moshi','','$2y$10$YVendzzI035Q0pcZ7dwOUezmmRtATiTaToaDKO5xzhoMJ3.YEX9Hy','Student','','2015-10-15 12:10:01','2015-10-15 12:10:01'),('2014-04-02835','Paschal','','Jackson','','$2y$10$SbOjUxp27SjhdnWlHMnkrOpIVQdhvEuVEsEei9WdasCgPZxwkTOfC','Student','','2015-10-15 12:10:01','2015-10-15 12:10:01'),('2014-04-02836','Patrick','','Evarest','','$2y$10$ZA98/lL9THh5MmI8Qc9O1.op/pGJPr38m5iyMNXg8zmRcMELCnxXi','Student','','2015-10-15 12:10:02','2015-10-15 12:10:02'),('2014-04-02837','Patrick','','Sanga','','$2y$10$vUNsgegJT6jadsTCg109KOmWyrMerHWJ/3UVPuTA.IM26iAOoBzam','Student','','2015-10-15 12:10:02','2015-10-15 12:10:02'),('2014-04-02838','Pendo','Philemon','Gaitu','','$2y$10$NGT/o/UDVPkutZCOn.mIZOIPvmM7mGHjPstHeon1S8LodXLA9/l8C','Student','','2015-10-15 12:10:03','2015-10-15 12:10:03'),('2014-04-02839','Rahimu','Salumu','Jaza','','$2y$10$ZwmzEiWYfF0ZHyzhEc77J.axVW3Gvg/2lb0olBRBvcgXl4OUxuDzy','Student','','2015-10-15 12:10:06','2015-10-15 12:10:06'),('2014-04-02840','Rehema','Jella','Omary','','$2y$10$664nRkGRwwAa5kJMIwBYzOJTG7wyDpyzm3WZ7INh42b2SCHeBCIOe','Student','','2015-10-15 12:10:09','2015-10-15 12:10:09'),('2014-04-02841','Reuben','Wedson','Mwakalundwa','','$2y$10$On5rvYhitdO2TMdi04r4T.v6wViRlMrQgQrdh3690hLkQhSUiqODu','Student','','2015-10-15 12:10:09','2015-10-15 12:10:09'),('2014-04-02842','Rose','Bernard','Mapunda','','$2y$10$Jtf.H.0Bwx72fWMvfwypbeHZ.xt20Bcx88bCYZCX6YZDfMNlLFz0i','Student','','2015-10-15 12:10:11','2015-10-15 12:10:11'),('2014-04-02843','Saibeth','Paul','Donald','','$2y$10$FZceqNNVVq1BIvO/nqTS2.rv.Z25j0eVc2KABbVMbdPdfsu3Dl0NS','Student','','2015-10-15 12:10:13','2015-10-15 12:10:13'),('2014-04-02844','Said','Ramadhani','Shabani','','$2y$10$OPbiORiG/NwtL7czFIqJd.pF9P1Ym370Ie7SPp8UXmoc1WPNNg9J.','Student','','2015-10-15 12:10:13','2015-10-15 12:10:13'),('2014-04-02845','Samson','Rabson','Munisi','','$2y$10$JTL0F9YzDcN846btUwh5.uopQvcXeg36fk/gsIoNPFymoaVTklIBS','Student','','2015-10-15 12:10:15','2015-10-15 12:10:15'),('2014-04-02847','Selestini','','Kaijage','','$2y$10$IMFjEQTZhZx/iCI9raFfV.nyB8Ol6vizB7atJC9BkAEpSCNFULLb6','Student','','2015-10-15 12:10:18','2015-10-15 12:10:18'),('2014-04-02848','Siliano','Musa','Mwalongo','','$2y$10$SIPnOZ58GnmVYAxoqoCBm..5hvwyYtO6j9V1deNfzw3oj6o2rlSoa','Student','','2015-10-15 12:10:20','2015-10-15 12:10:20'),('2014-04-02849','Simon','Herbert','Tawata','','$2y$10$mIU1xcoAbTe2sU5qtoEGhOS5xiWbfoYdO1pdu/bPwXEuwcGzUKvuC','Student','','2015-10-15 12:10:20','2015-10-15 12:10:20'),('2014-04-02850','Siwatu','Ally','Kondokaya','','$2y$10$4j7MifJBEzZdbNEsdUx0XucPJ7B0uMYcv5OkgNT.DOD7kuIx6QBaa','Student','','2015-10-15 12:10:21','2015-10-15 12:10:21'),('2014-04-02851','Stephen','Medard','Ngailo','','$2y$10$V9rzsvyZM8H2lxWI4PF4c.0twl1nSBQsyaFoShVrAWiWn.BLQL5IG','Student','','2015-10-15 12:10:22','2015-10-15 12:10:22'),('2014-04-02852','Stratus','Adolf','Alto','','$2y$10$Eo6Z9mb.PbhDV0w11YZ8d.lIuzInTKOnZLzk3mRlZbQiPtpcF829e','Student','','2015-10-15 12:10:22','2015-10-15 12:10:22'),('2014-04-02853','Sunday','','Chavala','','$2y$10$M.ieO6qlzebufgWvChaMtutQIeHcpRyE3mqyC1PnhB8NJstGXx/fu','Student','','2015-10-15 12:10:22','2015-10-15 12:10:22'),('2014-04-02854','Teodori','','Faustine','','$2y$10$jRBRYTSVFENzmG51jAVvfe8WL8YMXWqReC/G8fumXJ7Q7Ug78SmQS','Student','','2015-10-15 12:10:23','2015-10-15 12:10:23'),('2014-04-02855','Wilson','David','Kifua','','$2y$10$bDFZStyiIVao8E4eZUZs0uit58cIGwjoKrU8IBYhnRDyMkQSSdZ82','Student','','2015-10-15 12:10:28','2015-10-15 12:10:28'),('2014-04-02856','Witness','','Rugila','','$2y$10$HWV1ZPJxRhHtOdj1WnkD9.DUcmjcUHac0VEYn/lXvYANxrNwpxT16','Student','','2015-10-15 12:10:29','2015-10-15 12:10:29'),('2014-04-02857','George','Samweli','Motta','','$2y$10$N.ILRFdf.8XxZgQDBRn4AOAD9bCErqE3obf5XD8PaTGaDZKpiHRzO','Student','','2015-10-15 12:09:13','2015-10-15 12:09:13'),('2014-04-02858','Michael','Jackson','Malutandala','','$2y$10$/qH2Hubg.e42r6Yi0w15U.3vdGUwY7vXfNvTcgG4V.8Ua517zeEsa','Student','','2015-10-15 12:09:52','2015-10-15 12:09:52'),('2014-04-02859','Livingstone','','Barnabas','','$2y$10$yy1ELROnjWwNc4p3UJhp0esoU0PsEf3mtTWhlKtzg0wddDWiv.Yb6','Student','','2015-10-15 12:09:41','2015-10-15 12:09:41'),('2014-04-02860','Magreth','','Katende','','$2y$10$.R8WKJCtMgnjF6hgc96JnO.cFOrvaA2BtihayHZ7g74HTreedT3Ta','Student','','2015-10-15 12:09:44','2015-10-15 12:09:44'),('2014-04-02861','Isack','Galus','Ouma','','$2y$10$4Nk30K8BvqkLIcktXbWed.Tf1pSAgeAcUPGB7D/j0lPolv/s9G9JG','Student','','2015-10-15 12:09:24','2015-10-15 12:09:24'),('2014-04-02862','George','','Elia','','$2y$10$8aENf0GSb7rnQAAcZXG0FutDaoW6d/Kjqmb3MUNsnqoUzmMLK/OLy','Student','','2015-10-15 12:09:13','2015-10-15 12:09:13'),('2014-04-02863','Sudi','','Omary','','$2y$10$AkozsK8ggOLhK/PUrDtBP.aeEiItwkZo7QK5aqiJBDoFzmHYdO7Be','Student','','2015-10-15 12:10:22','2015-10-15 12:10:22'),('2014-04-02864','Zainabu','','Ally','','$2y$10$b5mF6m0R60OLN0JMQLpXauKUOkk9i2h38n34D0zh6369tIu1wTVCa','Student','','2015-10-15 12:10:31','2015-10-15 12:10:31'),('2014-04-02865','Eva','Peniel','Shuma','','$2y$10$Dcjm8s6.DjZ5dwfCGoUXoutuIf7w3Xb3y9YCGZwZz0kZfj1QYv656','Student','','2015-10-15 12:09:03','2015-10-15 12:09:03'),('2014-04-02866','Arnold','Aloyce','Masanja','','$2y$10$lMzMH/mSOUqFSglwbi0QqeEk/RMboTJ7dytyjPqYvnSZNH8OZezS2','Student','','2015-10-15 12:08:35','2015-10-15 12:08:35'),('2014-04-02867','Isack','Fredrick','Jonas','','$2y$10$znSuFzZ4rvhJuOSWXnzHrOOYA1zlqHwQjO9k5yUzoq3SgZrQ/8DeW','Student','','2015-10-15 12:09:25','2015-10-15 12:09:25'),('2014-04-02868','Ntuli','Kaisi','Kabenga','','$2y$10$avMeZCfeFKpJGQXrsPQt7.z/tFwYfgBLw12RkkEQ7knd/p2yiMzhO','Student','','2015-10-15 12:10:44','2015-10-15 12:10:44'),('2014-04-02869','Ally','Jumanne','Mnyiwe','','$2y$10$LLfnvCtytaIsbaun7Mra5OSTINyyTtA0jDGo0.1x/2V3TT1lQM4iG','Student','','2015-10-15 12:08:29','2015-10-15 12:08:29'),('2014-04-02870','Bakari','','Athumani','','$2y$10$UWhZX7Iy9jLdZHshNFv6FO9txbfaDvBMtoU6VexdW9IcnoWJfzNu6','Student','','2015-10-15 12:08:36','2015-10-15 12:08:36'),('2014-04-02871','Ally','','Mkwanda','','$2y$10$g3mP5lZeLP1XmrRdZpEYrOVtNnz4bfMlwWVXQLvAF67gF//eX.biW','Student','','2015-10-15 12:08:29','2015-10-15 12:08:29'),('2014-04-02872','Anethmaria','P','Kileo','','$2y$10$.FudpEpHlx7OB7mDCpiMZ.S1L5mSGiroG3mF.A7ZLo8LIcosGVyYS','Student','','2015-10-15 12:08:32','2015-10-15 12:08:32'),('2014-04-02873','Ikram','Mohamed Amin','Ismail','','$2y$10$19lg5jkGJcaYewHkWiAGJOg1sq.FHeurbkjC7Fw2iy1H..uHPEya2','Student','','2015-10-15 12:09:24','2015-10-15 12:09:24'),('2014-04-02874','Emmanuel','Abraham','Mwanyamaki','','$2y$10$v5Ig6ZgrT6vDoATL3bc4Nu1WIXj/XRYWmFADxzR8eEFL9CdWHVpSm','Student','','2015-10-15 12:08:59','2015-10-15 12:08:59'),('2014-04-02875','Agrey','','Kagenda','','$2y$10$XNkxB.PG5dwdbly5cNWwZeSf5w3GZY1s9VpajIvnkeXTh..yuH7Iy','Student','','2015-10-15 12:08:25','2015-10-15 12:08:25'),('2014-04-02876','Wilbert','','Msigwa','','$2y$10$xVozwCdPTb5xhFXd3SiE8.C45GMAa.e9bCy5F7YhxdcRxNfuZ.QHO','Student','','2015-10-15 12:10:28','2015-10-15 12:10:28'),('2014-04-02877','Innocent','Bernaro','Shirima','','$2y$10$PxRaUW0dQ4aVdhlMLbglp.R8huBXaKlMHFA3yBK/KfNNDWASH0/Sq','Student','','2015-10-15 12:09:24','2015-10-15 12:09:24'),('2014-04-02878','Hidaya','Athuman','Mhando','','$2y$10$u0F5hYVChuDtJ0WM9qyIl.6Ba3GKGxybQUBtVL6.jMdhFUxGvQz5e','Student','','2015-10-15 12:09:20','2015-10-15 12:09:20'),('2014-04-02879','Evance','','Maronga','','$2y$10$RmecyCV0cqljDctgUPmlSeMy6CAMVyS7E/4qLAwpRIaaBjlakm.NS','Student','','2015-10-15 12:09:04','2015-10-15 12:09:04'),('2014-04-02880','Edgar','E','Kikwilu','','$2y$10$S43Tq1Ykgq7W91hH16LSEeQFilUN3SqhOG.Df3VnGYWQVMpJd81Gi','Student','','2015-10-15 12:08:55','2015-10-15 12:08:55'),('2014-04-02881','Judith','Veran','Matunda','','$2y$10$RxHzY63tiVPjxSTRlVm6cu838OG31Ptj2bycZXrV/dWK/t1dapdgS','Student','','2015-10-15 12:09:36','2015-10-15 12:09:36'),('2014-04-02882','Ismail','Thabit','Katunda','','$2y$10$SuFphro7kY6lwdA9v528N.bpJx.YpoBlZtpbgfO.TSPfACdcY1KRC','Student','','2015-10-15 12:09:25','2015-10-15 12:09:25'),('2014-04-02883','Delphinus','Baraka','Simon','','$2y$10$lO3MO9EltNEkotIehd2UtuuMG/BTkKUWv5x5OY9HdeYWaN4cIqauG','Student','','2015-10-15 12:08:51','2015-10-15 12:08:51'),('2014-04-02884','Simbo','Asante','Ntiro','','$2y$10$weeBHBsYXet4ujMLRKa7rO8GELafmKMPltFETWfz.f1wsSomn/8Cq','Student','','2015-10-15 12:10:20','2015-10-15 12:10:20'),('2014-04-02885','Damali','Paul','James','','$2y$10$5NnKPblMELfek7peDom6oeRd9.o.nj9fbPMrbNUQrJZB3wIcmOuqC','Student','','2015-10-15 12:08:47','2015-10-15 12:08:47'),('2014-04-02886','Emmanuel','P ','Mwamwaja','','$2y$10$uR7eA2zF0BaTDCI58R9zhOGExNdOOmN3ChU5JNgrxszYbqVc50TYK','Student','','2015-10-15 12:08:59','2015-10-15 12:08:59'),('2014-04-02887','Fabian','R','Kibushi','','$2y$10$aQ9w4nkgMklYNthGH0ZzuuRH7yc2tFBtevru31cQnysbSCTEf0/le','Student','','2015-10-15 12:09:05','2015-10-15 12:09:05'),('2014-04-02888','Fokoro','','Justin','','$2y$10$U810r7k3cnYghmZsArfNDuEdjoh2qggnGRtDbWq6pJ/V/JnWmZ8qm','Student','','2015-10-15 12:09:07','2015-10-15 12:09:07'),('2014-04-02889','Frank','Omary','Malilo','','$2y$10$A9JSArwip2Vw7P1ORoemeeKudyqjiz48DvoYPAVPKy3IATDqquim.','Student','','2015-10-15 12:09:09','2015-10-15 12:09:09'),('2014-04-02890','Gambishi','','Bundala','','$2y$10$n6lNW1kjp8Yhf.c2HQ..b.K8JPKBMr/3khibXL8x/6/0Y5SiFx8eW','Student','','2015-10-15 12:09:11','2015-10-15 12:09:11'),('2014-04-02891','Neema','John','Mushi','','$2y$10$IzkiUlELNYmLC7dxS8ih0ujG3KHq.7XiDtyzUbxnTyNp9qyn7nj.i','Student','','2015-10-15 12:09:57','2015-10-15 12:09:57'),('2014-04-02892','Hussein','Idd','Kaholla','','$2y$10$aVrhW6qYYq/osVrAOpylBOgLiczg0Y.RWTMVXF4PnT8heeArIF36m','Student','','2015-10-15 12:09:22','2015-10-15 12:09:22'),('2014-04-02893','Ibrahim','Joseph','Malawa','','$2y$10$W18EQiDk0ZbGtzulyVPCROyfKUUrNDHQsuV90flo6BOd7ABOurHUO','Student','','2015-10-15 12:09:22','2015-10-15 12:09:22'),('2014-04-02894','Ismaili','Issa','Ramadhani','','$2y$10$BCnEgk.7e1S88O6CcTs3UejGJ2WVNKjqjSszv04PeppV5TxTPnf2y','Student','','2015-10-15 12:09:25','2015-10-15 12:09:25'),('2014-04-02895','John','','Damian','','$2y$10$c8fybTt51h1GFNG5sR0uxOJzlJNZ5Yz5hWcgJvzEjtEXQW6fHW/Kq','Student','','2015-10-15 12:09:31','2015-10-15 12:09:31'),('2014-04-02896','Joseph','Peter','Chacha','','$2y$10$MQftoByATj8gx/yndanqhuaIcvIlPa6y2TUty6BdEMqp6dZzKLEF6','Student','','2015-10-15 12:09:33','2015-10-15 12:09:33'),('2014-04-02897','Mahamudu','Ayub','Mohamed','','$2y$10$2.yDpUss9ET/PzUHaMMWCeBpn57QhDd0ycCR4c.cf2m7fq9S7ir6u','Student','','2015-10-15 12:09:44','2015-10-15 12:09:44'),('2014-04-02898','Malagila','Malagila','Hydon','','$2y$10$3UEVcqhduCaQOK9E.7nXKOxR41LWmQJKpg/T.BrMqGuPCv9oCVDk2','Student','','2015-10-15 12:09:45','2015-10-15 12:09:45'),('2014-04-02899','Mandela','','Scalion','','$2y$10$mYDe1FF02TmhpIbG5bUNeOyPNQRT.m13W4dXWbceT4AJuN4XZAPiG','Student','','2015-10-15 12:09:45','2015-10-15 12:09:45'),('2014-04-02900','Masho','Michael','Sanze','','$2y$10$gY8ZXarD9i.wnCl255nGJOrCZHgPIYU1Kn9NtYLJR9N4Ns8RTQMB2','Student','','2015-10-15 12:09:48','2015-10-15 12:09:48'),('2014-04-02901','Mathias','Bakari','Kibhisa','','$2y$10$4GsDTGWnEZOzwfIwX5cLb.iPh8HlOLSE/FsCQpUiR5DMrKT6grFwu','Student','','2015-10-15 12:09:49','2015-10-15 12:09:49'),('2014-04-02902','Melkiory','','Chacha','','$2y$10$guHQQQXQHHz8Vv6GnDO.EuI0YCohQCtiUiQlqD/a87hfd.mF53eLW','Student','','2015-10-15 12:09:51','2015-10-15 12:09:51'),('2014-04-02903','Mgaya','','Ernest','','$2y$10$FWyUIpjpPJXjsOy9msdaveAq0p1kOpdrpP.l8fyD8K/62G2Kp/lhC','Student','','2015-10-15 12:09:51','2015-10-15 12:09:51'),('2014-04-02904','Mpembee','','Kitiku','','$2y$10$Z3cF.sF3LwhrvvOsmRNgK.fH5RgJH9fCsbFvWTrmqhlNS3lIZEpLi','Student','','2015-10-15 12:09:54','2015-10-15 12:09:54'),('2014-04-02905','Rashid','Kivie','Ngau','','$2y$10$rp7GoqJOnpZM7r.cqeRaq.uEOO0oyggPKx1i3r4KvVuxnt.CTmTIC','Student','','2015-10-15 12:10:08','2015-10-15 12:10:08'),('2014-04-02906','Revocatus','Raphael','Mayunga','','$2y$10$DHqoD6cfuF/1R4IqRVsYEu2YjiU1o6EqK/hL0JK9ykwXVMwaz.rNa','Student','','2015-10-15 12:10:09','2015-10-15 12:10:09'),('2014-04-02907','Samwel','Wilfred','Mwazini','','$2y$10$ntIefiqTLoVDjYqNcRE0CeyriNfw4cZUWUd5P5wuXj9kUbgnOAKva','Student','','2015-10-15 12:10:16','2015-10-15 12:10:16'),('2014-04-02908','Sebastian','','Janks','','$2y$10$DfAjcNGl6uVylguXjRqkyO3xhxKLzkFCEjDBCCES8pRlKDtySouf.','Student','','2015-10-15 12:10:18','2015-10-15 12:10:18'),('2014-04-02909','Shukuru','','Cassian','','$2y$10$mvOzq5hDheLk526By4fKyefjiaJTdHb5dIA3vcRW9qI0InQRjoC0K','Student','','2015-10-15 12:10:19','2015-10-15 12:10:19'),('2014-04-02910','Swedi','Said','Abdallah','','$2y$10$1sU5SuF/c.XMaYMMl/Tdsea./xAxcxmYkeVpxltT/6eVxGExYS7M2','Student','','2015-10-15 12:10:23','2015-10-15 12:10:23'),('2014-04-02911','Thomas','Magige','Mwacha','','$2y$10$SENn/YPEj2j2kRDq8QY.tOY7T/fHrbysnyntDRz.9Pln6Ff.KwSKe','Student','','2015-10-15 12:10:24','2015-10-15 12:10:24'),('2014-04-02912','Yusuph','','William','','$2y$10$kaQCKOMx5ERM9utQLY.B6e6iKViGRiPhC7LqLmbDb22cUTF1by8wa','Student','','2015-10-15 12:10:31','2015-10-15 12:10:31'),('2014-04-02913','Abduli','Ally','Mwegeo','','$2y$10$gN60SC9t.gAimSycj9MPJO4H.3NLX7Hnvvi8M1Fa1B1B7pgSJY1rW','Student','','2015-10-15 12:08:23','2015-10-15 12:08:23'),('2014-04-02914','Abubakar','Hussein','Mzee','','$2y$10$/aCZ1.YaeHqTRnpBjCpn/e31eNhYb11sVCIEUks.VT67ILrVEANA2','Student','','2015-10-15 12:08:24','2015-10-15 12:08:24'),('2014-04-02915','Daniel','David','Babere','','$2y$10$9pXR3nKWjvneqFlvBFZpruaCr05G7r4VTjgLOBBVrPxM2s0Xt7Y4O','Student','','2015-10-15 12:08:48','2015-10-15 12:08:48'),('2014-04-02916','Faustine','','Shirima','','$2y$10$VU7SGv.IjBTsgQnsbNL6je01yA6o8dapd/0RndyQn7xn6v0U3Ab3a','Student','','2015-10-15 12:09:07','2015-10-15 12:09:07'),('2014-04-02917','Adam','Rahim','Usanga','','$2y$10$aYZs3krMsR/ibbbFDKnnluI.PSTtVFMe71MkvbCZ03jRKVeiBp46u','Student','','2015-10-15 12:08:24','2015-10-15 12:08:24'),('2014-04-02918','Anatori','','Andrea','','$2y$10$k1zd8F3IzCYz0ACpT9OVHOSNFolTjBAINMOyy0rhs1v9Kuc5uXakS','Student','','2015-10-15 12:08:31','2015-10-15 12:08:31'),('2014-04-02919','Angelina','','Bululu','','$2y$10$i6MDOXG/Z1M./HKmmSqdfu3SNS02Nj.3eg9FdW3jxEABe9XbOHcdW','Student','','2015-10-15 12:08:32','2015-10-15 12:08:32'),('2014-04-02920','Anthony','Agustino','Njige','','$2y$10$FJxPDlvnGdMG8IUFVFjA0OzJyM2eaklwNSf2jC1Zor5.L5S64q9S6','Student','','2015-10-15 12:08:34','2015-10-15 12:08:34'),('2014-04-02921','Arnold','Jacob','Bado','','$2y$10$mqEmeljFqn5pj1Up3y/5keg0Kq10Iwi5yyVusJr2kqHNb0U3YYjwi','Student','','2015-10-15 12:08:35','2015-10-15 12:08:35'),('2014-04-02922','Augustino','','Emanuel','','$2y$10$fXYrF5GLlKZJkDNUqhvQEefKKd5DJZs.wR8WsLiTpvgPWaf8.kuCG','Student','','2015-10-15 12:08:36','2015-10-15 12:08:36'),('2014-04-02924','Charles','','Mhubiri','','$2y$10$zA/31JjXbaitgJ1bkpteIO6/kU.UaRsfBIzOKTb5zF4rHkaYwlXqu','Student','','2015-10-15 12:08:44','2015-10-15 12:08:44'),('2014-04-02925','David','','Michael','','$2y$10$D1dJSbYnLSiLTeCaDlunMOnjUxdC7mpOcKBFoMuQWey5uTO2QI6zG','Student','','2015-10-15 12:08:50','2015-10-15 12:08:50'),('2014-04-02926','David','Pius','Mbwilo','','$2y$10$O/Eb/pjQZdKt1OK3WvThdO5TM2zgSoNhVZ9dKgcGqDzRyUWC/Cw7K','Student','','2015-10-15 12:08:50','2015-10-15 12:08:50'),('2014-04-02927','Davidi','Shirima','Faustin','','$2y$10$x86I1c7NVB5JmSTVeGgneufzyvNaxfnkfpfAMwepPrzQDBkJ6UbfW','Student','','2015-10-15 12:08:50','2015-10-15 12:08:50'),('2014-04-02928','Deogratias','Peter','Amasi','','$2y$10$zVkixQIaTg/N5VhOgCNdn.dnfuJAc.eU4Q4XxAYJAy7/tC0uxAZIm','Student','','2015-10-15 12:08:52','2015-10-15 12:08:52'),('2014-04-02930','Dominic','William','Mahamba','','$2y$10$inlG7Am2TnfgG0hnQkgId.gcHr.q6boCdvI3fGQBncdCCO9vNo4MG','Student','','2015-10-15 12:08:54','2015-10-15 12:08:54'),('2014-04-02931','Elinuru','Elishilia','Sarakikya','','$2y$10$tx5uWCRKEtUtJgwd.CFkYunSXLQ.Xg6aFKXEwTXtOn763kkj5d3ZO','Student','','2015-10-15 12:08:57','2015-10-15 12:08:57'),('2014-04-02932','Emmanuel','','Magessa','','$2y$10$X9KTP54U2fkaJpNHyMjxzerqhjSu.OBnSZI7ILmAk8jz0dLVa7P7u','Student','','2015-10-15 12:09:01','2015-10-15 12:09:01'),('2014-04-02933','Emmanuel','','Sambega','','$2y$10$79Q.mre4rkAxvMZ98PkZveFUhWywT5OUg1hOXQQVW0iHvjN9jJ24K','Student','','2015-10-15 12:09:00','2015-10-15 12:09:00'),('2014-04-02934','Emmanuel','','Paul','','$2y$10$1fHC3xdSnFdaDjcyz4n26u/pUytRuVGA3A5bXcdMtAHpXvPmiNufe','Student','','2015-10-15 12:09:00','2015-10-15 12:09:00'),('2014-04-02935','Emmanuel','','Timoth','','$2y$10$iSaEwLJ9wPG8C27YF0imj.EBNe58bxG/ct7q59ljj0xtocY1no2Ci','Student','','2015-10-15 12:09:00','2015-10-15 12:09:00'),('2014-04-02936','Emmanuel','','Peter','','$2y$10$RbwKrmzrc5RQT8Dlv149puhmtEoJfMunstsMP/nM0hotnndEFCKdS','Student','','2015-10-15 12:09:00','2015-10-15 12:09:00'),('2014-04-02937','Erick','Emanuel','Boniventure','','$2y$10$bQpzCycBhUJZb1vJqIn0Kuew0hJSeNlx/jZAyIYpRh8FOZaPD/6du','Student','','2015-10-15 12:09:02','2015-10-15 12:09:02'),('2014-04-02938','Fatma','Said','Moh\'d','','$2y$10$ziEP81GYHgyZvA8H5mNMCOlTa0XyQPPvi1r6vMEH9WXnGO5EUx6a2','Student','','2015-10-15 12:09:06','2015-10-15 12:09:06'),('2014-04-02939','Flora','Goodluck','Mwamakula','','$2y$10$yzNFvOtdCHy4UAg7AuAteu2exyfKP5gabi8rWiJ31/YWDOrB0m6fO','Student','','2015-10-15 12:09:07','2015-10-15 12:09:07'),('2014-04-02940','Frank','','Ikungeta','','$2y$10$bB2T623Yu1CEq87fvvJjtuts.63svGJnjdRJXly9Qq9sBDdeZWzAW','Student','','2015-10-15 12:09:09','2015-10-15 12:09:09'),('2014-04-02941','Frank','','Thomas','','$2y$10$9xpEPoWbNxvTGgfHz5p0Ce6U9qT5tx8mmtvuhRIaKtVN.3qFgmoUa','Student','','2015-10-15 12:09:09','2015-10-15 12:09:09'),('2014-04-02942','Fredrick','','Mbilinyi','','$2y$10$MMPE.nzbUZ5mGai.3ASH2.Tbu6DtHWuiIQX.lZ7fZEFh43F72PAUq','Student','','2015-10-15 12:09:10','2015-10-15 12:09:10'),('2014-04-02943','Frida','Kawewela','Mgotha','','$2y$10$RMwdiIOhYr.qBOmM.62HXO5Ux85dN0Hko0uoIg7LwBfr7e2TftHDq','Student','','2015-10-15 12:10:55','2015-10-15 12:10:55'),('2014-04-02944','George','Sadi','Gota','','$2y$10$XBDgaFSWSsuBaLDvm2xP4.DKMNHnyMw4yjGMXT0fALloF4kOH3npC','Student','','2015-10-15 12:09:13','2015-10-15 12:09:13'),('2014-04-02945','George','','Herman','','$2y$10$Od4PeLM2lpkPKBAN5Ko14uVsh62SuiB4CbAmmm3yN/9xqNIKtEdRy','Student','','2015-10-15 12:09:13','2015-10-15 12:09:13'),('2014-04-02946','Gift','','Alan','','$2y$10$Om43GvdP/mwpbqpoTx2oxu7MUUcOSKOWOasLvDmFnYQB.rK763h66','Student','','2015-10-15 12:09:14','2015-10-15 12:09:14'),('2014-04-02947','Godfrey','John','Maeda','','$2y$10$BzXYNU4tOG/02truZhk2te6EeJeS3knyuXWIguPKONT9Yl3kJ4POK','Student','','2015-10-15 12:09:16','2015-10-15 12:09:16'),('2014-04-02948','Godfrey','','Mabuba','','$2y$10$9cWiShJMqzjDVfRr8JFhke/GWgrZK1tcaQQXqlhR9Cd1og1U4.d8S','Student','','2015-10-15 12:09:15','2015-10-15 12:09:15'),('2014-04-02949','Gregory','','Pasian','','$2y$10$x.jEb1fDB4DQ6wrhA0Al4um0M7DqxC5hOd5.ysDwFGQ2RvdDJ.Fpa','Student','','2015-10-15 12:10:50','2015-10-15 12:10:50'),('2014-04-02950','Haji','','Abdallah','','$2y$10$Ok/3Qc09qWUhWp4hnx.EYutS2V3S1xRxk6oemTeVCgaZfnxXpC.ze','Student','','2015-10-15 12:09:17','2015-10-15 12:09:17'),('2014-04-02951','Halima','','Fadhili','','$2y$10$5Ds2PzANrzS4bcaVzxpmhOfcyz0ZLpzYbQKqn1OgV9VPkv7yr1bGa','Student','','2015-10-15 12:09:18','2015-10-15 12:09:18'),('2014-04-02952','Haruna','Hussein','Magae','','$2y$10$KqK.Vd7P7uWxPstEqE/zteRH7LohK7U9p7i2di18nF8BjZO3.3gHW','Student','','2015-10-15 12:09:19','2015-10-15 12:09:19'),('2014-04-02953','Helena','Charles','Mwangila','','$2y$10$7v7R4PO2G9xN8RC8ZtuOjONcRPnBcFrGT.QVfIYPePNIzFYFM.9se','Student','','2015-10-15 12:09:20','2015-10-15 12:09:20'),('2014-04-02954','Humphrey','','Stephene','','$2y$10$GLPc0rf5JzzS3bWAxGcG8.3jFT0S1OOzgXkFhnvVdspHMhJZclzqm','Student','','2015-10-15 12:09:21','2015-10-15 12:09:21'),('2014-04-02955','Iddi','Ramadhani','Issa','','$2y$10$4k1imQS.f1Yk3Uvq.Ziu9.f4CfAJigsRWZK2Xg/w1XC5x7RfFYlIW','Student','','2015-10-15 12:09:23','2015-10-15 12:09:23'),('2014-04-02956','Jackson','','Steven','','$2y$10$n6.W18x58YVYhQfSEqs5c.t3F1xdrY.P8YKUjsl9T4XRmi8RKT57C','Student','','2015-10-15 12:09:27','2015-10-15 12:09:27'),('2014-04-02957','James','Daniel','Nyambalya','','$2y$10$2905vFfpEQD2PJg6n2sfJuOFQQpBW/3ai3sjXNXMmTx4oOALwlcKW','Student','','2015-10-15 12:09:28','2015-10-15 12:09:28'),('2014-04-02959','Josephine','Thomas','Njuma','','$2y$10$mtPnAq7yM0ZT.PUj1NKx8OIx32qQvXoDnFLE9YvbKfFS5xiXdgXi.','Student','','2015-10-15 12:09:34','2015-10-15 12:09:34'),('2014-04-02960','Joyce','','Pascal','','$2y$10$thPFua32xhML.n8QkXzECeRYzX/IsS2qbujzXAdaV1W5vk9ifEkWG','Student','','2015-10-15 12:09:35','2015-10-15 12:09:35'),('2014-04-02961','Julias','','Juliano','','$2y$10$jKm6s4kdwrVIj7yPtw.pIe4DO3A1YxYjnlRDat/NIY9m0gEGk2sx2','Student','','2015-10-15 12:09:36','2015-10-15 12:09:36'),('2014-04-02962','Juma','Ngusa','Boniphace','','$2y$10$01ci6olFz5z72vgi5eDRQO9S3a85nAJx1cNZr9Be4lYfR2ofa5UkO','Student','','2015-10-15 12:09:37','2015-10-15 12:09:37'),('2014-04-02963','Juma','','Mangoye','','$2y$10$3/59Te2SQKPA/cQsdWblouAyHiIg/wL02W4AyFxCRmEZ8anEyOY/K','Student','','2015-10-15 12:09:37','2015-10-15 12:09:37'),('2014-04-02964','Kassimu','Hamisi','Nyoka','','$2y$10$HouPQw5EYb/fBxzZiar8Q.xOJZcmif.XH8BuziLHVY58dz7l8JeDi','Student','','2015-10-15 12:09:39','2015-10-15 12:09:39'),('2014-04-02965','Kelly','Ephraim','Masua','','$2y$10$RrfsTcSNLv3cEkS4Ufc3IuKJAVY9Hw.0mwfMo90pYmG31sAtev5I2','Student','','2015-10-15 12:09:39','2015-10-15 12:09:39'),('2014-04-02966','Kija','','Nsulwa','','$2y$10$RQiGBA0J539lZzydEmjhRe73iyqUoV5wCcb6tC4JH2hiAx5tsMHSu','Student','','2015-10-15 12:09:40','2015-10-15 12:09:40'),('2014-04-02967','Lucas','Paul','Mwaipyana','','$2y$10$rcvZNT1O7XFMhwx2j.8QJOqte3kk0OVn5wZP8jtEFdByVsxVBV0QK','Student','','2015-10-15 12:09:42','2015-10-15 12:09:42'),('2014-04-02968','Mahamoud','Athumani','Jongo','','$2y$10$D/AzR6AvAueNxobefBLbLexFIkQ4LFmHbhMRw.e7ClYZL09B.zL9S','Student','','2015-10-15 12:09:44','2015-10-15 12:09:44'),('2014-04-02969','Maisha','Juma','Msengi','','$2y$10$4mD1GCw9P/68S/PIG5TAHugsbm3tkcmvRdroVlSSzHiLQKv4XZ68m','Student','','2015-10-15 12:09:44','2015-10-15 12:09:44'),('2014-04-02970','Mariam','Sudi','Shabani','','$2y$10$obaBZtYedQ8N.WZSzKy0FeGNGRe4NBFi0g9.xLrxcCcaDEtHQUMGm','Student','','2015-10-15 12:09:47','2015-10-15 12:09:47'),('2014-04-02971','Mathias','','Joseph','','$2y$10$ocH7Od0gZV59McWCmiibt.6nEQJCldpQHvNnGBD49oyNlhOGCi2.O','Student','','2015-10-15 12:09:49','2015-10-15 12:09:49'),('2014-04-02972','Mbwana','','Ramadhani','','$2y$10$r5OZrgHiO176R5ATyD9P7O9LFgv1q7h3nN7XbYIV8sv.pME99833S','Student','','2015-10-15 12:09:50','2015-10-15 12:09:50'),('2014-04-02973','Michael','Vales','Mpongo','','$2y$10$Z32V7EDViOkzOmahpxngweFepcMWPZbCQ8Mu3OP3FsNvtmzHSaSNe','Student','','2015-10-15 12:09:52','2015-10-15 12:09:52'),('2014-04-02974','Mohamed','Mashaka','Iddy','','$2y$10$l3sZ62WgZqEqUY0XOanEeukmxI8KIaGdUhvMNx25VpblWFAJQk3Gy','Student','','2015-10-15 12:09:54','2015-10-15 12:09:54'),('2014-04-02975','Mohamed','','Kilindo','','$2y$10$h/zooc8H8Tyk/KDI.EAIHO1n1Y/jmIG0iB5rY7b5TcfOiyJqAME2.','Student','','2015-10-15 12:09:54','2015-10-15 12:09:54'),('2014-04-02976','Nice','Ignas','Mlay','','$2y$10$Jed0Q96orhO174knSIaMB.eICiSZMkfPuDJFDwx2l917W2sPPphoy','Student','','2015-10-15 12:09:58','2015-10-15 12:09:58'),('2014-04-02977','Noel','Godfather','Mfinanga','','$2y$10$JTlLNdMcWXK81p/.zs4hY.2biW0un1PUCgp.Abkct/wmGB5Z.d19a','Student','','2015-10-15 12:09:59','2015-10-15 12:09:59'),('2014-04-02978','Nyagahoza','','Bathlomeo','','$2y$10$e1WLmQxW/IiB7I/T5XE1pupf1Jvu9OkZkJudkK./BOfUkfJwJZ4Vu','Student','','2015-10-15 12:10:00','2015-10-15 12:10:00'),('2014-04-02979','Patrick','Sylvin','Marmo','','$2y$10$NIdUZW/b1gPmJNRVxblhEOvvVUyHU7ndxhFSQRh9JP/NYoHvoWTPW','Student','','2015-10-15 12:10:02','2015-10-15 12:10:02'),('2014-04-02980','Patrick','Osmund','Kinunda','','$2y$10$O0fki9koTIVrHL5LAmISOuXcvelK9YjhlzLJzSe/MaJAmxvGM3bHG','Student','','2015-10-15 12:10:03','2015-10-15 12:10:03'),('2014-04-02982','Petro','','Masele','','$2y$10$QcVtCGy2oPDbjL76xe9F8OWvWJtxAALD3dwPV1j8yi00XZ2ejUkb2','Student','','2015-10-15 12:10:05','2015-10-15 12:10:05'),('2014-04-02983','Primi','','Aloyce','','$2y$10$MT8/o1m3wjiBaFkmBNCUMO3zlJ/iXa1BXX2QqF/MStxyrbg.WSsPS','Student','','2015-10-15 12:10:05','2015-10-15 12:10:05'),('2014-04-02984','Ramadhani','','Boi','','$2y$10$n99LBDTEbUjKsRMKncU1buaRXHSs7IlEp3xo6VR3l/rzzrTCV6icC','Student','','2015-10-15 12:10:07','2015-10-15 12:10:07'),('2014-04-02985','Richard','','Chalema','','$2y$10$r2Ydy.x0dBErznlAR2KOuugoYd5YKbJBvvMa6.GEgF/pSjlqsmHuW','Student','','2015-10-15 12:10:10','2015-10-15 12:10:10'),('2014-04-02986','Ritchie','Save','Raphael','','$2y$10$9ga55LyxdkUAfl8q0k7uTeFkgExHyXAMUw7G8LzBNJew.eY6FOEWu','Student','','2015-10-15 12:10:11','2015-10-15 12:10:11'),('2014-04-02987','Ronald','Julius','Kinkoro','','$2y$10$YkZu40kxFFkTP9EWDtH.jugXVFmRdt9UagHg/E7BLiVTcvQw9rqV6','Student','','2015-10-15 12:10:11','2015-10-15 12:10:11'),('2014-04-02988','Roseline','Anthony','Mkoba','','$2y$10$TC4pG5ap35pQBMKp6MjZ5.LvyizrY1A.6N2EdLjYjcLpaq4G/fFKy','Student','','2015-10-15 12:10:12','2015-10-15 12:10:12'),('2014-04-02989','Rosemary','Benedict','Mburi','','$2y$10$c6GdRLHnQ72Jxs..3ElXxOJTGSv3qzgvoIdW25iZ8bdlGW/sAazEa','Student','','2015-10-15 12:10:12','2015-10-15 12:10:12'),('2014-04-02990','Saidi','','Omary','','$2y$10$.3ZKHH/O0niub33XrRiv.O51mJIuZ.0Hue9BBcjY/jvbm56EwtI/.','Student','','2015-10-15 12:10:13','2015-10-15 12:10:13'),('2014-04-02991','Salumu','','Jabili','','$2y$10$H/qvjU.TJOEUIfEZ0a7TnuA9H9aOXDlP4WbJidQNCpzCqVZ0YVY9O','Student','','2015-10-15 12:10:14','2015-10-15 12:10:14'),('2014-04-02992','Samson','Sospeter','Samson','','$2y$10$ChLzSTqsHFyXKfOSTTX8YetbpTUgiKh5m7DX2YKdp3ocqFomId5XK','Student','','2015-10-15 12:10:15','2015-10-15 12:10:15'),('2014-04-02993','Samuel','Thomas','Joseph','','$2y$10$7THV8vEMJ/orukl4klW2COsCM7VzKtbARfRl6MPkOOTkk1/enlYcm','Student','','2015-10-15 12:10:15','2015-10-15 12:10:15'),('2014-04-02994','Samwel','Nuhu','Chibunu','','$2y$10$hT1ibmRYZOfM3X6mw9MRI.GLWBp1geLLUd7Z16Tj1pgrrrU3wZS3.','Student','','2015-10-15 12:10:17','2015-10-15 12:10:17'),('2014-04-02995','Samwel','R','Macha','','$2y$10$9Olyco5a0tPgpNPAHTHgo.zRgdd4H1AuNY5BzpHN7zVBWqwcIsCWG','Student','','2015-10-15 12:10:16','2015-10-15 12:10:16'),('2014-04-02996','Samwel','','Daud','','$2y$10$0wgp154JlyNINcCl9S5IsOecRbG4HFmoKJoHk/2Qvd4KSJJwm7qZW','Student','','2015-10-15 12:10:17','2015-10-15 12:10:17'),('2014-04-02997','Shaban','Msumi','Mohamed','','$2y$10$EFubavudInvIMrGnBWkbNeVI1/exN247UlKgd58YtkCBobLVbRQNG','Student','','2015-10-15 12:10:19','2015-10-15 12:10:19'),('2014-04-02998','Yahaya','','Abou','','$2y$10$snB82fG83QPJEo4pw3Enw.dhoTBeGGaluAC4jyZDemp2bugWto3d2','Student','','2015-10-15 12:10:29','2015-10-15 12:10:29'),('2014-04-02999','Yusta','','Mtawa','','$2y$10$WmUquMtRAlCugSiFc5rlK.TIr46Hh7oQjP1/He7toZbcZhKJQb4kG','Student','','2015-10-15 12:10:30','2015-10-15 12:10:30'),('2014-04-03000','Zeno','A','Chaula','','$2y$10$1/Tl/RADH3Yu0vZIsOsNOOeNnlsIss6dBDutG/TyqLO6TBdMpbYmO','Student','','2015-10-15 12:10:32','2015-10-15 12:10:32'),('2014-04-03001','Aikaeli','Simon','Moye','','$2y$10$dlFKTuuTxUl2fCUqnGDh4O35Ky2m3VxFXYTTYYnQOsMXZldFtKbZi','Student','','2015-10-15 12:08:26','2015-10-15 12:08:26'),('2014-04-07755','Ally','M','Manyama','','$2y$10$CkihLHyCFPmXq7EyMpx7ZeujUY7HaDQuTSURLka9vnjotJkbTxL1S','Student','','2015-10-15 12:08:28','2015-10-15 12:08:28'),('2014-04-07773','Isaya','E','Ng\'aso','','$2y$10$eVtxhvSC.QogO11PBQx4G.YGyGX1Ymh9AOTC9guIU8joagEUaHsAW','Student','','2015-10-15 12:10:32','2015-10-15 12:10:32'),('2014-04-07786','Hassan','','Laizer','','$2y$10$DbUuJeKw0bT93lXyQ1CF9OEKKyPCk3mBkuaCYmjoP8ANcGJxAdtkC','Student','','2015-10-15 12:10:56','2015-10-15 12:10:56'),('2014-04-07787','Nkwaya','M','Nilla','','$2y$10$2GBAIm0gdtgUuPI8LcYrButFspHGn9oP1jx2BA6lzQJHqFXHXPPNS','Student','','2015-10-15 12:10:45','2015-10-15 12:10:45'),('2014-04-07788','Michael','Godson','Massawe','','$2y$10$fhT4FuA6OioCP8SPzSdDM.M7/elbCa835/aVO0iv7f1Es1rRw7Hvq','Student','','2015-10-15 12:10:33','2015-10-15 12:10:33'),('2014-04-07789','James','Karama','Mfinanga','','$2y$10$UNo5qo7l.NkfRAd1uwa9SOSDUoh5ABTtt01CExLqC1r6.rYxctfrq','Student','','2015-10-15 12:11:15','2015-10-15 12:11:15'),('2014-04-07790','Sylivester','G','Nyarama','','$2y$10$v22JkkN/hSblz.c5rfH2jeR8W/u5ovni7prDxHE2wRRrDiJvpl1ZC','Student','','2015-10-15 12:11:09','2015-10-15 12:11:09'),('2014-04-07791','Samson','Eliudi','Kimambo','','$2y$10$f01mD/9RhnjzPlYifASHdubt.kq8sV4Cz2QrjjClcY4nIPDodnKeO','Student','','2015-10-15 12:11:02','2015-10-15 12:11:02'),('2014-04-07792','Herieth','N ','Mbwayu','','$2y$10$/OodQqDPjbC1cfPuwb9UqeQD4Of9mWnOnOWlwXSYPOhXLJqW3H5pu','Student','','2015-10-15 12:11:12','2015-10-15 12:11:12'),('2014-04-07793','David','S ','Mange','','$2y$10$KFBtB4CspOM.ZxLWJPkzjejHzGJJymeY.Q8it9vob2ggLXcm9lKmq','Student','','2015-10-15 12:11:06','2015-10-15 12:11:06'),('2014-04-08141','Norbert','B','Riziki','','$2y$10$XPO7NVwN0xmXC30g4PweW.bMb2tRSWKyns8YC6yHWyW02nLs/2vOa','Student','','2015-10-15 12:10:00','2015-10-15 12:10:00'),('2014-04-08150','Hajra','Faki','Ali','','$2y$10$aZfuIJ9KxSg5uvgwc9Sjie.dnNa1o.EmRhsw961vp8/SPwCEx7VKa','Student','','2015-10-15 12:09:18','2015-10-15 12:09:18'),('2014-04-08173','Samsson','Teodoro','Matavele','','$2y$10$skUwmz1o.wQuauW2.VyIO.BLpC/qmMxoi6MccTbX20ii0Vb.IFdN2','Student','','2015-10-15 12:10:15','2015-10-15 12:10:15'),('2014-04-08237','Dunstan','Cornel','Mpondo','','$2y$10$6u5QqFs7rAlXNDoNGcEHgeJyjrUgaSqliYzmPYOkZScERIkpZ6TSm','Student','','2015-10-15 12:08:55','2015-10-15 12:08:55'),('2014-04-08247','Castigo','Laimone','Cachimela','','$2y$10$nBGDeIbQUTAbGzM2Yi6iUe.qmLISP.FRM5wtLXbUzDBsWdhEZVVA.','Student','','2015-10-15 12:08:42','2015-10-15 12:08:42'),('2014-04-08258','Oidipace','Charles','Byampanju','','$2y$10$DQy6OKr0PQDEJv1JgJabKOQ6mUkIyCrzGV6i5Vv9/waGhXd343t5m','Student','','2015-10-15 12:10:49','2015-10-15 12:10:49'),('A. A..Chilwan','A. A.','','Chilwan','Mr.','$2y$10$rI8YkBvXJiJo5yos71jGmeEEiB1N3Xrr8IHtH/x5KdjKTJsGDW4du','Instructor','','2015-10-15 12:13:27','2015-10-15 12:13:27'),('A.Mvuma','A','','Mvuma','Dr.','$2y$10$DFBdBFSbaGC4DmJ0A.Q4/e2SlMOjEGXGjs1D2eUDRGCnqHatY7cVC','Instructor','','2015-10-15 12:13:25','2015-10-15 12:13:25'),('Abdi.Abdalla','Abdi','','Abdalla','Mr.','$2y$10$n94.p7/vf7GHXhU/CLnRAun7deVlJ3xwlvRCGj2lmu4p8b4vAEq92','Instructor','','2015-10-15 12:13:26','2015-10-15 12:13:26'),('Abdil.Rashid','Abdil','','Rashid','Mr.','$2y$10$HGW9GqeVYkgUZKlYu3S5SuVGYcUNvftFAACI3UStK7mkfmI7PFPTm','Instructor','','2015-10-15 12:13:30','2015-10-15 12:13:30'),('Admin.Derick.Ruganuza','Derick','M','Ruganuza','Mr.','$2y$10$80lrVqeNWoEklyCzYc263OYllC87E.xp7kmbJNl67Vc6QrhdCYN5u','Administrator','','2015-10-15 12:06:56','2015-11-08 07:36:38'),('Admin.Emiliana.Nyarufunjo','Emiliana','','Ntarufunjo','Ms.','$2y$10$1IztYuqa7jhUU2Dfsc5ypu5LmMboS70KQTUFn4rhyI6gTD1lRHN2C','Administrator','','2015-11-08 07:36:38','2015-11-08 07:36:38'),('Alfred.Mwambela','Alfred','','Mwambela','Dr.','$2y$10$7iqHBpiuHilzgwpKe6Y.9u/c0foIZpCJn5s9Nh0HOGo3UAHk6Ych6','Instructor','','2015-10-15 12:13:25','2015-10-15 12:13:25'),('Angelina.Misso','Angelina','','Misso','Ms.','$2y$10$XHsJix0TVNXlXeQM/Gy3JefVmKWFCfG50uiaNI5H2LUSJ./xcbBn.','Instructor','','2015-10-15 12:13:28','2015-10-15 12:13:28'),('Baraka.Maiseli ','Baraka','','Maiseli ','Mr.','$2y$10$T3/RhDUPkt1BdDVsLsbnGOHNibL3FgiQSiFZY44Ei4jJ2Ijtl725y','Instructor','','2015-10-15 12:13:26','2015-10-15 12:13:26'),('Betty.Mbwilo','Betty','','Mbwilo','Mrs','$2y$10$EMiFqpxwa5K/Iwzb9pmrp.N8RqjQ6oALaVViu1b4Kx1pT3ykIBB3.','Instructor','','2015-10-15 12:13:30','2015-10-15 12:13:30'),('Bwire.Ndazi','Bwire','','Ndazi','Mr.','$2y$10$/Kh1.30xe0TmmcIbW1K.DeDSQYLw35MUbWhfOcIRkb65GJct.GFLa','Instructor','','2015-10-15 12:13:32','2015-10-15 12:13:32'),('C.John','C','','John','Mr.','$2y$10$t1ehdTOLaVvnlJDpjlixsOorQ6jfsURpZjTMuMIngvGnhDLvxST7.','Instructor','','2015-10-15 12:13:26','2015-10-15 12:13:26'),('C.Mwase','C','','Mwase','Ms.','$2y$10$LVEbbdGBdE93OdrmTkZKpe1ZPARqzyZvx/Ei2z6sLxlhRFspx8ZD.','Instructor','','2015-10-15 12:13:26','2015-10-15 12:13:26'),('Daudi.Mnyanghwalo','Daudi','','Mnyanghwalo','Mr.','$2y$10$y6SMxfrfiK/mNDUFlzEoEOSqmSaLJmZM5.38cyPya3HX34Comisau','Instructor','','2015-10-15 12:13:32','2015-10-15 12:13:32'),('Diana.Rwegasira','Diana','','Rwegasira','M/s','$2y$10$WDKpn4Ymx3ueGQ3B2oIPreNphTRPPzFD0Lp5JD37YOlkpymNmEfKu','Instructor','','2015-10-15 12:13:31','2015-10-15 12:13:31'),('Director.Mussa.Mgwatu','Mussa','','Mgwatu','Dr.','$2y$10$y5metmwndCYWb5rInI9PF.FMlTbXZNe.Nx3iaQFX2MDlHuDGnnU1S','QAB Staff','','2015-10-15 12:12:37','2015-10-15 12:12:37'),('Edward.Mhamilawa','Edward','','Mhamilawa','Dr.','$2y$10$3t6E9RS19YJtsYeOE7WrmO71aj6juUfO2Mc8prleQDUWV3gHZQrBe','Instructor','','2015-10-15 12:13:25','2015-10-15 12:13:25'),('Ellen.Kalinga','Ellen','','Kalinga','Dr.','$2y$10$aBwTUdPv7tUnuV9.ddiAIO6xGlHULX3cqt5lVX4Jd4Z/ssrg/WpaW','Instructor','','2015-10-15 12:13:30','2015-10-15 12:13:30'),('Eva.Shayo','Eva','','Shayo','Ms.','$2y$10$mHP7LpPa2Wo6NklsVg/ORO/RZBIP0k1L3dzwB9WShtLW6SGrAQaE.','Instructor','','2015-10-15 12:13:28','2015-10-15 12:13:28'),('Fatuma.Simba','Fatuma','','Simba','Dr.','$2y$10$gBxXoYksgp3sNLjFWXEjPOVkHAZh1IhtE2i/k.9fQXhSLBp7oXcCC','Instructor','','2015-10-15 12:13:31','2015-10-15 12:13:31'),('Fredrick.Ishengoma','Fredrick','','Ishengoma','Mr.','$2y$10$GW4too3UxoK1e06CFnvdN.ssV6OPzBemlxpkRSyIU03rKuFakMsZ6','Instructor','Og9mbqyCsnkr6q9MSqn5HRkfHnUHKdsyEJoByy1fW2mJTNrQJvxaJbGyx5kL','2015-10-15 12:13:29','2015-10-30 13:46:07'),('G.W..Chugulu','G.W.','','Chugulu','Mr.','$2y$10$2msVGvjBQT5boQw5CQgU2uAMkBOsG3ozCYQXCt3wbcaE5uTLO4heu','Instructor','','2015-10-15 12:13:28','2015-10-15 12:13:28'),('Godfrey.Justo','Godfrey','','Justo','Dr.','$2y$10$p9TSxUniTMYX2khDX0pU8.3blXlowGLu0S2E/IG9IL1J3doHArsYO','Instructor','','2015-10-15 12:13:31','2015-10-15 12:13:31'),('Godwin.Gadiel','Godwin','','Gadiel','Mr.','$2y$10$mr4CeBGbgeNB1lH0clH.7O.DrDFi3zu.E3qNP2pF11fbp/m/SzAkC','Instructor','','2015-10-15 12:13:28','2015-10-15 12:13:28'),('Goodluck.Koda','Goodluck','','Koda','Dr.','$2y$10$FgyeJIUrqyAX6WwMo6X2aeH9HBux70YXkKor1ig2zr.BK.yhEL/cK','Instructor','','2015-10-15 12:13:29','2015-10-15 12:13:29'),('H.G..Msuya','H.G.','','Msuya','Ms.','$2y$10$Qz.mtLoZ8WHQ7rJJBkPy1OncrvflUWx34hpTdogzkLvZXPk/F3XGG','Instructor','','2015-10-15 12:13:27','2015-10-15 12:13:27'),('H.Kundaeli','H','','Kundaeli','Prof.','$2y$10$v3OCcDT7/J6gbEVnHFV0c.BP1Qt5S5bBQpOWlgKAqdHJE.Gv6.jK2','Instructor','','2015-10-15 12:13:24','2015-10-15 12:13:24'),('H.R..Mbembati','H.R.','','Mbembati','Ms.','$2y$10$z8ThLddUQKmJjbiz5.tgl.CC6ABwy6hEZpU1dkpc/UCmULlrbmcG.','Instructor','','2015-10-15 12:13:27','2015-10-15 12:13:27'),('Hashim.Iddi','Hashim','','Iddi','Mr.','$2y$10$akrgJnKVXbV6BH2eDZ5J5.RBeSYvo/.ZaCIPS3aCSPF/hJBNfN3xi','Instructor','','2015-10-15 12:13:26','2015-10-15 12:13:26'),('Henry.Kalisti','Henry','','Kalisti','Mr.','$2y$10$4oRUVx.Wt2nC3hSYDxLVfe.UzApekxDFvIeI9ayo3VAkwr27T5w1y','Instructor','','2015-10-15 12:13:32','2015-10-15 12:13:32'),('Henry.Mgombelo','Henry','','Mgombelo','Prof.','$2y$10$tfNeAAUZTEv23Gmru2EPi.nyy7CGBDPSg70rYJTWZuHTKavPvm4UC','Instructor','','2015-10-15 12:13:24','2015-10-15 12:13:24'),('HOD.Bwire.Ndazi','Bwire','','Ndazi','Mr.','$2y$10$LhMMHnk17qW9pHdc3nxwOeOnte05nBWL1kn6mY9Tp6dg5KHzeZjRa','Head of Department','iDX38316yoounLUwGVtxtxonveQQmcJbQzanOmzYpNQSSFJMzqMuLdrCy1Fy','2015-10-15 12:14:42','2015-11-07 20:57:24'),('HOD.Libe.Massawe','Libe','','Massawe','Dr.','$2y$10$lxZxTVVh8YC3chnKTCXnneN.usjy49XfPFrQWb4S6Jea7EcW75VLO','Head of Department','','2015-11-07 20:59:05','2015-11-07 20:59:05'),('HOD.Mercy.Mbise','Mercy','','Mbise','Mrs.','$2y$10$a1irgVRaKppm1axM61IwJeCy3F8eW8KwpzqYbLtXyIbchZmD.4wKK','Head of Department','','2015-10-15 12:14:42','2015-10-15 12:14:42'),('Honest.Kimaro','Honest','','Kimaro','Dr.','$2y$10$lnK0lOOcdXJ6VzfKhh2CDObbtWAPUywkOi7luGBAQMUJP5nNKGpT6','Instructor','','2015-10-15 12:13:29','2015-10-15 12:13:29'),('I.E..Bulugu','I.E.','','Bulugu','Mr.','$2y$10$t8p/2UI9yca15Grz5JooOOUd52MIczhj/CDqUDP9DKzr/DnvzpYRi','Instructor','','2015-10-15 12:13:28','2015-10-15 12:13:28'),('Josephine.Stephen','Josephine','','Stephen','Ms.','$2y$10$w4QcWEdpcvt908b1atL7LeWb4eWcw2OG2wLchsxdfjuDbHqkfdl5O','Instructor','','2015-10-15 12:13:28','2015-10-15 12:13:28'),('Josiah.Nombo','Josiah','','Nombo','Mr.','$2y$10$j/A93UxVlDuF1fDXh.erEuxfeypcsMCT7R8v6SicYU05ElEaLM1b6','Instructor','','2015-10-15 12:13:25','2015-10-15 12:13:25'),('Juma.Lungo','Juma','','Lungo','Dr.','$2y$10$PRPOjUoc0AIYShgo1o.B/./x6BLXpTUEpbgktPf0OLDYZOadUr.fq','Instructor','','2015-10-15 12:13:30','2015-10-15 12:13:30'),('Khadija.Mkocha','Khadija','','Mkocha','Ms.','$2y$10$lIPIF.cPSFK9L4H5iOizfeB9dRGQ5NQTi/E4xsHftshDQ1YGZhkDG','Instructor','','2015-10-15 12:13:27','2015-10-15 12:13:27'),('Kosmas.Kapis','Kosmas','','Kapis','Dr.','$2y$10$NY4nP8mYzLo6gH81vvSZLe3zMVlB.xuanR2vdkUBaE5bGRmsCBD5m','Instructor','SayHZ6neI6S7xosWhhIrgoVwQDjSm7YuG8dSRfVvzJcGoHIO4b5e7imJMGmm','2015-10-15 12:24:57','2015-10-23 16:13:56'),('Kwame.Ibwe','Kwame','','Ibwe','Mr.','$2y$10$De4yYKDy/oDUYlf4zIPg4OzjLc8bgz8Q5ACuUVKynv1up5hOcQB4u','Instructor','','2015-10-15 12:13:25','2015-10-15 12:13:25'),('Leonard .Peter','Leonard ','','Peter','Mr.','$2y$10$d2ruw1Ia8UX4GGAQpgoc2OReN4ymWOi8KmWeO.6WbMI2HlQETHmke','Instructor','','2015-10-15 12:13:31','2015-10-15 12:13:31'),('Libe.Massawe','Libe','','Massawe','Dr.','$2y$10$WfuOwy7.s04HYSKE6apO/.ZZC9vESL7bhYKM/OhAL6pLjV0z83HB2','Instructor','DwLysJLvVZwLZxtotrXrnhLqHjhRtwUs0T9GvX1SLoYVlhKXGwrP992c4O7T','2015-10-15 12:13:24','2015-11-07 20:59:52'),('M.K..Mohamed','M.K.','','Mohamed','Mr.','$2y$10$l4qpKW2xBbfIOBLlytgbz.0yT5l.a15h16oxJmElOo79Vmqca7t2e','Instructor','','2015-10-15 12:13:27','2015-10-15 12:13:27'),('M.Kissaka','M','','Kissaka','Dr.','$2y$10$Bg0tpgz1dsOoUPuepQ7ccu1NF/S/3TH8NJF2Ka3ld1I4ogY.rfI3K','Instructor','','2015-10-15 12:13:24','2015-10-15 12:13:24'),('M.Luhanga','M','','Luhanga','Prof.','$2y$10$xRy8mdAXVX7sNcugQ9fus.tjCuOXUKC.3PpXN2dvK/Y3rR1EdbpQi','Instructor','','2015-10-15 12:13:24','2015-10-15 12:13:24'),('Mahadia.Tunga','Mahadia','','Tunga','Mrs','$2y$10$tleMZ7lrY8EtU6Je22mMcuNZcx08NWQOcnq.f3BcM6pKLxj/SAc9S','Instructor','','2015-10-15 12:13:32','2015-10-15 12:13:32'),('Mercy.Mbise','Mercy','','Mbise','Mrs.','$2y$10$Y1fn9QipOIsBrA779dU/B.xN2tOr7NjveqC3h3YOKOnhn6VhYPQ8q','Instructor','','2015-10-15 12:13:33','2015-10-15 12:13:33'),('Moses.Ismail','Moses','','Ismail','Mr.','$2y$10$ZF0cIsIFUblIxOgisuZk2eMiaZ6Y1unDkA81QVuA70/bkpb87/pju','Instructor','','2015-10-15 12:13:29','2015-10-15 12:13:29'),('Mulembwa.Munaku','Mulembwa','','Munaku','Mr.','$2y$10$gczCefRLDNNXIF8xo/x3WehQEOW0IlYVpZI6mJfYCjZ5t8Z4tKmdm','Instructor','','2015-10-15 12:13:32','2015-10-15 12:13:32'),('Mussa.Mgwatu','Mussa','','Mgwatu','Mr.','$2y$10$zTbrb5ar8w7yphEDcYAE6uPPNY2u1bE16FzsVOIECZsleenL8gFtW','Instructor','','2015-10-15 12:13:32','2015-10-15 12:13:32'),('Nassor.Ally','Nassor','','Ally','Ms.','$2y$10$8cdiU/vBkxO2K9Jtg7r1qOq4RNHvjkeCKU1H3.Kx3/eMgmpKyp/CO','Instructor','','2015-10-15 12:13:28','2015-10-15 12:13:28'),('Ndyetabura.Hamisi','Ndyetabura','','Hamisi','Mr.','$2y$10$csjdWh6VNBQJdLNeoZE.wO.q7C5Eq0fhCEcA39uQthW5Q4jz.kU/i','Instructor','','2015-10-15 12:13:30','2015-10-15 12:13:30'),('Nerey.Mvungi','Nerey','','Mvungi','Prof.','$2y$10$c.R4MC/mRogs2JiEvBUyDeLtcajwMa1LjH76wTBQJ0AvANuzuuHH2','Instructor','','2015-10-15 12:13:29','2015-10-15 12:13:29'),('Omar.Hamad','Omar','','Hamad','Dr.','$2y$10$8vsxzo15LPFM3sOyRoUUdeygqvKryopxCWOuluQw1IPKOEnhZj0cu','Instructor','','2015-10-15 12:13:25','2015-10-15 12:13:25'),('Prosper.Mafole','Prosper','','Mafole','Mr.','$2y$10$/jKujuo5MC7t06M0iRwJs.m8uNGD0CRiyQOlM/9ARLe/pOsQ/deGG','Instructor','','2015-10-15 12:13:27','2015-10-15 12:13:27'),('Salome.Maro','Salome','','Maro','Miss','$2y$10$iGJmmJoqgsb7KBBiGtdN0.QwvX5/r4.bkVybccNFifqf80GmZpshS','Instructor','','2015-10-15 12:13:32','2015-10-15 12:13:32'),('Shililiandum. Naiman','Shililiandum','',' Naiman','Mr.','$2y$10$nG7eXC2Dx5j9VgI59FgnQeXHuabU64yELMYiJAKACo04UsKFdGEB6','Instructor','','2015-10-15 12:13:26','2015-10-15 12:13:26'),('Twahir.Kiobya','Twahir','','Kiobya','Mr.','$2y$10$/Bg7ZlzolZx2YLutfG3waut0VJX0omjudHgmYkd145VIV7tpv0Qc6','Instructor','','2015-10-15 12:13:31','2015-10-15 12:13:31'),('Wilfred.Senyoni','Wilfred','','Senyoni','Mr.','$2y$10$Ni6NFSHzSyJTacZQVfjKt.Pi48SaEZM9TfZDPuV5c0peA3VguZ86S','Instructor','','2015-10-15 12:13:30','2015-10-15 12:13:30'),('Yona.Andegelile','Yona','','Andegelile','Mr.','$2y$10$iisRaHjs9ZSdNv2DnC/BK.b.F/aKd5m2bOFDwXKaIesPetM0.G.eW','Instructor','','2015-10-15 12:13:29','2015-10-15 12:13:29');
/*!40000 ALTER TABLE `users` ENABLE KEYS */;
UNLOCK TABLES;

--
-- Table structure for table `venue`
--

DROP TABLE IF EXISTS `venue`;
/*!40101 SET @saved_cs_client     = @@character_set_client */;
/*!40101 SET character_set_client = utf8 */;
CREATE TABLE `venue` (
  `id` int(10) unsigned NOT NULL AUTO_INCREMENT,
  `venue_name` varchar(255) COLLATE utf8_unicode_ci NOT NULL,
  `created_at` timestamp NOT NULL DEFAULT '0000-00-00 00:00:00',
  `updated_at` timestamp NOT NULL DEFAULT '0000-00-00 00:00:00',
  PRIMARY KEY (`id`)
) ENGINE=InnoDB AUTO_INCREMENT=4 DEFAULT CHARSET=utf8 COLLATE=utf8_unicode_ci;
/*!40101 SET character_set_client = @saved_cs_client */;

--
-- Dumping data for table `venue`
--

LOCK TABLES `venue` WRITE;
/*!40000 ALTER TABLE `venue` DISABLE KEYS */;
INSERT INTO `venue` VALUES (1,'TCLAB','2015-10-15 12:06:56','2015-10-15 12:06:56'),(2,'Mwalimu Nyerere Theater One','2015-10-15 12:11:50','2015-10-15 12:11:50'),(3,'Mwalimu Nyerere Theater Two','2015-10-15 12:11:50','2015-10-15 12:11:50');
/*!40000 ALTER TABLE `venue` ENABLE KEYS */;
UNLOCK TABLES;

--
-- Table structure for table `venue_course_placement`
--

DROP TABLE IF EXISTS `venue_course_placement`;
/*!40101 SET @saved_cs_client     = @@character_set_client */;
/*!40101 SET character_set_client = utf8 */;
CREATE TABLE `venue_course_placement` (
  `id` int(10) unsigned NOT NULL AUTO_INCREMENT,
  `venue_id` int(10) unsigned NOT NULL,
  `assignment_id` int(10) unsigned NOT NULL,
  `created_at` timestamp NOT NULL DEFAULT '0000-00-00 00:00:00',
  `updated_at` timestamp NOT NULL DEFAULT '0000-00-00 00:00:00',
  PRIMARY KEY (`id`),
  UNIQUE KEY `venue_course_placement_venue_id_assignment_id_unique` (`venue_id`,`assignment_id`),
  KEY `venue_course_placement_assignment_id_foreign` (`assignment_id`),
  CONSTRAINT `venue_course_placement_assignment_id_foreign` FOREIGN KEY (`assignment_id`) REFERENCES `lecturer_course_assignment` (`id`) ON DELETE CASCADE ON UPDATE CASCADE,
  CONSTRAINT `venue_course_placement_venue_id_foreign` FOREIGN KEY (`venue_id`) REFERENCES `venue` (`id`) ON DELETE CASCADE ON UPDATE CASCADE
) ENGINE=InnoDB AUTO_INCREMENT=5 DEFAULT CHARSET=utf8 COLLATE=utf8_unicode_ci;
/*!40101 SET character_set_client = @saved_cs_client */;

--
-- Dumping data for table `venue_course_placement`
--

LOCK TABLES `venue_course_placement` WRITE;
/*!40000 ALTER TABLE `venue_course_placement` DISABLE KEYS */;
INSERT INTO `venue_course_placement` VALUES (1,2,2,'0000-00-00 00:00:00','0000-00-00 00:00:00'),(2,1,2,'0000-00-00 00:00:00','0000-00-00 00:00:00'),(3,3,2,'0000-00-00 00:00:00','0000-00-00 00:00:00'),(4,1,1,'0000-00-00 00:00:00','0000-00-00 00:00:00');
/*!40000 ALTER TABLE `venue_course_placement` ENABLE KEYS */;
UNLOCK TABLES;
/*!40103 SET TIME_ZONE=@OLD_TIME_ZONE */;

/*!40101 SET SQL_MODE=@OLD_SQL_MODE */;
/*!40014 SET FOREIGN_KEY_CHECKS=@OLD_FOREIGN_KEY_CHECKS */;
/*!40014 SET UNIQUE_CHECKS=@OLD_UNIQUE_CHECKS */;
/*!40101 SET CHARACTER_SET_CLIENT=@OLD_CHARACTER_SET_CLIENT */;
/*!40101 SET CHARACTER_SET_RESULTS=@OLD_CHARACTER_SET_RESULTS */;
/*!40101 SET COLLATION_CONNECTION=@OLD_COLLATION_CONNECTION */;
/*!40111 SET SQL_NOTES=@OLD_SQL_NOTES */;

-- Dump completed on 2015-11-09 11:17:23
